Num_Acc;jour;mois;an;hrmn;lum;dep;com;agg;int;atm;col;adr;lat;long
202100000001;30;11;2021;07:32;2;30;30319;1;1;1;1;CD 981;44,0389580000;4,3480220000
202100000006;23;11;2021;11:10;1;68;68004;2;3;1;2;Rue Charles Edouard Amiot;47,6142390000;7,2343360000
202100000038;2;9;2021;11:00;1;71;71540;2;1;1;2;Route des Perraudins;46,7668890000;4,4566240000
202100000051;9;11;2021;23:30;5;31;31555;2;9;1;3;SQUARE DE L HERACLES;43,6074900000;1,4281200000
202100000070;4;11;2021;17:31;1;60;60057;2;1;1;3;Rue du Pont dâArcole;49,4262285502;2,0853413343
202100000071;14;10;2021;17:10;1;60;60057;2;1;1;1;Rue Alphonse Dupont;49,4186200000;2,0834300000
202100000101;21;10;2021;16:00;1;90;90071;1;1;7;6;voie verte;47,6010200000;7,0063270000
202100000107;1;11;2021;16:24;2;84;84080;2;4;1;1;chemin saint gens;44,0350580851;5,0246668082
202100000108;6;11;2021;22:25;5;987;98736;2;3;1;6;ANTHONY BAMBRIDGE (RUE); -17,5397800000; -149,5450200000
202100000136;25;5;2021;15:55;1;31;31555;2;1;1;3;BILLIERES (AV ETIENNE) DU 1AU 78;43,5969171534;1,4261841774
202100000162;12;11;2021;12:07;1;91;91471;2;1;1;3;CHARLES DE GAULLE (RUE);48,7020770000;2,1905530000
202100000175;30;6;2021;08:30;1;11;11294;1;1;1;7;D626;43,0585800000;2,0439080000
202100000179;9;11;2021;16:45;1;33;33063;2;6;1;3;Rue de Canolle;44,8267700000; -0,6013200000
202100000180;21;10;2021;08:15;2;33;33069;2;1;1;2;Rue Ferdinand Buisson;44,8627300000; -0,5846200000
202100000181;29;10;2021;18:00;2;73;73241;2;3;7;1;Chemin des Moulins;45,6149750000;6,3191020000
202100000191;30;11;2021;13:42;1;75;75119;2;2;8;3;AVENUE DE LAUMIERE;48,8846000000;2,3796500000
202100000195;20;12;2021;07:01;2;74;74229;2;8;1;3;D15;46,2248290000;6,3017860000
202100000201;30;11;2021;09:45;1;61;61001;2;6;2;3;CLAUDE BERNARD (RUE );48,4365200000;0,1049600000
202100000203;18;10;2021;15:37;1;88;88213;1;1;1;7;Col du Las;48,3397780000;7,0583940000
202100000204;5;10;2021;14:20;1;88;88445;2;6;1;3;Giratoire RD415;48,2373580000;6,9520710000
202100000217;14;7;2021;19:30;1;61;61159;1;1;1;7;;48,6538460000;0,4104350000
202100000218;24;7;2021;16:20;1;61;61001;2;6;2;3;;48,4343330000;0,0935580000
202100000221;30;8;2021;11:25;1;59;59160;2;1;1;3;DEPORTES (RUE DES);50,4129921000;3,6625550000
202100000226;4;6;2021;11:30;1;73;73065;2;3;8;3;Avenue MarÃ©chal Leclerc;45,5703281257;5,9167166719
202100000228;17;11;2021;17:01;2;36;36044;2;2;1;5;;46,8095700000;1,6701700000
202100000249;14;5;2021;12:21;1;78;78172;1;1;2;2;BRETELLE ACCES RD203/RN184 ;49,0020710000;2,0815830000
202100000250;21;10;2021;17:55;1;69;69386;2;1;1;2;CREQUI (DE) (R);45,7761264739;4,8446971178
202100000251;8;10;2021;09:50;1;69;69386;2;1;1;6;MARECHAL LYAUTEY (PL);45,7677673652;4,8423796892
202100000274;18;9;2021;20:33;2;38;38544;2;3;1;3;VIADUC(RUE DU);45,5334100000;4,8738200000
202100000285;9;9;2021;07:45;1;69;69383;2;2;8;3;CREQUI (DE) (R);45,7532410000;4,8490000000
202100000293;12;11;2021;20:25;5;69;69383;2;2;1;3;GAMBETTA (CR);45,7562700000;4,8403700000
202100000294;13;11;2021;16:30;2;69;69386;2;1;1;3;JULES FERRY (PL);45,7670000000;4,8590000000
202100000307;22;6;2021;14:50;1;36;36044;2;6;1;3;deschizeau;46,8103200000;1,6870300000
202100000308;12;7;2021;20:05;1;13;13054;2;9;1;6;DEPARTEMENTALE 48 (ROUTE );43,4050800000;5,2231800000
202100000311;8;7;2021;09:30;1;13;13019;2;6;1;3;ROUTE DâAPT;43,4651100000;5,3536000000
202100000322;1;4;2021;18:30;1;33;33063;2;7;-1;3;Place Paul Doumer;44,8515900000; -0,5740400000
202100000334;28;8;2021;21:00;5;38;38382;1;8;1;6;Rue de l'Industrie;45,2207770000;5,6814511000
202100000344;27;12;2021;14:10;1;33;33063;2;2;8;3;Avenue d'ArÃ¨s;44,8364600000; -0,6011900000
202100000349;27;10;2021;11:15;1;75;75108;2;3;1;3;BOULEVARD MALESHERBES;48,8804910000;2,3129920000
202100000353;10;11;2021;17:00;1;87;87085;2;1;1;6;FOUGERAS (RUE DE);45,8695800000;1,2977500000
202100000354;24;10;2021;12:52;1;87;87085;2;1;1;3;FRACHON ( ave Benoit);45,8532800000;1,2958800000
202100000358;27;10;2021;17:50;1;35;35093;2;2;1;1;MANOIR (AVENUE DU);48,6240600000; -2,0337500000
202100000365;25;1;2021;10:10;1;13;13054;2;2;1;3;JEAN MONNET (RUE );43,4029000000;5,2164800000
202100000371;25;10;2021;14:34;1;65;65417;2;6;1;3;Rue Edouard Dallas;43,2237680000;0,0941080000
202100000377;8;5;2021;16:30;1;33;33044;1;1;1;6;RD140;44,7686850000; -0,1721330000
202100000383;25;10;2021;17:30;1;74;74256;2;1;1;6;43 Route de la Provence;45,9394831000;6,6262520000
202100000385;11;10;2021;14:25;1;74;74010;2;2;1;3;LYCEE (BOULEVARD DU)(BROGNY A PARMELAN);45,9058728408;6,1291070580
202100000442;28;9;2021;12:00;1;38;38511;1;1;1;1;route dÃ©partemantale 29;45,3528241000;5,9611990000
202100000451;5;10;2021;16:30;1;973;97309;1;1;1;2;Route de la Matourienne;4,8770930000; -52,2978560000
202100000456;8;11;2021;17:00;1;45;45298;2;1;1;3;EUROPE (PONT DE L'EUROPE);47,8933600000;1,8762500000
202100000465;28;7;2021;13:35;1;19;19031;2;1;1;2;MALECROIX (RUE DE);45,1512100000;1,5491700000
202100000470;9;11;2021;11:40;1;66;66136;2;6;1;3;BALEARES ROND POINT ET CITE DES;42,6884800000;2,8950200000
202100000478;3;5;2021;18:35;1;19;19031;2;6;1;3;MONTEIL (ROND-POINT ANDRE);45,1478379568;1,4897847174
202100000494;17;10;2021;21:25;4;76;76351;2;2;1;3;VERDUN (RUE DE);49,5013935778;0,1500253379
202100000495;16;10;2021;19:30;5;76;76351;2;1;1;1;LAFAYETTE ( COURS);49,4917610000;0,1252000000
202100000509;13;11;2021;17:00;1;37;37122;2;6;2;3;CHANTEPIE (RUE DE);47,3503784806;0,6562600230
202100000511;24;6;2021;05:00;5;13;13208;2;6;1;1;MENDES FRANCE (AVENUE);43,2546200000;5,3764400000
202100000518;18;4;2021;17:50;1;13;13047;2;6;1;2;RAYMOND FILIPPI AVENUE;43,5057400000;4,9845900000
202100000520;31;12;2021;16:43;1;87;87085;2;1;1;7;FRACHON ( ave Benoit);45,8561400000;1,2918400000
202100000550;1;4;2021;07:45;2;57;57289;2;9;1;7;Rue de la solitude;49,0549269000;7,0353568000
202100000552;13;6;2021;17:33;1;73;73008;2;2;7;3;D1201 Av Franklin Roosevelt;45,7059400000;5,9106600000
202100000555;8;11;2021;13:36;1;10;10387;2;2;1;3;QUATORZE JUILLET (RUE DU);48,2943000000;4,0783000000
202100000559;9;11;2021;12:40;1;65;65440;1;6;1;3;PAU (ROND POINT DE);43,2377220000;0,0418490000
202100000561;8;11;2021;19:48;5;56;56121;2;3;8;3;JENNER (RUE EDWARD);47,7514100000; -3,3708400000
202100000564;10;11;2021;16:15;1;49;49246;2;6;1;3;PERDRIAU;47,4394000000; -0,4860000000
202100000577;8;11;2021;13:55;1;10;10387;2;3;1;3;JEAN NESMY (RUE);48,2922000000;4,0861700000
202100000583;13;11;2021;01:00;3;974;97416;1;1;1;6;RN03; -21,3018500000;55,5019800000
202100000586;4;12;2021;09:35;1;78;78466;1;6;1;3;Route de Quarante Sous.;48,9239440000;1,9954720000
202100000593;8;11;2021;15:27;1;54;54395;2;2;1;3;REPUBLIQUE (RUE DE LA);48,6822242291;6,1779042612
202100000594;8;11;2021;11:25;1;37;37261;2;1;1;7;GRAMMONT (AVENUE DE);47,3785431072;0,6936589639
202100000619;31;12;2021;14:40;1;73;73008;2;6;1;3;D1201 Boulevard MarÃ©chal de Lattre de Tassigny;45,6944490006;5,9004671732
202100000625;28;12;2021;16:45;2;38;38193;2;6;2;3;Boulevard de l Arbonnas;45,6157670000;5,2257160000
202100000660;31;12;2021;15:00;1;91;91458;1;1;1;2;CD 35;48,6645930000;2,2136810000
202100000669;31;12;2021;11:50;1;68;68007;1;1;1;2;Rd 415;48,0589940000;7,4290320000
202100000706;29;12;2021;18:14;1;09;09181;1;1;1;2;Lieu dit Le Bole;43,0870180000;1,3721710000
202100000780;31;12;2021;10:07;1;75;75119;2;2;1;3;AVENUE CORENTIN CARIOU;48,8981940000;2,3860090000
202100000854;30;12;2021;05:00;5;69;69264;2;1;2;7;VERMOREL VICTOR (BD);45,9855705454;4,7133842111
202100000868;30;12;2021;12:15;1;27;27306;2;6;1;3;GUILLAUMET (RUE);49,0038240000;1,1769340000
202100000888;30;12;2021;07:05;5;75;75120;2;1;1;6;RUE DES PYRENEES;48,8696120000;2,3947990000
202100000940;30;12;2021;17:00;1;71;71512;2;1;1;3;route de chalon;46,6358876566;4,8710922884
202100000945;30;12;2021;16:45;2;22;22173;1;1;1;1;La Longueraie Planguenoual;48,5431608637; -2,6066163174
202100000962;21;9;2021;14:25;1;29;29232;1;1;1;7;D785 - Route de Pont L'Abbe;47,9783870000; -4,1289730000
202100000978;28;12;2021;13:15;1;80;80021;2;1;6;6;SAINT PIERRE (CHAUSSEE);49,9034600000;2,3063700000
202100000979;27;12;2021;16:10;1;80;80724;2;1;1;3;JEAN CATELAS (RUE);49,8609200000;2,2398800000
202100000983;18;12;2021;14:00;1;77;77169;2;3;1;3;SILENCIEUSE (RUE);48,8076000000;2,6207300000
202100001005;28;12;2021;19:45;5;53;53130;2;2;1;3;HEULOT ( RUE DU COLONEL );48,0653100000; -0,7549400000
202100001019;28;12;2021;12:24;1;35;35238;2;1;1;3;Rue EugÃ¨ne Pottier;48,1032700000; -1,7113000000
202100001032;29;12;2021;05:45;2;27;27229;2;1;2;3;DUPONT DE L'EURE (PLACE);49,0299700000;1,1534500000
202100001048;29;12;2021;07:50;2;02;02738;2;2;1;3;GAMBETTA (BOULEVARD);49,6537900000;3,2921100000
202100001057;29;12;2021;07:36;5;75;75119;2;3;2;3;RUE DE THIONVILLE;48,8875760000;2,3803290000
202100001063;28;12;2021;19:52;5;75;75110;2;2;1;3;RUE LA FAYETTE;48,8813300000;2,3647220000
202100001100;29;12;2021;11:00;1;80;80368;2;1;3;7;32 Rue Henri Barbusse;50,0885560000;1,5471790000
202100001107;30;12;2021;10:25;1;50;50619;2;3;2;6;Rue de l Eglise;49,6211820000; -1,3606580000
202100001122;30;12;2021;16:40;1;16;16232;1;1;1;2;D699;45,6772440000;0,2658710000
202100001165;27;12;2021;07:10;5;86;86157;1;6;2;3;N147;46,5531250000;0,3999980000
202100001167;24;11;2021;16:40;1;78;78646;2;1;1;6;PARIS (AVENUE DE);48,7992650000;2,1407820000
202100001178;25;12;2021;16:41;1;66;66136;2;3;1;3;MASSOT (PAUL);42,6963000000;2,8836000000
202100001181;24;12;2021;17:14;2;60;60159;1;1;8;3;Rd 973;49,4028900000;2,8506100000
202100001213;27;12;2021;17:40;5;94;94037;2;9;2;3;RASPAIL (AV);48,8142200000;2,3495050000
202100001241;27;12;2021;17:45;5;91;91156;2;1;1;3;Route d Arpajon;48,5505780000;2,2774480000
202100001242;29;12;2021;14:30;1;13;13014;2;3;1;3;Avenue Joliot Curie;43,4812510000;5,1761360000
202100001280;26;12;2021;18:55;5;73;73008;2;6;2;3;D991 GRAND PORT (RONDEAU) AVENUE DU;45,6994300000;5,9042800000
202100001293;26;12;2021;20:40;5;75;75115;2;2;2;3;AVENUE EMILE ZOLA;48,8467590000;2,2856470000
202100001330;27;12;2021;11:30;1;987;98729;2;1;1;3;PK2.6; -17,4782950000; -149,7790520000
202100001331;27;12;2021;10:45;1;987;98729;2;3;1;3;PK0.20 TEMAE; -17,4949440000; -149,7632750000
202100001366;23;12;2021;19:40;5;91;91103;2;9;1;3;IMP EDOUARD BRANLY;48,6033200000;2,3064800000
202100001379;25;12;2021;15:40;1;75;75120;2;1;2;3;AVENUE GAMBETTA;48,8631620000;2,3885830000
202100001414;27;12;2021;08:03;2;49;49323;1;6;1;2;D323;47,4974300000; -0,4929900000
202100001453;23;12;2021;15:10;1;81;81033;2;4;1;1;MALROUX (AV. AUGUSTIN);44,0270500000;2,1286300000
202100001466;23;12;2021;11:21;1;49;49246;2;1;1;3;VILLESICARD;47,4453600000; -0,5268900000
202100001495;24;12;2021;18:40;5;75;75115;2;4;2;7;RUE CORBON;48,8356130000;2,3027780000
202100001503;19;12;2021;16:10;1;75;75102;2;4;1;3;BOULEVARD MONTMARTRE;48,8717220000;2,3416200000
202100001521;26;12;2021;10:00;1;65;65278;1;1;1;6;RD14 - PK 2 + 100;43,0452290000;0,3006430000
202100001573;23;12;2021;11:00;1;69;69383;2;1;1;3;PART DIEU (DE LA) (R);45,7596800000;4,8495000000
202100001591;23;12;2021;07:55;2;64;64140;2;1;1;3;Rue du 11 Novembre;43,5286800000; -1,4793900000
202100001599;23;12;2021;18:45;5;37;37261;2;1;1;3;CHEVALLIER (RUE AUGUSTE);47,3752429267;0,6789884716
202100001607;23;12;2021;19:35;5;27;27229;2;3;1;3;MONOD (RUE JACQUES);49,0217166232;1,1816073151
202100001615;22;12;2021;15:55;1;09;09225;2;1;1;3;RIJOLE AVENUE DE LA;43,1213900000;1,6212100000
202100001627;23;12;2021;08:30;1;75;75101;2;2;1;6;RUE DE RIVOLI;48,8600750000;2,3434030000
202100001694;22;12;2021;09:50;1;69;69387;2;2;1;3;GUILLOTIERE (DE LA) (GR);45,7518314492;4,8469984531
202100001706;22;12;2021;14:15;1;64;64129;2;1;1;3;Route de Bayonne;43,2988800000; -0,3903700000
202100001736;22;12;2021;19:30;5;03;03098;2;2;1;3;4 Avenue du 4 Septembre;46,3542180000;2,6143140000
202100001746;22;12;2021;12:20;1;75;75112;2;2;1;3;AVENUE DAUMESNIL;48,8442760000;2,3815810000
202100001749;22;12;2021;18:15;5;75;75108;2;1;1;6;AVENUE DES CHAMPS ELYSEES;48,8709430000;2,3039810000
202100001757;22;12;2021;17:00;2;93;93055;2;3;1;1;JEAN JAURES (AVENUE) (76/128);48,9058500000;2,3946400000
202100001777;23;12;2021;15:50;1;12;12177;1;1;1;3;Le Pont de Palmas cd 45;44,3953390000;2,8348700000
202100001784;24;12;2021;13:50;1;29;29195;2;3;1;3;Kreis Ker;48,6195700000; -4,5543690000
202100001817;22;12;2021;14:10;1;60;60367;1;1;9;3;D923;49,2609850000;1,9090460000
202100001845;21;12;2021;07:45;2;83;83137;2;2;1;3;BARROIS (RUE DU DOCTEUR);43,1301200000;5,9479800000
202100001846;18;12;2021;11:35;1;83;83141;2;9;1;1;PEICAL(ROUTE DU);43,4909840000;6,4971200000
202100001856;21;12;2021;08:05;1;67;67482;2;1;1;3;LIVIO (RUE);48,5529900000;7,7395300000
202100001868;21;12;2021;09:00;1;54;54482;2;3;1;3;ALEXANDRE 1ER (RUE);48,7008100000;6,2019600000
202100001887;21;12;2021;08:50;1;27;27229;2;9;1;3;HARDENCOURT (RUE D');49,0219300000;1,1706900000
202100001889;16;12;2021;10:30;1;17;17306;2;2;1;3;HEDDE (AVENUE DANIEL);45,6319600000; -1,0317800000
202100001895;21;12;2021;11:00;1;13;13075;2;6;1;2;LIBERATION (AVE DE LA);43,3440000000;5,4590000000
202100001910;21;12;2021;09:05;1;94;94046;2;2;1;3;Avenue Georges ClÃ©menceau;48,8134500000;2,4436600000
202100001984;21;12;2021;11:40;1;988;98818;2;3;1;3;VE1 BRETTELLE D'INSERTION/RUE JACQUES IEKAWE; -22,2240200000;166,4810400000
202100001995;20;12;2021;06:45;5;69;69286;2;1;2;3;COMBATTANTS EN AFN 1952-1962 (DES) (AV);45,8165000000;4,8926000000
202100002007;17;12;2021;13:20;1;67;67482;2;2;1;1;BERNE (RUE DE);48,5775100000;7,7547800000
202100002010;20;12;2021;14:00;1;64;64102;2;1;1;2;Giratoire des Pontots;43,4883000000; -1,4907600000
202100002020;17;12;2021;14:25;1;56;56121;2;2;1;3;MERVILLE (RUE  JEAN DE );47,7451100000; -3,3746300000
202100002023;18;12;2021;15:12;1;45;45068;2;1;1;1;Rue Saint-Just;48,0077700000;2,7200400000
202100002036;18;12;2021;15:59;1;05;05061;2;6;1;2;Bernard GIVAUDAN (Avenue) D900B;44,5434200000;6,0649170000
202100002046;20;12;2021;13:45;1;75;75111;2;4;1;3;BOULEVARD VOLTAIRE;48,8623830000;2,3725280000
202100002048;20;12;2021;09:56;1;75;75107;2;4;1;6;BOULEVARD DE LA TOUR MAUBOURG;48,8563380000;2,3098190000
202100002052;19;12;2021;16:40;1;94;94002;2;2;1;3;EMILE ZOLA (R);48,7982500000;2,4207900000
202100002062;22;12;2021;15:30;1;71;71498;1;1;1;2;D981;46,6197110000;4,6818490000
202100002070;21;12;2021;16:07;1;32;32107;2;1;1;6;Avenue d Aquitaine;43,9594050000;0,3677680000
202100002094;21;12;2021;17:30;2;49;49292;1;2;1;1;D106 Lieu Dit le Petit Beauvais ST AUBIN DE LUIGNE106;47,3328680000; -0,6534130000
202100002109;22;12;2021;10:55;1;59;59212;2;3;1;3;Rue de Lille;50,6434090000;2,7298640000
202100002126;19;12;2021;14:00;1;91;91312;2;3;8;3;BELLEVUE (RUE DE);48,7383660000;2,2339410000
202100002134;19;12;2021;16:00;2;59;59350;2;3;8;6;NATIONALE RUE NÂ°2 - 178B-1 - 171;50,6352400000;3,0581800000
202100002177;21;12;2021;14:10;1;80;80205;1;1;1;2;D3;50,0019820000;2,0349250000
202100002192;21;12;2021;07:55;2;64;64213;2;2;1;1;D918;43,3407780000; -1,4433610000
202100002197;20;12;2021;12:35;1;24;24189;1;2;1;3;Le Lardot (Ruisseau);44,8692950000;0,1862900000
202100002237;18;12;2021;09:50;1;64;64445;2;9;1;3;AllÃ©e Catherine de Bourbon;43,3189763542; -0,3599672019
202100002251;18;12;2021;19:40;5;31;31555;2;1;1;3;MINIMES (AV DES) DU 1AU 178;43,6186431033;1,4364563674
202100002265;18;12;2021;12:45;1;75;75119;2;3;1;3;BOULEVARD DE LA VILLETTE;48,8743820000;2,3745010000
202100002293;18;12;2021;11:20;1;92;92012;2;2;1;3;LONGS PRES (RUE DES);48,8314800000;2,2469400000
202100002317;17;12;2021;15:45;1;60;60129;2;2;1;2;D598;49,5153860000;3,0201880000
202100002328;19;12;2021;09:50;1;66;66088;2;6;1;2;Rue du Riberal;42,6777555974;2,6329207420
202100002362;17;12;2021;15:50;1;69;69388;2;1;1;3;PROFESSEUR BEAUVISAGE (DU) (R);45,7281419100;4,8636804521
202100002368;17;12;2021;09:00;1;69;69385;2;1;1;3;ROMAIN ROLLAND (Q);45,7611500000;4,8285600000
202100002379;17;12;2021;12:40;1;91;91223;2;2;1;1;SAINT JACQUES (RUE);48,4332800000;2,1552400000
202100002397;17;12;2021;09:10;1;64;64102;2;1;8;7;Avenue Capitaine Resplandy;43,4849900000; -1,4592600000
202100002405;17;10;2021;19:07;3;57;57487;1;1;1;3;RD 157B;49,0996700000;6,1162800000
202100002419;17;12;2021;19:00;5;35;35238;2;3;1;1;MONSIEUR VINCENT;48,0925254567; -1,6509854794
202100002454;17;12;2021;16:30;5;75;75109;2;3;1;3;BOULEVARD DE CLICHY;48,8829760000;2,3348600000
202100002455;17;12;2021;09:30;1;75;75117;2;2;8;3;AVENUE DE VILLIERS;48,8832750000;2,3072510000
202100002461;17;12;2021;09:02;1;75;75114;2;2;1;6;AVENUE DAVID WEILL;48,8212090000;2,3342990000
202100002463;17;12;2021;11:23;1;75;75113;2;7;1;2;BOULEVARD DE L HOPITAL;48,8318870000;2,3558490000
202100002464;17;12;2021;10:58;1;75;75113;2;7;1;3;AVENUE D ITALIE;48,8309640000;2,3559420000
202100002467;17;12;2021;16:10;1;75;75111;2;2;1;3;RUE SAINT MAUR;48,8630580000;2,3793030000
202100002476;17;12;2021;06:50;5;94;94002;2;4;1;3;Quai de la RÃ©volution;48,7785500000;2,4172500000
202100002486;19;12;2021;12:05;1;54;54108;1;2;5;3;RD 112;48,5812066815;6,2672710420
202100002510;18;12;2021;17:05;2;29;29206;2;3;1;1;Rue de Croazou;48,6188982102; -4,1994300485
202100002517;18;12;2021;16:35;1;72;72054;1;1;1;2;Les Bruyeres;48,0025830000;0,3315640000
202100002519;19;12;2021;14:00;1;45;45195;2;1;8;1;3 Route d Escrennes;48,1048160000;2,1931460000
202100002524;18;12;2021;16:35;1;85;85160;2;1;1;2;5 Rue de la Merlerie;46,5922580000; -1,3975920000
202100002549;19;12;2021;02:30;3;80;80576;1;1;5;2;RD 154;49,7279470000;2,9589270000
202100002566;16;12;2021;18:50;5;988;98818;2;4;1;3;PROMENADE PIERRE VERNIER; -22,3090500000;166,4517700000
202100002579;16;12;2021;07:30;5;69;69382;2;4;2;1;JEAN MOULIN (Q);45,7659500000;4,8380900000
202100002580;15;12;2021;12:25;1;69;69381;2;3;1;6;CROIX ROUSSE (DE LA) (BD);45,7729661139;4,8213833570
202100002585;16;12;2021;18:15;5;91;91477;2;1;1;1;GRANDE CEINTURE (BOULEVARD);48,7211500000;2,2513800000
202100002597;14;12;2021;11:50;1;72;72003;2;1;1;3;ALLONNES PONT ROUGE (RTE D');47,9741000000;0,1590600000
202100002601;15;12;2021;14:25;1;67;67447;2;3;1;3;CHASSEURS (RUE DES);48,6028500000;7,7475200000
202100002605;15;12;2021;07:20;5;62;62224;2;1;2;2;DOCTEUR CHAUVAUX (RUE DU);50,5336200000;2,5646460000
202100002607;16;12;2021;17:05;1;56;56260;2;1;1;3;ROOSEVELT(AVENUE);47,6590000000; -2,7689000000
202100002610;16;12;2021;12:35;1;45;45147;2;2;1;3;FOSSES (RUE DES FOSSES);47,9274911037;1,9248819351
202100002614;15;12;2021;18:25;5;44;44114;2;1;1;2;AVENUE DE LA PAQUELAIS;47,2472300000; -1,6022100000
202100002617;16;12;2021;12:50;1;37;37261;2;1;1;3;FRANCE (PLACE ANATOLE);47,3966661311;0,6860688329
202100002621;16;12;2021;08:15;1;31;31555;2;9;7;3;NARBONNE (ROUTE DE);43,5717600000;1,4536600000
202100002646;16;12;2021;11:25;1;75;75114;2;3;1;7;RUE PERNETY;48,8331980000;2,3193320000
202100002649;16;12;2021;00:10;5;75;75111;2;1;1;3;BOULEVARD VOLTAIRE;48,8513100000;2,3910150000
202100002665;13;12;2021;19:45;5;92;92044;2;1;1;2;CAMILLE PELLETAN(RUE)17 + ET 14+;48,8958850000;2,2899620000
202100002683;18;12;2021;15:15;2;70;70433;2;6;1;3;Rue Jean Poirey;47,6153380000;6,1679490000
202100002710;18;12;2021;14:40;1;35;35228;1;3;7;3;1303 Rue de Dinard;48,6008810000; -2,0570400000
202100002733;14;12;2021;20:15;5;69;69383;2;2;1;3;MARECHAL DE SAXE (AV);45,7539625287;4,8469689488
202100002744;13;12;2021;20:25;3;77;77048;1;1;2;1;D607;48,3287754846;2,6879938958
202100002756;3;12;2021;18:50;5;48;48095;2;6;1;3;ROND POINT DES CASERNES;44,5180800000;3,4914400000
202100002757;13;12;2021;14:57;1;47;47001;2;1;1;3;LACOUR (BD EDOUARD);44,1975650000;0,6269390000
202100002767;7;12;2021;17:00;5;33;33063;2;2;3;3;Rue de Pessac;44,8299300000; -0,5809200000
202100002768;15;12;2021;08:00;2;33;33318;2;1;1;3;Avenue Jean JaurÃ¨s;44,8114615853; -0,6183551252
202100002785;15;12;2021;10:00;1;06;06029;2;1;1;3;CROISETTE (BOULEVARD DE LA);43,5515900000;7,0164200000
202100002788;15;12;2021;20:40;2;75;75118;2;5;1;3;RUE ORDENER;48,8941710000;2,3327090000
202100002795;15;12;2021;19:40;5;75;75113;2;2;1;1;RUE BROCA;48,8360710000;2,3466940000
202100002819;15;12;2021;11:00;1;92;92036;2;2;1;3;JEAN JAURES (RUE) (1/33);48,9267617686;2,2946432233
202100002841;17;12;2021;15:55;2;02;02232;1;1;1;3;Le Virlet;49,2075570000;3,0530570000
202100002847;15;12;2021;17:45;3;45;45193;1;1;1;3;D7;47,7624910000;1,9909950000
202100002861;16;12;2021;16:45;2;68;68278;2;3;8;6;Avenue du GÃ©nÃ©ral de Gaulle;47,7483850000;7,4046190000
202100002877;20;8;2021;09:15;1;2A;2A004;1;1;1;2;T21;41,9268800000;8,7823400000
202100002879;27;7;2021;18:02;1;2A;2A004;2;1;1;5;NICOLI JEAN COURS;41,9333600000;8,7431700000
202100002894;14;12;2021;07:50;2;86;86158;2;1;1;2;Avenue de Chatellerault;46,6270560000;0,3550200000
202100002907;14;12;2021;06:52;5;66;66136;2;6;1;3;FOULON (CHEMIN DU)(CR41);42,6963500000;2,8640700000
202100002908;14;12;2021;14:00;1;64;64348;2;1;1;2;ERCKMAN CHATRIAN;43,3267308393; -0,3898537159
202100002920;13;12;2021;21:50;5;57;57306;2;1;1;3;FOCH (RUE);49,3322800000;6,0539300000
202100002932;14;12;2021;08:00;5;37;37122;2;6;5;2;CHINON (BOULEVARD DE);47,3518509943;0,6864825636
202100002966;11;12;2021;15:20;1;75;75116;2;1;1;7;ROUTE DE SEVRES A NEUILLY;48,8572230000;2,2373620000
202100002967;14;12;2021;09:15;1;75;75114;2;1;1;6;AVENUE JEAN MOULIN;48,8273030000;2,3255610000
202100002969;14;12;2021;21:05;5;75;75110;2;2;1;2;BOULEVARD DE LA CHAPELLE;48,8842800000;2,3646410000
202100003063;13;12;2021;20:00;5;69;69386;2;1;1;6;BERGES DU RHONE;45,7716065743;4,8408883810
202100003064;13;12;2021;17:15;1;69;69386;2;3;1;3;FRANKLIN ROOSEVELT (CR);45,7690695827;4,8449760675
202100003112;10;12;2021;07:50;5;59;59569;2;6;8;3;MOCHE (RUE ALCIDE);50,3657300000;3,1176100000
202100003118;13;12;2021;19:18;5;49;49353;2;3;1;3;BARA;47,4431600000; -0,4879200000
202100003119;13;12;2021;13:10;1;49;49007;2;1;1;7;EPINARD CHEMIN;47,4960800000; -0,5490800000
202100003129;13;12;2021;12:18;1;31;31555;2;1;1;6;OZENNE (RUE THEODORE) DU 1AU 35;43,5967400000;1,4468200000
202100003154;11;12;2021;20:43;5;75;75113;2;5;2;6;AVENUE D IVRY;48,8260900000;2,3601180000
202100003159;13;12;2021;17:04;5;75;75115;2;1;1;3;BOULEVARD LEFEBVRE;48,8281210000;2,3037310000
202100003160;13;12;2021;08:20;1;75;75115;2;1;1;6;RUE DE VAUGIRARD;48,8365460000;2,2950000000
202100003199;14;12;2021;07:45;2;74;74081;2;1;5;3;26 Avenue Georges ClÃ©menceau;46,0670130000;6,5735330000
202100003250;12;12;2021;12:00;1;34;34003;2;6;1;6;MEDITERRANNEE (Rond point);43,3267400000;3,4817200000
202100003252;12;12;2021;09:55;1;29;29019;2;6;1;3;Giratoire Rue de Valmy;48,3981004100; -4,4650732300