Num_Acc;jour;mois;an;hrmn;lum;dep;com;agg;int;atm;col;adr;lat;long
202100006244;24;11;2021;07:29;5;49;49007;2;1;1;6;BRIOLLAY ROUTE;47,4922300000; -0,5289840000
202100006255;24;11;2021;12:20;1;35;35115;2;1;1;3;MITTERAND (AVENUE FRANCOIS);48,3515800000; -1,2007400000
202100006285;25;11;2021;17:50;5;75;75119;2;3;8;2;RUE MANIN;48,8804220000;2,3796280000
202100006291;25;11;2021;18:40;5;75;75113;2;5;2;2;BOULEVARD SAINT MARCEL;48,8368030000;2,3518670000
202100006292;25;11;2021;07:54;1;75;75113;2;1;1;3;RUE DE TOLBIAC;48,8266870000;2,3640980000
202100006296;24;11;2021;17:10;5;75;75109;2;5;1;6;BOULEVARD DE ROCHECHOUART;48,8832770000;2,3469330000
202100006297;25;11;2021;09:12;1;75;75108;2;2;1;6;RUE DE MONCEAU;48,8794300000;2,3142820000
202100006298;25;11;2021;06:45;5;75;75108;2;1;1;3;BOULEVARD HAUSSMANN;48,8751090000;2,3110880000
202100006301;25;11;2021;17:25;2;75;75107;2;2;2;2;RUE DE BOURGOGNE;48,8575660000;2,3175330000
202100006303;25;11;2021;00:38;5;75;75107;2;2;1;3;RUE DE L UNIVERSITE;48,8609750000;2,3149630000
202100006312;25;11;2021;08:25;2;93;93007;2;2;8;3;"""HENRI BARBUSSE (AVENUE """"DU 01 AU 80"""")";48,9400900000;2,4625400000
202100006314;25;11;2021;08:40;2;92;92050;2;2;1;3;HOCHE AVENUE;48,8996753306;2,2010502219
202100006342;24;11;2021;17:30;1;987;98752;1;1;1;7;RT1 PK42.000 SENS PAPEETE TARAVAO; -17,7737540000; -149,4441550000
202100006361;27;10;2021;15:50;1;22;22168;2;2;1;3;Route de Pleumeur-Bodou;48,8010090000; -3,4733860000
202100006397;24;11;2021;20:15;3;88;88463;1;1;1;2;RD 31;48,2592200000;6,8896400000
202100006398;23;11;2021;08:47;1;87;87085;2;1;1;7;LOUYAT (AVENUE DE);45,8470000000;1,2586300000
202100006413;24;11;2021;14:20;1;51;51454;2;3;1;3;Avenue Robert Schuman;49,2316500000;4,0112200000
202100006415;24;11;2021;12:30;1;51;51454;2;6;1;3;Place du Souvenir FranÃ§ais;49,2692350000;4,0700230000
202100006428;24;11;2021;18:00;5;29;29019;2;3;1;1;Avenue Salaun Penquer;48,3853000000; -4,4827800000
202100006431;23;11;2021;07:05;5;29;29019;2;2;1;3;Rue Robespierre;48,4132800000; -4,4913800000
202100006434;24;11;2021;19:30;5;17;17300;2;3;1;1;WILSON   AVENUE DU PRESIDENT;46,1526140000; -1,1925210000
202100006439;24;11;2021;07:45;2;14;14118;2;3;1;3;BLANC (RUE DU);49,1750000000; -0,3792600000
202100006452;24;11;2021;11:20;1;02;02738;2;1;7;2;GRASSE(RUE DE);49,6605360000;3,2791460000
202100006458;24;11;2021;22:15;5;75;75106;2;4;1;6;BOULEVARD RASPAIL;48,8424130000;2,3295550000
202100006459;24;11;2021;15:40;1;75;75105;2;2;1;2;QUAI DE LA TOURNELLE;48,8511147922;2,3512780666
202100006462;24;11;2021;12:20;1;75;75115;2;2;1;6;BOULEVARD VICTOR;48,8335060000;2,2865270000
202100006463;24;11;2021;09:28;1;75;75115;2;3;1;3;PLACE DE LA PORTE DE VERSAILLES;48,8323480000;2,2876780000
202100006471;24;11;2021;11:24;1;75;75107;2;2;1;3;BOULEVARD RASPAIL;48,8517410000;2,3267680000
202100006480;24;11;2021;16:15;1;93;93071;1;1;1;2;SURIEGES (ALLEE DE);48,9298212021;2,5147832086
202100006489;24;11;2021;15:20;1;92;92049;2;1;1;7;PERI RUE GABRIEL NÂ°37 A 99;48,8194557955;2,3141777515
202100006507;23;11;2021;16:10;2;72;72334;1;1;7;4;Les ruelles;48,1731840000; -0,1224800000
202100006525;24;11;2021;17:15;2;77;77453;1;3;1;3;D408;48,5463949976;2,7833057843
202100006584;20;11;2021;08:17;1;87;87085;2;1;1;6;CARMES (PLACE DES);45,8300100000;1,2508100000
202100006597;23;11;2021;16:14;1;79;79191;2;2;1;3;Boulevard de lâAtlantique;46,3162000000; -0,4769100000
202100006599;23;11;2021;14:30;1;78;78401;2;2;1;3;ALBERT JOZON (RUE);49,0057110000;1,9064650000
202100006608;22;11;2021;17:25;5;76;76498;2;1;1;1;SEMARD. RUE PIERRE;49,4175100000;1,0731700000
202100006622;19;11;2021;08:35;1;67;67482;2;3;8;3;KRUTENAU (RUE DE LA);48,5806100000;7,7573900000
202100006626;22;11;2021;13:50;1;65;65440;2;6;1;3;BRIAND (AVENUE ARISTIDE);43,2212800000;0,0610140000
202100006627;23;11;2021;13:26;1;64;64445;2;3;1;3;FRERES CAMORS DES;43,3113700000; -0,3689300000
202100006666;22;11;2021;17:00;1;33;33522;2;3;1;3;Rue Blumerel;44,8031400000; -0,5826900000
202100006668;22;11;2021;19:10;5;33;33281;2;2;1;3;Avenue du MarÃ©chal Leclerc;44,8329800000; -0,6479000000
202100006678;22;11;2021;09:05;1;29;29039;1;3;7;2;RD 783;47,8785800000; -3,9026600000
202100006707;22;11;2021;19:00;5;09;09122;2;2;1;3;LAKANAL (AVENUE);42,9556150444;1,6007114947
202100006718;23;11;2021;11:49;1;75;75104;2;2;1;3;PONT DE SULLY;48,8508170000;2,3614360000
202100006723;23;11;2021;19:50;5;75;75114;2;1;1;6;RUE FROIDEVAUX;48,8358200000;2,3281250000
202100006734;23;11;2021;09:05;1;93;93055;2;1;1;3;HOCHE;48,8940200000;2,4017500000
202100006740;22;11;2021;18:35;3;92;92025;2;2;1;1;CHARLES DE GAULLE (BD);48,9183100000;2,2239500000
202100006746;24;11;2021;21:00;5;974;97422;2;1;1;1;381 Chemin Champcourt; -21,2648100000;55,5046840000
202100006773;24;11;2021;11:30;1;13;13069;2;1;1;7;Avenue FrÃ©dÃ©ric Mistral;43,6347750000;5,1520570000
202100006785;23;11;2021;11:00;1;29;29181;1;6;1;6;D770;48,4782604370; -4,2864918708
202100006817;22;11;2021;10:50;1;75;75113;2;3;1;1;RUE DE LA MAISON BLANCHE;48,8258030000;2,3573820000
202100006825;22;11;2021;08:00;1;93;93001;2;9;1;2;LUCIEN LEFRANC (QUAI);48,9119000000;2,3733800000
202100006841;22;11;2021;15:20;1;92;92012;2;2;1;3;MARCEL LOYAU (RUE);48,8426900000;2,2489500000
202100006844;22;11;2021;19:10;5;76;76238;2;2;1;1;rue aristide briand;49,5632840000;0,2237180000
202100006864;23;11;2021;13:15;1;50;50567;1;1;1;7;42 Hameau Vautier;49,5747440000; -1,4963400000
202100006903;19;11;2021;15:35;1;974;97416;1;4;1;1;BOIS D'OLIVE (CHEMIN); -21,2950000000;55,4474700000
202100006915;21;11;2021;14:45;1;64;64269;2;1;2;7;PIERRE DE BELSUNCE;43,2925700000; -0,3083900000
202100006923;14;11;2021;18:00;1;31;31555;2;1;1;1;ALL DE BELLEFONTAINE;43,5647530000;1,4015220000
202100006925;21;11;2021;16:00;1;29;29019;2;6;7;2;Rue Jean JaurÃ¨s;48,3929600000; -4,4792800000
202100006928;19;11;2021;14:00;1;17;17306;2;1;1;3;LAMY (BD FRANCK);45,6271200000; -1,0130500000
202100006959;22;11;2021;08:10;2;01;01069;1;2;5;3;Che des Brovieres;46,1166250000;5,2775630000
202100006976;16;11;2021;16:25;1;06;06065;2;3;7;3;Route de Saint-Laurent;43,7217930000;7,1672110000
202100007007;20;11;2021;10:00;1;83;83062;1;1;1;6;FABRI DE PEIRESC (AVENUE);43,1410700000;6,0300300000
202100007013;20;11;2021;19:40;3;64;64445;2;3;1;1;PIERRE BONNARD;43,3101200000; -0,3608500000
202100007038;20;11;2021;14:24;1;10;10387;2;2;1;3;PETITE RUE ROBERT;48,2939000000;4,0819000000
202100007044;20;11;2021;11:35;1;75;75120;2;4;8;7;RUE DES COURONNES;48,8705390000;2,3882470000
202100007046;20;11;2021;11:10;1;75;75116;2;3;1;3;AVENUE DE VERSAILLES;48,8415070000;2,2665430000
202100007064;20;11;2021;11:45;1;92;92047;2;1;1;7;G ET X. SCHLUMBERGER;48,8300990000;2,1755810000
202100007126;9;11;2021;08:30;1;25;25056;2;6;1;2;LAGRANGE  AVENUE LEO;47,2427900000;6,0076300000
202100007129;18;11;2021;15:40;1;988;98818;2;2;1;2;PROMENADE ROGER LAROQUE/ROUTE DE L'ANSE-VATA; -22,3029600000;166,4453000000
202100007136;18;11;2021;16:50;1;974;97409;2;1;1;2;DES CAMELIAS(RUE); -20,9614800000;55,6537100000
202100007144;18;11;2021;18:15;4;69;69386;2;2;1;3;DUGUESCLIN (R);45,7670700000;4,8476500000
202100007149;12;11;2021;20:05;3;69;69386;2;3;1;3;JULES FAVRE (BD);45,7652900000;4,8588800000
202100007185;17;11;2021;22:45;5;76;76351;2;1;1;7;FERRER (RUE);49,4892000000;0,1392300000
202100007190;18;11;2021;17:53;2;72;72181;2;1;1;3;PADERBORN (AV) CONTRE ALLEE;48,0087410000;0,1998980000
202100007191;17;11;2021;09:30;1;72;72181;2;6;1;3;CASABLANCA (RUE DE);48,0156500000;0,2307000000
202100007192;9;11;2021;14:00;1;72;72181;2;6;1;3;BERTINIERE (RUE DE LA) NÂ° IMP;47,9920800000;0,2164000000
202100007201;19;11;2021;20:00;5;64;64445;2;6;1;3;Rond-Point des AllÃ©es de MorlaÃ s;43,3077600000; -0,3391800000
202100007212;18;11;2021;08:07;5;63;63113;2;2;1;3;CARNOT (AVENUE);45,7763000000;3,0900600000
202100007220;9;11;2021;08:40;1;59;59350;2;1;1;3;GARE PLACE DE LA;50,6366000000;3,0705000000
202100007224;4;11;2021;19:45;5;56;56260;2;3;1;3;BERNUS(RUE DE);47,6550360000; -2,7675310000
202100007242;18;11;2021;17:58;2;49;49007;2;6;1;3;VILLESICARD RUE ET SQUARE;47,4496500000; -0,5305300000
202100007243;18;11;2021;16:12;1;49;49007;2;3;1;3;RABELAIS;47,4624600000; -0,5474100000
202100007246;17;11;2021;07:37;2;49;49007;2;6;1;3;RICHARD;47,4663700000; -0,5572800000
202100007251;19;11;2021;15:10;1;45;45235;2;6;1;6;Giratoire des Varennes;47,9484000000;1,8314800000
202100007267;18;11;2021;18:05;5;35;35238;2;1;1;3;REDON (DE);48,1053628767; -1,6901190348
202100007268;18;11;2021;07:30;5;35;35051;2;6;1;3;BRAY (RUE DE);48,1088500000; -1,6087300000
202100007282;19;11;2021;17:15;2;29;29051;1;1;1;2;Avenue de Garsalec;48,0171120000; -4,0006770000
202100007283;18;11;2021;18:00;1;29;29019;2;1;1;6;Rue Saint-ExupÃ©ry;48,3887000000; -4,5046600000
202100007289;18;11;2021;10:30;1;25;25056;2;1;1;3;LAGRANGE  AVENUE LEO;47,2439400000;6,0053300000
202100007317;19;11;2021;18:05;5;06;06088;2;1;1;3;QUAI DES ETATS UNIS;43,6951650000;7,2731220000
202100007332;17;11;2021;12:30;1;75;75105;2;5;1;7;BOULEVARD SAINT MICHEL;48,8503540000;2,3426240000
202100007334;19;11;2021;19:45;5;75;75119;2;7;1;2;AVENUE MATHURIN MOREAU;48,8780210000;2,3706900000
202100007339;19;11;2021;16:05;1;75;75114;2;3;1;7;RUE RAYMOND LOSSERAND;48,8291352692;2,3084324598
202100007341;19;11;2021;11:10;1;75;75113;2;3;1;7;AVENUE D ITALIE;48,8204090000;2,3590910000
202100007342;16;11;2021;18:55;5;75;75109;2;1;1;3;RUE DROUOT;48,8737620000;2,3406730000
202100007343;19;11;2021;16:30;1;75;75107;2;2;1;6;BOULEVARD DE LA TOUR MAUBOURG;48,8580670000;2,3100070000
202100007346;18;11;2021;10:50;1;75;75107;2;3;1;3;RUE DE SEVRES;48,8498200000;2,3232900000
202100007352;19;11;2021;07:30;5;94;94033;2;6;8;3;Rue de Bir-Hakeim;48,8438700000;2,4791500000
202100007370;19;11;2021;08:10;2;92;92046;2;9;1;3;VALLEE (RUE DE LA);48,8221118755;2,3057663441
202100007371;18;11;2021;12:05;1;92;92072;2;6;1;3;GRANDE RUE;48,8254423843;2,2158989498
202100007372;19;11;2021;12:08;1;92;92064;2;1;1;1;DAILLY;48,8434754829;2,2206705809
202100007380;19;11;2021;13:10;1;38;38373;2;1;1;3;71 Route de Chartreuse;45,3588330000;5,5581720000
202100007405;13;11;2021;18:10;3;973;97303;1;1;1;3;Route nationale 1 / PK 173+500;5,4801846230; -53,2111483812
202100007433;9;11;2021;21:10;5;75;75106;2;1;1;1;RUE DU CHERCHE MIDI;48,8471650000;2,3280170000
202100007434;18;11;2021;19:00;5;75;75120;2;4;1;3;RUE BELGRAND;48,8646110000;2,4059870000
202100007437;17;11;2021;14:15;1;75;75120;2;1;1;1;AVENUE GAMBETTA;48,8634349223;2,3896336555
202100007440;18;11;2021;09:43;1;75;75113;2;1;1;6;RUE NATIONALE;48,8322690000;2,3627940000
202100007442;18;11;2021;09:00;1;75;75111;2;3;1;2;BOULEVARD RICHARD LENOIR;48,8570560000;2,3712030000
202100007447;18;11;2021;09:50;1;75;75107;2;1;1;6;RUE DE LA LEGION D HONNEUR;48,8603650000;2,3249700000
202100007449;18;11;2021;08:20;1;94;94080;2;3;1;1;Avenue des Minimes;48,8411700000;2,4329400000
202100007456;18;11;2021;13:05;1;93;93070;2;1;1;3;SAINT-DENIS(RUE);48,9190496040;2,3338184133
202100007464;18;11;2021;13:15;1;92;92048;2;6;1;3;Rue de Paris;48,8131435089;2,2463876009
202100007465;18;11;2021;09:50;1;92;92044;2;2;1;3;VIC. HUGO(RUE)077A089 ET 090A110;48,8959151910;2,2964724898
202100007493;18;11;2021;13:45;1;44;44030;2;6;1;1;D33;47,4450110000; -2,2454380000
202100007515;16;11;2021;15:30;1;971;97112;2;4;1;3;N9;15,8870250000; -61,3153650000
202100007527;19;11;2021;13:15;1;14;14488;2;3;1;3;D84;49,2801590000; -0,2517580000
202100007529;18;11;2021;16:00;1;22;22081;2;1;1;7;Rue de la Mare Noire;48,4851970000; -2,6402000000
202100007585;16;11;2021;15:25;1;76;76351;2;1;1;3;REPUBLIQUE (COURS DE LA);49,4923600000;0,1238550000
202100007618;18;11;2021;02:35;4;38;38185;2;2;2;3;COURS JEAN JAURÃS;45,1911200000;5,7202000000
202100007620;17;11;2021;18:00;3;35;35024;1;6;1;6;BETTON (ROND POINT DE);48,1630900000; -1,6754800000
202100007625;17;11;2021;07:45;2;33;33069;2;6;1;3;Avenue de Tivoli;44,8685800000; -0,5970800000
202100007635;17;11;2021;12:26;1;17;17300;2;1;8;6;ROMPSAY   AVENUE DE;46,1612700000; -1,1322900000
202100007643;16;11;2021;06:20;5;10;10387;2;1;2;7;NOES (RUE DES);48,2989300000;4,0549600000
202100007654;17;11;2021;19:05;5;75;75118;2;3;1;6;BOULEVARD NEY;48,8978250000;2,3353390000
202100007657;16;11;2021;10:05;1;75;75115;2;1;1;7;BOULEVARD VICTOR;48,8330830000;2,2874270000
202100007660;15;11;2021;19:30;5;75;75113;2;2;1;3;RUE CHARCOT;48,8303440000;2,3704350000
202100007665;17;11;2021;14:00;1;75;75111;2;1;1;1;RUE OBERKAMPF;48,8630930000;2,3684950000
202100007678;17;11;2021;08:20;1;93;93032;2;2;8;3;JOFFRES (AVENUE);48,8893300000;2,5215300000
202100007688;17;11;2021;09:30;1;92;92024;2;1;1;3;MADAME DE SANZILLON (RUE);48,9037080761;2,3191991491
202100007714;11;10;2021;14:40;1;88;88516;1;1;1;7;D165;48,1925730000;5,9268500000
202100007728;17;11;2021;14:40;1;81;81225;1;1;1;3;D988;43,9192720000;1,9646220000
202100007748;16;11;2021;06:35;1;974;97416;1;3;1;3;ANCIENNE RN 1; -21,3139508176;55,4398155208
202100007769;11;11;2021;08:40;1;83;83129;2;6;1;3;;43,0934000000;5,8446000000
202100007776;15;11;2021;09:50;1;78;78029;2;6;8;3;AVENUE DE L'UNION;48,9614550000;1,8579590000
202100007779;15;11;2021;21:00;5;76;76540;2;2;1;1;MARNE. BOULEVARD DE LA;49,4471700000;1,0935700000
202100007793;12;11;2021;18:20;5;64;64122;2;1;1;3;Rue Guy Petit;43,4783900000; -1,5553900000
202100007799;15;11;2021;09:30;1;56;56121;2;6;1;3;BOLLARDIERE (RUE  GENERAL DE );47,7526700000; -3,3913000000
202100007801;11;11;2021;01:12;3;54;54395;2;1;1;7;KRUG (RUE ALFRED);48,6798900000;6,2008000000
202100007814;16;11;2021;17:20;2;35;35238;2;1;1;3;LECLERC (AVENUE DU GENERAL);48,1146900000; -1,6564000000
202100007815;16;11;2021;17:15;1;35;35238;2;9;1;3;CHATEAUGIRON (DE);48,0978880000; -1,6430970000
202100007818;15;11;2021;10:55;1;33;33318;2;3;1;3;Avenue Roger Chaumet;44,7975000000; -0,6415700000
202100007839;15;11;2021;12:40;1;10;10362;1;9;2;3;ROCADE OUEST (RD 610);48,3024800000;4,0282600000
202100007840;15;11;2021;12:30;1;10;10387;2;3;1;3;VOLTAIRE (RUE);48,2948000000;4,0641000000
202100007885;27;10;2021;17:00;1;68;68269;2;1;1;3;Route de GuÃ©mar;48,1918540000;7,3363410000
202100007925;17;11;2021;15:30;1;50;50298;1;3;7;6;D29;49,2743080000; -1,2784160000
202100007961;25;3;2021;17:50;1;73;73008;2;1;7;3;D991;45,7113300000;5,8932100000
202100007963;15;11;2021;19:00;5;974;97411;2;3;1;3;GAULLE (DU GENERAL DE); -20,8856200000;55,4641000000
202100007965;15;11;2021;18:30;3;973;97302;2;1;1;3;MERE THERESA (rue);4,9247600000; -52,3124700000
202100007968;15;11;2021;12:35;1;69;69259;2;1;1;6;IRENE JOLIOT CURIE                  (BD);45,7220800000;4,8731600000
202100007987;14;11;2021;16:50;1;87;87114;1;1;1;7;BUISSON (ROUTE DU);45,8372800000;1,3542600000
202100008006;12;11;2021;14:12;1;63;63164;2;1;1;2;MICHEL MARIUS (RUE);45,8282500000;3,1433000000
202100008008;15;11;2021;20:12;5;54;54395;2;1;1;3;QUATRE EGLISES (RUE;48,6873000000;6,1836500000
202100008016;13;11;2021;16:58;1;47;47001;2;1;1;6;REPUBLIQUE (BOULEVARD DE LA);44,2044200000;0,6141800000
202100008017;14;11;2021;17:36;5;44;44184;2;2;1;3;HALLES (RUE DES) DU 38 AU 50 - DU 51 AU;47,2791901829; -2,2167277336
202100008034;12;11;2021;15:15;1;28;28404;2;1;1;1;LIBERTE (AVENUE DE LA);48,7300301919;1,3266241548
202100008035;15;11;2021;09:30;1;24;24037;2;1;1;2;RD 19;44,8341332792;0,5050063133
202100008039;14;11;2021;17:00;2;10;10321;1;1;1;2;GENERAL LECLERC (RUE DU);48,2891000000;3,9983000000
202100008046;15;11;2021;18:00;5;75;75119;2;3;1;6;BOULEVARD SERURIER;48,8873190000;2,3947400000
202100008050;22;10;2021;08:40;1;75;75114;2;4;1;3;AVENUE DU MAINE;48,8401580000;2,3218850000
202100008052;15;11;2021;15:40;1;75;75111;2;3;2;6;AVENUE DE LA REPUBLIQUE;48,8666410000;2,3673580000
202100008054;15;11;2021;17:50;5;75;75108;2;2;2;3;BOULEVARD MALESHERBES;48,8766470000;2,3177000000
202100008055;15;11;2021;14:45;1;75;75107;2;4;8;3;BOULEVARD RASPAIL;48,8547470000;2,3259310000
202100008069;5;11;2021;22:00;5;92;92051;2;9;1;2;CHARLES DE GAULLE (AVENUE,NÂ°118 A 192 +;48,8818900000;2,2687200000
202100008074;14;11;2021;19:00;3;51;51346;1;1;1;3;D3;49,0828610000;3,7348370000
202100008137;10;11;2021;11:20;1;92;92064;2;9;1;6;MONT VALERIEN;48,8526855067;2,2161537409
202100008145;14;11;2021;20:00;5;75;75109;2;7;1;2;PLACE SAINT GEORGES;48,8783070000;2,3375480000
202100008149;14;11;2021;14:35;1;75;75104;2;3;1;6;RUE DE RIVOLI;48,8572820000;2,3523860000
202100008164;13;11;2021;09:30;1;46;46148;2;1;1;7;Route de Cahors;44,3417330000;1,5432890000
202100008173;15;11;2021;12:30;1;76;76595;1;4;1;6;dÃ©partementale 139;49,6356720000;0,1905070000
202100008243;13;11;2021;21:45;5;69;69286;2;1;2;7;AMPERE (R);45,8191800000;4,8998000000
202100008256;13;11;2021;18:10;5;75;75119;2;1;1;6;RUE DE L OURCQ;48,8873960000;2,3846510000
202100008349;9;11;2021;14:50;1;57;57672;2;1;1;2;ARLON (ROUTE DE);49,3584300000;6,1374300000
202100008354;7;11;2021;04:30;5;31;31555;2;1;1;7;MINIMES (AV DES) DU 1AU 178;43,6203712612;1,4359447360
202100008356;12;11;2021;15:35;1;11;11069;2;1;1;3;PAPIN DENIS -BD-;43,2076000000;2,3156800000
202100008361;12;11;2021;07:45;2;75;75119;2;1;1;3;AVENUE JEAN JAURES;48,8892210000;2,3938780000
202100008363;12;11;2021;17:55;5;75;75116;2;2;1;6;RUE DE PRESBOURG;48,8724820000;2,2939580000
202100008369;12;11;2021;19:45;5;75;75109;2;3;1;2;RUE LA FAYETTE;48,8760090000;2,3445220000
202100008374;12;11;2021;16:35;2;93;93048;2;1;8;3;PARIS (RUE DE);48,8578100000;2,4342200000
202100008379;12;11;2021;12:45;1;92;92022;2;3;1;3;PAVE DES GARDES (ROUTE DU);48,8054566882;2,1844500303
202100008382;12;11;2021;20:25;5;92;92012;2;1;1;7;PARCHAMP (RUE DU) 1/7 - 2/6;48,8467400000;2,2366300000
202100008383;12;11;2021;17:35;5;92;92012;2;1;1;6;ANATOLE FRANCE (BOULEVARD) 5/FIN;48,8500700000;2,2389500000
202100008386;28;10;2021;15:30;1;84;84069;2;1;1;3;Route de Veaux;44,1755520000;5,1316450000
202100008394;12;11;2021;14:30;1;55;55083;2;1;1;7;Grande Rue;49,5168450000;5,2607310000
202100008427;9;11;2021;16:00;1;62;62865;2;6;7;3;RD 950;50,3332800000;2,9847380000
202100008449;11;11;2021;08:35;1;78;78551;2;1;1;3;PEREIRE;48,9016870000;2,0764080000
202100008454;10;11;2021;13:40;1;71;71486;2;2;1;3;WALDECK ROCHET (AVENUE);46,6631818999;4,3698830664
202100008455;10;11;2021;16:40;1;71;71153;2;6;1;3;DE GAULLE (PLACE CHARLES);46,8072559581;4,4324766609
202100008456;10;11;2021;14:00;1;69;69115;1;6;1;3;D306;45,9760400000;4,7174200000
202100008461;31;10;2021;04:15;5;59;59350;2;3;1;1;FERBER RUE CAPITAINE;50,6132579381;3,0748600727
202100008464;11;11;2021;11:25;1;54;54304;2;2;1;1;DEROULEDE (AVENUE PAUL);48,6851600000;6,1558100000
202100008466;10;11;2021;18:35;5;54;54395;2;2;1;3;ALBERT 1ER  (BD);48,6985000000;6,1668000000
202100008469;11;11;2021;12:30;1;44;44109;2;1;1;3;ROUTE DE SAINTE LUCE;47,2363100000; -1,5182100000
202100008472;10;11;2021;15:10;1;37;37261;2;1;1;7;MONTJOYEUX (RUE DE);47,3622244901;0,7097265869
202100008477;10;11;2021;13:30;1;35;35238;2;9;1;3;GENIAUX (RUE CHARLES);48,1108800000; -1,7121400000
202100008479;10;11;2021;21:40;5;33;33063;2;2;1;3;Rue des Vivants;44,8535800000; -0,5416800000
202100008482;10;11;2021;18:50;4;31;31555;2;1;2;1;CHE DE LA LOGE;43,5729260000;1,4350710000
202100008490;9;11;2021;17:15;1;17;17306;2;3;1;3;GABORIAU (IMPASSE EMILE);45,6270100000; -1,0125300000
202100008501;11;11;2021;02:30;5;75;75113;2;2;1;6;BOULEVARD DE L HOPITAL;48,8345580000;2,3578000000
202100008502;11;11;2021;08:14;1;75;75109;2;5;1;3;BOULEVARD HAUSSMANN;48,8719990000;2,3400430000
202100008538;11;11;2021;16:30;1;29;29216;1;6;1;2;D40 - Rue de Pouldreuzic;47,9791070000; -4,1878290000
202100008570;11;11;2021;10:30;1;29;29058;2;6;1;2;Rond Point de Ker Elo;47,8980310000; -4,0144730000
202100008597;9;11;2021;08:35;1;75;75115;2;2;1;7;RUE DE LA CONVENTION;48,8372340000;2,2964420000
202100008599;10;11;2021;17:30;2;75;75113;2;2;1;6;AVENUE DE FRANCE;48,8314590000;2,3760030000
202100008605;10;11;2021;10:00;1;75;75116;2;4;1;3;QUAI SAINT EXUPERY;48,8363940000;2,2637730000
202100008611;10;11;2021;08:30;5;94;94073;2;1;1;2;Av du Pdt Franklin Roosevelt;48,7655715885;2,3975300789
202100008623;10;11;2021;17:00;5;92;92050;2;2;1;3;JOLIOT CURIE F. ET IRENE AVENUE  NÂ°PAIRS;48,8937575829;2,2119373083
202100008631;11;11;2021;11:45;1;62;62105;2;1;1;7;245 Route de Wierre-Effroy;50,7461930000;1,7587790000
202100008680;8;11;2021;13:55;1;69;69383;2;2;1;3;LAFAYETTE (CR);45,7636559893;4,8687967658
202100008689;5;11;2021;14:07;1;87;87085;2;1;1;3;THOMAS (AVENUE ALBERT);45,8364800000;1,2624700000
202100008704;7;11;2021;14:30;1;67;67482;2;3;2;6;COURSE (PETITE RUE DE LA);48,5830100000;7,7356300000
202100008713;8;11;2021;07:40;1;62;62727;2;6;1;3;D 188;50,4735029393;2,5915074348
202100008719;7;11;2021;12:08;1;51;51454;2;2;1;2;Rue de Courlancy;49,2455800185;4,0178788904
202100008721;8;11;2021;14:33;1;49;49007;2;1;1;3;FOULQUES NERRA BOULEVARD;47,4710000000; -0,5646300000
202100008723;8;11;2021;17:25;2;45;45302;2;1;1;6;Rue Nationale 20;47,9466100000;1,8924200000
202100008726;8;11;2021;08:40;1;35;35281;1;1;1;2;RABLAIS (RUE DE LA);48,0857960000; -1,7018170000
202100008734;8;11;2021;14:30;1;14;14327;2;3;1;3;Route de Colombelles;49,2074600000; -0,3172400000
202100008740;7;11;2021;11:22;1;10;10387;2;3;2;1;GEORGES POMPIDOU (RUE);48,2869000000;4,0793500000
202100008749;9;11;2021;19:45;5;75;75117;2;3;1;3;AVENUE DE VILLIERS;48,8812010000;2,3155550000
202100008757;9;11;2021;17:15;2;75;75112;2;3;1;3;AVENUE DU DOCTEUR ARNOLD NETTER;48,8433300000;2,4053840000
202100008758;9;11;2021;16:50;1;75;75112;2;2;1;6;BOULEVARD DIDEROT;48,8473450000;2,3867350000
202100008759;9;11;2021;12:30;1;75;75111;2;1;1;1;BOULEVARD VOLTAIRE;48,8614880000;2,3739190000
202100008761;9;11;2021;09:10;1;75;75107;2;2;1;3;BOULEVARD DE LA TOUR MAUBOURG;48,8580680000;2,3100070000
202100008841;8;11;2021;08:50;1;75;75120;2;5;1;3;AVENUE GAMBETTA;48,8650130000;2,3955260000
202100008843;8;11;2021;10:00;1;75;75116;2;1;1;2;RUE DE LA POMPE;48,8587670000;2,2750330000
202100008845;7;11;2021;02:25;5;75;75115;2;2;1;3;RUE BRANCION;48,8286230000;2,3014220000
202100008846;8;11;2021;11:30;1;75;75112;2;1;1;3;AVENUE DE NOGENT;48,8443070000;2,4417360000
202100008849;8;11;2021;09:30;1;75;75108;2;2;1;4;BOULEVARD HAUSSMANN;48,8746760000;2,3200480000
202100008850;8;11;2021;08:00;1;75;75107;2;2;1;3;AVENUE DUQUESNE;48,8526990000;2,3085580000
202100008860;8;11;2021;15:30;1;92;92026;2;1;1;6;LAMBRECHTS;48,8982858867;2,2583851218
202100008878;9;11;2021;08:40;1;63;63047;2;1;7;2;Route de Saint Sauves;45,5885707183;2,7296902049
202100008883;8;11;2021;15:00;1;14;14100;2;1;1;2;Rue de Quilly;49,0504473312; -0,3198950000