Num_Acc;jour;mois;an;hrmn;lum;dep;com;agg;int;atm;col;adr;lat;long
202100013655;12;10;2021;13:00;1;31;31555;2;1;1;3;AV DE GRANDE BRETAGNE;43,5985100000;1,4186100000
202100013656;12;10;2021;09:50;1;31;31555;2;3;1;1;RUE DANTON;43,5764400000;1,4488360000
202100013668;12;10;2021;08:15;2;17;17300;2;3;1;1;BRIAND   AVENUE ARISTIDE;46,1647400000; -1,1645500000
202100013680;12;10;2021;08:00;1;75;75120;2;5;1;3;RUE BELGRAND;48,8646590000;2,4056550000
202100013692;12;10;2021;08:40;1;75;75110;2;1;8;6;RUE DU FAUBOURG SAINT MARTIN;48,8768230000;2,3610070000
202100013693;12;10;2021;18:40;1;75;75109;2;3;1;3;RUE DU CONSERVATOIRE;48,8730720000;2,3468400000
202100013694;12;10;2021;08:30;1;75;75109;2;2;1;3;RUE LA FAYETTE;48,8758450000;2,3438690000
202100013700;12;10;2021;00:38;5;94;94076;2;3;1;3;Boulevard Maxime Gorki;48,7884300000;2,3681700000
202100013702;12;10;2021;09:20;1;94;94034;2;6;1;3;Avenue du Parc MÃ©dicis;48,7538100000;2,3336100000
202100013712;12;10;2021;08:45;1;93;93051;2;6;1;3;CHAMPY RICHARDETS (BOULEVARD);48,8372100000;2,5774500000
202100013713;12;10;2021;07:35;2;93;93074;2;3;1;1;MEAUX RUE DE;48,9364679764;2,5819439517
202100013722;11;10;2021;19:05;1;92;92036;2;6;1;6;PIERRE DE COUBERTIN (BOULEVARD) (PORT ->;48,9305240809;2,2845742106
202100013724;12;10;2021;07:55;2;92;92012;2;1;1;3;VICTOR HUGO (AVENUE) 49/FIN - 60/FIN;48,8350468620;2,2444300485
202100013727;10;10;2021;22:00;5;92;92004;2;4;1;2;ARGENTEUIL AV D';48,9125787397;2,2844535112
202100013733;12;10;2021;18:30;2;31;31448;1;1;1;7;D35;43,4885330000;1,4650010000
202100013750;12;10;2021;17:45;1;29;29037;1;6;1;3;Le Lannou;47,8845100000; -4,1691510000
202100013752;5;10;2021;17:00;3;54;54205;1;1;2;7;Canal de la Marne au Rhin Ouest;48,6765190000;5,8022390000
202100013755;13;10;2021;13:45;1;50;50484;1;3;1;3;D977e;48,5684040000; -1,0858820000
202100013762;2;8;2021;16:30;1;30;30212;2;1;1;2;RD6086;43,9344950000;4,5571110000
202100013764;12;10;2021;16:25;1;42;42042;1;1;1;2;Route de PÃ©rigneux;45,4422930000;4,2044810000
202100013771;12;10;2021;13:50;1;973;97304;2;1;1;7;Route de l Espace;5,1747100000; -52,6534690000
202100013782;13;10;2021;09:30;1;29;29057;1;3;1;3;Route de Port la ForÃªt;47,8964710000; -3,9706990000
202100013809;11;10;2021;15:02;1;973;97302;2;1;1;3;ZEPHIR (ROCADE);4,9352775531; -52,3081662655
202100013810;11;10;2021;08:30;1;69;69386;2;3;1;3;GENERAL SARRAIL (DU)                (QU);45,7676800000;4,8413000000
202100013833;11;10;2021;18:10;1;76;76540;2;3;1;2;SERRES. AVENUE OLIVIER DE;49,4490100000;1,1200000000
202100013837;10;10;2021;11:41;1;72;72181;2;1;1;3;BOLLEE (AV) NÂ° PAIRS 154 A 222;47,9978000000;0,2127700000
202100013841;5;10;2021;18:44;2;63;63113;2;1;1;3;PAULINES (AVENUE DES);45,7756500000;3,0965100000
202100013842;5;10;2021;18:08;2;63;63113;2;2;1;3;CARMES DECHAUX (PLACE);45,7834600000;3,0944100000
202100013857;11;10;2021;07:50;2;38;38169;2;1;1;3;MAIL MARCEL CACHIN;45,1931000000;5,6874800000
202100013861;11;10;2021;17:25;1;33;33119;2;4;1;6;Chemin de Lissandre;44,8602200000; -0,5382400000
202100013872;11;10;2021;09:05;2;27;27229;2;1;1;3;COCHEREL (RUE DE);49,0204400000;1,1820100000
202100013877;11;10;2021;18:40;1;13;13210;2;1;1;2;CAPELETTE (AVENUE DE LA);43,2804800000;5,4083600000
202100013890;11;10;2021;09:27;1;75;75119;2;2;1;3;AVENUE DE FLANDRE;48,8883820000;2,3741570000
202100013892;11;10;2021;14:30;1;75;75115;2;2;1;6;RUE LECOURBE;48,8420150000;2,3006280000
202100013935;12;10;2021;14:30;1;29;29220;2;6;1;3;Rue du Petit Train;47,8664130000; -4,2293040000
202100013939;12;10;2021;14:19;1;60;60509;2;3;1;3;D1017;49,3010211509;2,6044335364
202100013980;10;10;2021;22:15;5;974;97411;1;8;1;3;ANANAS (ROUTE DES); -20,9192300000;55,4829100000
202100013982;10;10;2021;13:20;1;69;69388;2;1;1;3;VILLON (R);45,7464036658;4,8668628931
202100013995;10;10;2021;16:50;1;59;59017;2;1;1;6;LECLERC (RUE DU GENERAL );50,6832400000;2,8875600000
202100014003;10;10;2021;18:00;1;25;25056;2;6;1;3;CAUSSES RUE DES;47,2179300000;5,9647700000
202100014004;9;10;2021;17:20;1;14;14118;2;1;1;3;STIRN (PONT ALEXANDRE);49,1794200000; -0,3490500000
202100014013;10;10;2021;13:30;1;75;75120;2;4;1;3;BOULEVARD DAVOUT;48,8562840000;2,4099860000
202100014019;9;10;2021;10:45;1;75;75113;2;2;1;3;BOULEVARD MASSENA;48,8192850000;2,3620200000
202100014042;10;10;2021;14:30;1;67;67261;1;6;1;3;route du rhin;48,9651786714;8,1847715378
202100014050;10;10;2021;15:37;1;14;14149;1;1;1;7;Chemin du Coudray;49,0967270000; -0,1200600000
202100014054;10;10;2021;18:15;1;07;07160;1;1;1;1;;45,2008940000;4,5073880000
202100014070;10;10;2021;19:30;2;45;45191;1;1;1;7;D25-PR0+250;48,2847920000;2,4165630000
202100014071;10;10;2021;10:25;1;45;45346;2;1;1;6;Route des Caduels;47,9444460000;2,2781130000
202100014086;10;10;2021;10:15;1;29;29006;2;6;1;3;Rue de Penfoul;47,8793220000; -4,1066070000
202100014121;9;10;2021;18:25;2;974;97416;2;3;1;1;PAVE(RUE); -21,3423700000;55,4845700000
202100014124;9;10;2021;17:10;1;973;97302;2;2;1;3;MANGUES (RUE DES - CITE MANGUIERS);4,9342560347; -52,3234711290
202100014128;10;10;2021;00:15;5;69;69383;2;2;1;3;GAMBETTA (CR);45,7539512998;4,8469099402
202100014159;9;10;2021;14:15;1;59;59350;2;2;1;2;ERFURT PONT;50,6400470000;3,0768790000
202100014168;9;10;2021;23:24;5;44;44109;2;1;1;3;BOULEVARD DE L'EGALITE;47,2087200000; -1,5870900000
202100014198;9;10;2021;18:20;1;75;75106;2;2;1;3;BOULEVARD RASPAIL;48,8451700000;2,3285400000
202100014204;9;10;2021;19:30;5;75;75115;2;2;1;3;AVENUE DE LA PORTE BRANCION;48,8284940000;2,3013860000
202100014218;8;10;2021;22:30;5;94;94041;2;1;1;2;Rue LÃ©nine;48,8178130000;2,3974180000
202100014237;6;10;2021;13:20;1;41;41194;2;6;1;3;Rond point de chatlievre;47,3422120000;1,7490120000
202100014304;6;10;2021;21:35;3;971;97101;2;6;1;6;JEAN  IGNACE (RUE) ;16,2516600000; -61,5207500000
202100014309;7;10;2021;19:40;5;45;45004;2;3;1;3;Rue de la LibÃ©ration;47,9785300000;2,7694300000
202100014311;29;7;2021;12:40;1;74;74010;2;4;1;1;SEMNOZ (ROUTE DU);45,8915000000;6,1327300000
202100014312;22;7;2021;08:00;1;74;74010;2;4;1;3;PRELEVET (AVENUE DE);45,8992400000;6,1027500000
202100014315;8;10;2021;19:25;5;974;97411;2;2;1;3;BOSSE (RUE DE L'AMIRAL); -20,8919200000;55,4873200000
202100014345;7;10;2021;10:40;1;69;69264;2;1;1;3;THIZY DE (R);45,9870500000;4,7143900000
202100014348;7;10;2021;13:19;1;66;66136;2;3;1;3;CABRIT IMPASSE RUE JOSEPH;42,6989100000;2,8815200000
202100014359;8;10;2021;09:20;1;59;59636;2;3;1;3;BONDUES RUE DE;50,6874786876;3,0612813571
202100014370;8;10;2021;08:35;1;37;37261;2;1;1;7;GAUTHIER (RUE MARCEL);47,4047384734;0,7109922767
202100014374;8;10;2021;08:35;1;35;35238;2;1;1;2;SAINT-HELIER;48,1073600000; -1,6659100000
202100014375;6;10;2021;13:54;1;34;34172;2;1;1;5;BLUM (RUE LEON);43,6080090000;3,8905890000
202100014378;8;10;2021;12:05;1;33;33167;1;6;1;3;Route de Bergerac;44,8431000000; -0,5039200000
202100014387;8;10;2021;09:00;1;26;26198;2;1;1;1;15 Av John Fitzgerald Kennedy;44,5537500000;4,7444300000
202100014403;7;10;2021;08:30;1;75;75105;2;1;1;6;RUE SAINT JACQUES;48,8519150000;2,3461450000
202100014405;7;10;2021;17:40;1;75;75117;2;2;1;4;AVENUE DES TERNES;48,8786430000;2,2942260000
202100014407;7;10;2021;19:30;5;75;75115;2;1;1;3;AVENUE FELIX FAURE;48,8390530000;2,2828260000
202100014408;7;10;2021;18:10;1;75;75115;2;2;1;3;RUE DE LA CONVENTION;48,8411000000;2,2879430000
202100014415;8;10;2021;16:45;1;75;75104;2;2;1;3;RUE DE RIVOLI;48,8559560000;2,3579830000
202100014444;8;10;2021;18:00;1;92;92064;2;1;1;2;GOUNOD;48,8428410000;2,2119690000
202100014450;8;10;2021;10:55;1;92;92026;2;1;1;6;MARCEAU;48,9002724446;2,2450411320
202100014456;8;10;2021;07:50;1;51;51122;1;3;1;1;D982/D60;48,7734701904;4,6787756681
202100014463;9;10;2021;10:55;1;69;69046;2;1;1;3;SAINT-ABDON (DE) (RTE);45,6644714561;4,7933861947
202100014472;9;10;2021;15:10;1;61;61422;1;1;1;3;Lieu Dit Percher;48,6969940000;0,6361560000
202100014492;9;10;2021;17:15;1;50;50252;1;1;7;3;Village Courtoise;48,8870160000; -1,4598410000
202100014513;9;10;2021;10:45;1;67;67492;1;3;1;1;D225;48,5941580000;7,4709500000
202100014552;7;10;2021;17:20;1;69;69381;2;1;1;1;LUCIEN SPORTISSE (R);45,7703199374;4,8307091285
202100014554;7;10;2021;08:50;1;69;69382;2;5;1;4;JULES COURMONT (Q);45,7603500000;4,8379100000
202100014572;7;10;2021;18:00;1;77;77059;2;1;1;3;D217B;48,8501700000;2,6635700000
202100014578;7;10;2021;15:45;1;72;72181;1;1;1;1;BREGUET LOUIS (RUE);47,9759200000;0,1661500000
202100014581;7;10;2021;15:10;1;71;71475;2;1;1;6;PONT PARON (PLACE DU);46,7735989244;4,8331950701
202100014583;6;10;2021;17:20;1;67;67482;2;3;2;3;WISSEMBOURG (RUE DE);48,5911900000;7,7420800000
202100014585;6;10;2021;11:30;1;67;67447;2;3;1;2;SELESTAT (RUE DE);48,6101700000;7,7394900000
202100014592;29;9;2021;10:09;1;62;62193;2;6;1;3;LOIRE (QUAI DE LA);50,9564620000;1,8642920000
202100014595;7;10;2021;12:15;1;59;59599;2;2;7;3;TESTELIN (RUE ACHILLE);50,7346200000;3,1853700000
202100014600;7;10;2021;07:55;1;51;51454;2;2;1;3;Rue Saint Maurice;49,2470794136;4,0415899984
202100014604;7;10;2021;13:40;1;44;44109;2;1;1;3;RUE DOS D'ANE;47,1977300000; -1,5421700000
202100014608;7;10;2021;10:25;1;33;33063;2;7;7;3;Cours de la Marne;44,8286600000; -0,5629300000
202100014609;6;10;2021;18:50;2;33;33063;2;3;1;2;Cours du Raccordement;44,8657200000; -0,5621300000
202100014630;7;10;2021;08:40;1;75;75119;2;1;1;3;AVENUE JEAN JAURES;48,8886560000;2,3925590000
202100014632;7;10;2021;19:00;5;75;75115;2;1;1;6;RUE SAINT CHARLES;48,8437240000;2,2829980000
202100014635;7;10;2021;15:55;1;75;75113;2;3;1;3;AVENUE DE CHOISY;48,8290280000;2,3577020000
202100014636;6;10;2021;20:15;5;75;75113;2;3;1;3;RUE DE TOLBIAC;48,8271050000;2,3671320000
202100014638;7;10;2021;22:15;5;75;75111;2;3;1;3;AVENUE PARMENTIER;48,8693190000;2,3715680000
202100014640;7;10;2021;12:55;1;75;75101;2;3;1;3;RUE DE RIVOLI;48,8660240000;2,3250250000
202100014641;7;10;2021;10:15;1;75;75104;2;3;1;3;BOULEVARD BEAUMARCHAIS;48,8548070000;2,3687430000
202100014649;7;10;2021;20:40;5;93;93059;2;3;1;2;JEAN MERMOZ (BOULEVARD) NÂ°59AU185 ET 76A;48,9711877332;2,3662027716
202100014652;7;10;2021;17:50;1;93;93048;2;2;1;3;Boulevard Aristide Briand / Rue de la Demi-Lune;48,8762741830;2,4561309814
202100014664;7;10;2021;08:22;1;92;92024;2;1;1;3;JEAN JAURES (BD) DE 47 A 109)   (56 A 14;48,9013900000;2,3051200000
202100014666;7;10;2021;17:10;1;92;92007;2;1;1;3;BRIAND (AVENUE ARISTIDE) NÂ° 100 A 160;48,7967927758;2,3219963908
202100014674;8;10;2021;07:30;1;83;83148;2;1;1;3;Boulevard des Pins Parasols;43,4296500000;6,4365020000
202100014682;7;10;2021;19:00;2;57;57102;2;1;1;3;Bousse;49,2776890000;6,2159170000
202100014710;30;9;2021;11:40;1;69;69234;1;1;1;2;PONTCHARRA (DE) (RTE);45,8657100000;4,5093890000
202100014766;6;10;2021;14:45;1;69;69387;2;2;8;5;JEAN JAURES (AV);45,7482056186;4,8436938169
202100014770;6;10;2021;08:40;1;91;91477;2;1;1;3;PARMENTIER (RUE);48,7060010000;2,2088180000
202100014772;5;10;2021;13:00;1;91;91223;2;1;1;6;BERCHERE (BOULEVARD);48,4310900000;2,1596100000
202100014773;5;10;2021;19:41;1;87;87085;2;2;2;3;DUSSOUBS (PLACE DENIS);45,8329600000;1,2558000000
202100014792;18;9;2021;22:00;5;59;59360;2;3;1;3;GHESQUIERE RUE DE;50,6073801856;3,0305421352
202100014796;6;10;2021;12:10;1;51;51454;2;2;1;3;Rue du Petit Delbourg;49,2524566617;4,0514523492
202100014801;6;10;2021;08:50;1;45;45234;2;2;1;3;Rue Royale;47,8982400000;1,9041800000
202100014802;5;10;2021;12:25;1;41;41018;2;1;1;3;BELLE JARDINIERE (AVENUE DE LA);47,5677600000;1,3256300000
202100014812;5;10;2021;13:50;1;14;14118;2;1;2;3;RETHEL (BOULEVARD DE);49,1706400000; -0,3330000000
202100014831;6;10;2021;17:05;1;75;75120;2;2;1;3;BOULEVARD DE BELLEVILLE;48,8690370000;2,3806750000
202100014833;6;10;2021;14:10;1;75;75119;2;3;1;7;RUE FESSART;48,8768220000;2,3853080000
202100014843;6;10;2021;09:05;1;75;75114;2;2;1;3;BOULEVARD JOURDAN;48,8213700000;2,3343530000
202100014844;5;10;2021;21:15;5;75;75112;2;3;2;2;AVENUE DAUMESNIL;48,8358930000;2,4056370000
202100014845;6;10;2021;12:15;1;75;75111;2;5;1;3;BOULEVARD VOLTAIRE;48,8621220000;2,3728730000
202100014852;6;10;2021;15:30;1;94;94077;2;1;1;6;Avenue de la RÃ©publique;48,7320310000;2,4107800000
202100014859;6;10;2021;11:00;1;93;93029;2;1;1;3;Avenue Marceau;48,9283420000;2,4361770000
202100014870;6;10;2021;16:25;1;92;92012;2;2;1;2;SILLY (RUE DE) 89/FIN - 90/FIN;48,8333684520;2,2334541815
202100014877;25;8;2021;18:00;2;974;97410;1;1;1;2;Route Nationale 2 Bourbier les Bas; -21,0247000000;55,7044230000
202100014882;6;10;2021;15:50;1;32;32208;1;1;1;2;RN21;43,9498290000;0,6542120000
202100014893;6;10;2021;21:00;3;17;17385;1;1;1;1;Route Rd 734;45,9549690000; -1,3354830000
202100014912;6;10;2021;19:00;1;63;63213;1;1;1;3;D1093;45,8341410000;3,2693430000
202100014914;2;10;2021;11:25;1;65;65320;1;1;1;2;RD 8;43,1204110000;0,1186290000
202100014982;1;10;2021;17:18;1;87;87085;2;1;1;6;ORADOUR SUR GLANE (CARREFOUR D');45,8342600000;1,2265100000
202100014983;4;10;2021;11:37;1;84;84087;2;2;8;3;DUNANT (RUE HENRI);44,1318500000;4,8338300000
202100014999;5;10;2021;13:05;1;72;72181;2;3;1;2;LIBERATION (AV DE LA) NÂ° IMP 147 ET+;48,0034512848;0,1862749819
202100015022;30;9;2021;18:25;2;63;63113;2;3;1;1;BELLOY (RUE DU);45,7840500000;3,0802100000
202100015029;4;10;2021;18:35;1;59;59654;2;1;1;3;COET (RUE ANTOINE);50,3870700000;3,1131100000
202100015044;4;10;2021;14:35;1;49;49099;1;1;1;3;RD 752;47,0751700000; -0,9008800000
202100015056;5;10;2021;07:40;2;37;37261;2;1;2;7;PAILHOU (PLACE GASTON);47,3909392634;0,6817755016
202100015064;4;10;2021;08:45;1;35;35238;2;2;1;3;BREST (DE);48,1125300000; -1,6919700000
202100015066;14;9;2021;15:15;1;35;35115;2;2;1;6;CANROBERT (RUE);48,3509720000; -1,1912280000
202100015067;5;10;2021;19:20;1;34;34172;2;1;1;3;DUNANT (RUE HENRI);43,6268200000;3,8693400000
202100015091;2;10;2021;11:30;1;11;11262;2;9;1;6;SOURCE (AVENUE DE ST JEAN DE LA);43,1876500000;2,9804600000
202100015092;1;10;2021;17:00;1;11;11262;2;1;1;6;FRANCE (AVENUE ANATOLE);43,1896800000;2,9853200000
202100015095;5;10;2021;15:10;1;06;06027;2;1;1;3;BOULEAUX ALLEE DES;43,6533820000;7,1541070000
202100015096;1;10;2021;13:25;1;05;05061;2;1;1;3;RN 94;44,5732500000;6,1088800000
202100015107;5;10;2021;07:30;1;75;75120;2;7;8;3;PORTE DE MONTREUIL;48,8543610000;2,4130600000
202100015112;5;10;2021;07:10;2;75;75113;2;2;1;3;QUAI FRANCOIS MAURIAC;48,8322350000;2,3797780000
202100015114;5;10;2021;09:15;1;75;75111;2;3;3;3;RUE DE MONTREUIL;48,8504120000;2,3919220000
202100015115;5;10;2021;11:20;1;75;75108;2;1;3;6;AVENUE DE WAGRAM;48,8772060000;2,2975320000
202100015119;5;10;2021;18:50;2;75;75104;2;3;2;7;RUE VIEILLE DU TEMPLE;48,8584490000;2,3584850000
202100015133;4;10;2021;08:30;1;93;93066;2;3;1;3;Avenue Jean Moulin / Rue Guy Moquet;48,9408900000;2,3638800000
202100015138;5;10;2021;09:40;1;92;92046;2;1;3;7;TOUR (RUE DE LA);48,8227200000;2,3044000000
202100015142;4;10;2021;16:51;1;92;92050;2;1;1;3;PICASSO PABLO AVENUE;48,8892605697;2,2295647860
202100015183;5;10;2021;20:10;3;77;77327;1;1;2;7;D619;48,5715530000;2,9996320000
202100015187;4;10;2021;11:45;1;81;81187;1;1;1;2;Route de Saint-Paul Cap de Joux;43,7031490000;2,0041090000
202100015224;3;10;2021;19:35;5;75;75113;2;1;1;2;RUE DES TERRES AU CURE;48,8240950000;2,3722490000
202100015226;4;10;2021;13:45;1;75;75110;2;3;1;6;RUE DU FAUBOURG SAINT DENIS;48,8812790000;2,3581310000
202100015227;4;10;2021;16:30;1;75;75107;2;3;1;7;QUAI D ORSAY;48,8625740000;2,3190080000
202100015231;4;10;2021;19:00;1;75;75101;2;2;1;7;RUE DE L AMIRAL DE COLIGNY;48,8609140000;2,3408020000
202100015234;4;10;2021;12:30;1;94;94046;2;2;1;1;Avenue de la RÃ©publique;48,8028000000;2,4340500000
202100015237;4;10;2021;09:10;1;93;93066;2;9;1;1;Rue du Landy;48,9153230000;2,3533260000
202100015238;3;10;2021;11:08;1;93;93066;2;1;2;3;Rue Brise Echalas;48,9382050000;2,3456650000
202100015263;3;10;2021;14:30;1;33;33540;2;1;8;6;Rue des Anciens Combattants;45,3552820000; -1,0607060000
202100015288;25;8;2021;09:00;1;84;84068;2;6;7;2;Rond-point D27 / D943;43,7651200000;5,3654480000
202100015289;2;10;2021;15:35;1;04;04019;2;1;1;2;Av Porfirio Diaz;44,3866230000;6,6544750000
202100015316;2;10;2021;11:15;1;91;91027;2;2;1;3;RUE PAUL LAFARGUE;48,6959210000;2,3823520000
202100015317;3;10;2021;12:30;1;83;83069;2;1;1;3;MACRI (CHEMIN SOLDAT);43,1165200000;6,1467000000
202100015356;3;10;2021;12:30;1;75;75117;2;1;2;2;BOULEVARD PEREIRE;48,8826210000;2,2932420000
202100015369;3;10;2021;00:15;5;93;93048;2;1;2;3;Rue de Paris;48,8562470089;2,4260076284
202100015390;23;9;2021;17:50;1;49;49283;1;1;7;2;RD723;47,4134960000; -0,7517480000
202100015395;2;10;2021;12:33;1;70;70210;2;1;1;7;Route du Lavoir;47,7965190000;6,5677210000
202100015397;26;9;2021;16:15;1;14;14200;2;1;1;3;Rue des druides;49,2830830000; -0,5379470000
202100015430;4;10;2021;11:00;1;29;29021;1;2;1;7;Rue Poulpry;48,6706760000; -4,3389670000
202100015431;4;10;2021;12:05;1;60;60450;2;3;1;1;Route de Crouy;49,2239250000;2,2908850000
202100015471;2;10;2021;02:30;3;974;97407;1;1;1;7;ROUTE DU SACRE COEUR; -20,9499400000;55,3016400000
202100015472;29;9;2021;11:40;1;974;97407;2;1;1;3;DE GAULLE(RUE); -20,9435300000;55,2975200000
202100015491;1;10;2021;07:30;1;95;95555;2;1;1;2;LECLERC (RUE DU GENERAL);48,9669203172;2,2906785404
202100015508;30;9;2021;19:20;1;83;83126;2;1;1;6;PACHA (CORNICHE MICHEL);43,0928620000;5,9040390000
202100015526;28;9;2021;12:50;1;69;69092;1;9;1;3;BEAUJOLAIS (DU) (AV);45,9971453880;4,7067672014
202100015554;30;9;2021;18:10;1;56;56121;2;1;8;2;SVOB ( BOULEVARD EMMANUEL);47,7508400000; -3,3680400000
202100015557;30;9;2021;12:30;1;54;54395;2;2;1;1;JAURES (BOULEVARD JEAN);48,6806500000;6,1789000000
202100015558;2;10;2021;15:45;1;51;51454;2;3;1;3;Rue des Romains;49,2623234679;4,0190517347
202100015567;1;10;2021;07:35;2;45;45302;2;3;1;3;Ancienne Route de Chartres;47,9413500000;1,8888700000
202100015575;2;10;2021;16:00;1;38;38185;2;3;1;3;JEUX OLYMPIQUES (AV. DES);45,1741300000;5,7430200000
202100015601;1;10;2021;08:05;1;29;29019;2;6;2;3;Avenue Georges Clemenceau;48,3888100000; -4,4839500000
202100015604;2;10;2021;12:30;1;26;26281;2;6;1;3;rond point de l' EUROPE;45,0457600000;5,0554370000
202100015605;24;9;2021;16:30;1;24;24102;2;6;1;3;REYNATS (AVENUE DES);45,2003800000;0,6704900000
202100015606;29;9;2021;16:55;1;24;24138;1;1;1;4;CHURCHILL ( AVENUE WINSTON);45,1851300000;0,6989500000
202100015629;1;10;2021;15:15;1;07;07281;1;1;1;3;C.D. 287 (VERS ST ROMAIN DE LERPS);44,9517499329;4,8252445161
202100015630;1;10;2021;12:20;1;06;06027;1;1;1;6;GAUDE AVENUE DE LA;43,6669400000;7,1526780000
202100015633;1;10;2021;17:34;1;01;01053;2;1;1;7;EDOUARD HERRIOT ( BD);46,2110565390;5,2195667293
202100015647;2;10;2021;14:25;1;94;94068;2;1;8;6;Rue Bourdignon;48,8059300000;2,4783600000
202100015651;2;10;2021;12:16;1;94;94028;2;1;1;5;Avenue de Verdun;48,7995900000;2,4670900000
202100015654;2;10;2021;18:50;2;93;93064;2;1;2;3;JAURES (AVENUE JEAN);48,8676200000;2,4864200000
202100015656;2;10;2021;19:00;2;93;93077;2;9;2;3;FREDY (AVENUE DE);48,8804300000;2,5190700000
202100015671;2;10;2021;15:48;1;57;57097;1;1;1;3;D19;49,1949700000;6,4803890000
202100015676;2;10;2021;11:40;1;65;65360;2;1;1;7;6 Route de Loubajac;43,1048570000; -0,1178880000
202100015687;3;10;2021;19:45;2;85;85172;1;3;1;1;Chemin de la JalonniÃ¨re;46,8377970000; -1,9897420000
202100015704;1;10;2021;12:40;1;74;74280;2;9;1;5;Av d Annecy;45,8849020000;6,3189630000
202100015713;2;10;2021;05:07;3;69;69256;1;1;1;2;A42;45,8000104624;4,9280482522
202100015744;1;10;2021;18:15;2;75;75114;2;7;3;7;AVENUE DU COLONEL HENRI ROL TANGUY;48,8336900000;2,3319470000
202100015746;1;10;2021;19:35;2;75;75112;2;2;2;3;PONT DE TOLBIAC;48,8335240000;2,3821090000
202100015749;1;10;2021;14:20;1;75;75110;2;5;1;6;BOULEVARD DE MAGENTA;48,8748040000;2,3573920000
202100015753;30;9;2021;14:20;1;75;75104;2;2;1;3;PONT DE SULLY;48,8508200000;2,3614350000
202100015758;28;9;2021;07:45;1;94;94033;2;2;8;1;EMILE ZOLA (R);48,8573100000;2,4708100000
202100015769;1;10;2021;06:30;5;93;93031;2;3;1;3;Rue des Solivats / Avenue de la RÃ©publique;48,9485307924;2,3360871077
202100015774;25;9;2021;17:30;1;92;92064;2;1;1;3;REPUBLIQUE;48,8467175416;2,2141490524
202100015775;1;10;2021;09:11;1;92;92076;2;1;1;3;SURESNES;48,8458250000;2,1799680000
202100015784;30;9;2021;18:15;1;92;92012;2;6;1;2;ANCIENS COMBATTANT (ROND - POINT DES);48,8479077756;2,2418090701
202100015794;1;10;2021;15:45;1;66;66050;1;1;1;2;Route du Barcares;42,7771650000;2,9296800000
202100015822;1;10;2021;10:55;1;34;34337;1;3;1;3;Cd 185;43,5379400000;3,8643980000
202100015834;2;10;2021;13:55;1;74;74032;1;1;1;1;Rte de la Cote;46,2582060000;6,5300630000
202100015835;1;10;2021;12:30;1;69;69154;1;2;1;3;LENTILLY (DE) (RTE);45,7889530000;4,6692320000
202100015865;30;9;2021;08:25;1;69;69388;2;3;1;3;MARIUS BERLIET (R);45,7460100000;4,8592600000
202100015877;30;9;2021;20:40;3;91;91103;1;2;1;3;BOELE (ROUTE);48,6262700000;2,2971550000
202100015894;29;9;2021;13:00;1;64;64237;1;6;1;2;D 802;43,2788700000; -0,3752200000
202100015899;29;9;2021;19:48;2;56;56121;2;1;1;6;ORADOUR SUR GLANE ( BD D');47,7534000000; -3,3710100000
202100015907;29;9;2021;19:14;1;49;49007;2;1;1;2;MEIGNANNE;47,4786000000; -0,5697300000
202100015912;30;9;2021;20:45;5;35;35238;2;3;1;3;VANEAU;48,1104600000; -1,6927400000
202100015913;30;9;2021;22:20;5;33;33063;2;1;1;1;Cours de la Somme;44,8295800000; -0,5722300000
202100015915;29;9;2021;15:30;1;33;33119;2;3;1;3;Cours de Verdun;44,8514600000; -0,5378700000
202100015924;29;9;2021;12:59;1;13;13077;2;1;1;6;THOREZ MAURICE (avenue);43,4065000000;4,9808400000
202100015929;29;9;2021;21:25;5;10;10387;2;9;1;3;VERNIER (RUE);48,2978400000;4,0759500000
202100015936;30;9;2021;13:55;1;05;05023;2;1;1;6;DE GAULLE (AVENUE DU GENERAL);44,8954300000;6,6330400000
202100015942;30;9;2021;14:10;1;75;75118;2;1;1;3;RUE DOUDEAUVILLE;48,8889820000;2,3590100000
202100015950;30;9;2021;08:45;1;75;75114;2;2;1;7;AVENUE DE LA PORTE DE MONTROUGE;48,8236860000;2,3231730000
202100015960;30;9;2021;10:25;1;94;94041;2;2;1;3;Rue Marat;48,8110330000;2,3843010000
202100015971;30;9;2021;17:40;1;92;92024;2;1;1;2;JEAN JAURES (BD) DE (1 A 45)   (2 A 54);48,8983400000;2,3075700000
202100015974;29;9;2021;08:10;1;92;92004;2;1;1;3;MARNE   ( AVENUE DE LA );48,9093863095;2,2860165126
202100015983;30;9;2021;10:40;1;83;83018;1;6;7;3;Avenue de la Gare;43,3448600052;6,1724656668
202100015984;30;9;2021;19:30;2;44;44071;2;1;1;2;Rue du ChÃ¢teau;47,1983370000; -1,4213780000
202100016010;30;9;2021;16:45;1;07;07265;1;1;7;3;;45,2841880000;4,6318790000