Num_Acc;jour;mois;an;hrmn;lum;dep;com;agg;int;atm;col;adr;lat;long
202100016013;30;9;2021;15:30;1;27;27185;1;2;1;3;D84;49,2110300000;0,9770860000
202100016025;1;10;2021;16:10;1;01;01249;2;1;1;2;D1083;45,8613620000;4,9113660000
202100016072;28;9;2021;13:40;1;69;69259;2;2;1;6;FRANCIS DE PRESSENSE (AV);45,7265900000;4,8625800000
202100016073;28;9;2021;09:10;1;69;69387;2;2;1;1;GUILLOTIERE (DE LA) (GR);45,7474900000;4,8582000000
202100016078;27;9;2021;17:00;1;971;97101;1;9;1;3;Rue Hubert FAROUIL;16,2741000000; -61,4996300000
202100016102;28;9;2021;10:00;1;83;83034;1;1;1;1;RUE DES 3 PINS;43,1023316595;6,0556536104
202100016117;28;9;2021;16:35;1;77;77373;2;1;1;2;RUE DES PRES SAINT MARTIN;48,7915880156;2,6133362983
202100016122;28;9;2021;07:50;2;72;72181;2;1;1;3;RHIN ET DANUBE (AV) NÂ° IMP 1 A 269;48,0200900000;0,1839700000
202100016129;29;9;2021;00:20;5;67;67482;1;3;1;3;RHIN (AVENUE DU);48,5694200000;7,7782800000
202100016130;28;9;2021;15:10;1;67;67482;2;1;1;3;MINOTERIE (RUE DE LA);48,5782100000;7,7908700000
202100016131;28;9;2021;20:10;3;66;66136;2;6;1;3;FRANCE LIBRE (BOULEVARD DE LA);42,7054300000;2,9018500000
202100016138;29;9;2021;09:08;1;63;63113;2;1;1;3;COTE BLATIN (BD);45,7685200000;3,0896600000
202100016143;28;9;2021;17:50;1;59;59350;2;1;1;3;CALMETTE BV.DU DOCTEUR;50,6290800000;3,0754500000
202100016160;28;9;2021;09:50;1;45;45232;2;6;1;3;HUGO (AVENUE VICTOR);47,8568500000;1,9031700000
202100016164;28;9;2021;13:15;1;44;44109;2;1;1;3;ERDRE ( RTE CHAPELLE SUR);47,2594800000; -1,5750100000
202100016167;29;9;2021;13:45;1;38;38169;2;1;1;3;Boulevard Paul Langevin;45,1979900000;5,6715400000
202100016173;28;9;2021;07:55;1;37;37261;2;2;1;6;EUROPE (AVENUE DE L');47,4236709681;0,6930945106
202100016174;24;9;2021;17:15;1;35;35241;2;1;7;6;D168;48,6140000000; -2,0352800000
202100016184;28;9;2021;11:30;1;33;33550;2;6;1;2;Route de LÃ©ognan;44,7656900000; -0,5800700000
202100016187;27;9;2021;08:50;1;33;33249;2;3;1;3;AVE DE PARIS;44,8690600000; -0,5123300000
202100016189;29;9;2021;19:30;5;31;31069;2;1;1;6;ARAGON (AV LOUIS);43,6438900000;1,3791100000
202100016194;28;9;2021;10:00;1;31;31555;2;1;1;7;RUE DU COLONEL TOUSSAINT;43,6195600000;1,4574100000
202100016210;27;9;2021;14:40;1;17;17300;2;1;1;3;GUITON   AVENUE JEAN (167-341);46,1603600000; -1,1925100000
202100016222;27;9;2021;08:50;1;13;13001;2;2;1;3;CARDINALE (RUE);43,5253954396;5,4509483732
202100016226;28;9;2021;12:17;1;05;05061;2;6;7;3;FAUVINS ( ROUTE  DES );44,5641000000;6,0934900000
202100016228;27;9;2021;17:05;1;05;05061;1;1;1;7;LUYE ( ROUTE DE LA );44,5101400000;6,0680500000
202100016232;28;9;2021;17:35;1;01;01053;2;4;1;6;VICAIRE (RUE GABRIEL);46,2079300000;5,2237500000
202100016239;29;9;2021;08:30;1;75;75120;2;2;1;3;BOULEVARD MORTIER;48,8679340000;2,4090040000
202100016242;29;9;2021;14:55;1;75;75118;2;3;8;6;AVENUE DE SAINT OUEN;48,8958836125;2,3284120508
202100016243;29;9;2021;22:15;5;75;75114;2;1;1;3;AVENUE DU GENERAL LECLERC;48,8304372775;2,3291287231
202100016245;29;9;2021;17:44;1;75;75113;2;1;1;3;BOULEVARD DU GENERAL JEAN SIMON;48,8270260000;2,3854190000
202100016246;29;9;2021;12:53;1;75;75113;2;7;1;3;PLACE ABBE GEORGES HENOCQUE;48,8239523259;2,3535811549
202100016247;28;9;2021;19:05;2;75;75113;2;3;1;3;QUAI DE LA GARE;48,8356792795;2,3753664827
202100016252;29;9;2021;10:40;1;75;75104;2;3;1;3;BOULEVARD BEAUMARCHAIS;48,8548154171;2,3687320498
202100016254;27;9;2021;18:35;2;94;94041;2;1;1;3;Boulevard de Stalingrad;48,8054100000;2,3764000000
202100016268;29;9;2021;19:40;5;92;92024;2;1;1;1;MOZART (RUE);48,9040497110;2,3187911510
202100016270;29;9;2021;20:35;5;92;92049;2;1;1;3;DORMOY (AVENUE MARX);48,8096500000;2,3253800000
202100016271;29;9;2021;14:05;1;92;92007;2;1;1;3;PASTEUR (AVENUE LOUIS) AUTRES NUMEROS;48,8026269035;2,3189802468
202100016275;26;9;2021;17:40;1;62;62652;2;3;1;6;Rue de Lillers;50,4838080000;2,4146590000
202100016288;11;9;2021;11:20;1;44;44097;2;3;1;3;Rue de Lozepienne;47,4076910000; -2,4808130000
202100016294;29;9;2021;15:50;1;50;50593;1;1;1;3;Hameau Es Gendres;49,5915430000; -1,4134650000
202100016311;28;9;2021;12:20;1;95;95253;1;1;1;6;RD 43;49,0588370000;1,8690810000
202100016333;25;8;2021;18:50;2;59;59263;1;6;7;3;D643;50,3259090000;3,1097320000
202100016347;28;9;2021;09:15;1;75;75120;2;1;1;2;RUE DES PYRENEES;48,8569630000;2,4044670000
202100016352;28;9;2021;21:18;5;75;75114;2;3;1;2;AVENUE MAURICE D OCAGNE;48,8246719168;2,3135641370
202100016357;28;9;2021;16:50;1;75;75112;2;1;1;6;BOULEVARD DE BERCY;48,8395000000;2,3848970000
202100016359;27;9;2021;07:13;5;75;75112;2;5;1;3;AVENUE COURTELINE;48,8440504325;2,4130949950
202100016360;28;9;2021;19:00;1;75;75111;2;2;1;3;BOULEVARD RICHARD LENOIR;48,8657780000;2,3699900000
202100016361;28;9;2021;09:40;1;75;75110;2;4;1;2;BOULEVARD DE MAGENTA;48,8757838351;2,3565210427
202100016362;28;9;2021;15:00;1;75;75108;2;5;1;3;RUE DU FAUBOURG SAINT HONORE;48,8771467944;2,3003201187
202100016365;28;9;2021;18:35;1;94;94041;2;1;1;6;Quai Marcel Boyer;48,8236900000;2,3906400000
202100016379;28;9;2021;18:10;1;92;92051;2;1;1;6;JEAN MERMOZ (BOULEVARD, NÂ° 5 A 15);48,8857556513;2,2692574561
202100016389;27;9;2021;09:06;1;92;92012;2;2;2;3;LE CORBUSIER (RUE);48,8377599139;2,2404592373
202100016391;7;9;2021;17:26;1;80;80766;1;1;1;7;D114;50,0545763118;2,4858283997
202100016417;28;9;2021;15:00;1;57;57148;2;1;1;6;Rue de Pange;49,0986840000;6,3245310000
202100016418;28;9;2021;17:20;1;63;63092;1;1;1;3;D16;45,9015970000;2,9939150000
202100016421;20;9;2021;11:20;1;33;33415;1;3;1;1;Rue de la Croix de l Avocat;45,0128370000; -0,4517150000
202100016456;27;9;2021;11:30;1;81;81004;1;6;1;3;ROCADE RN88 NORD;43,9515100000;2,1553800000
202100016457;27;9;2021;17:00;1;78;78551;1;3;1;1;route forestiÃ¨re des pavillons;48,9630670000;2,1145540000
202100016467;24;9;2021;12:10;1;67;67482;2;1;1;2;GENERAL DE GAULLE (AVENUE DU);48,5781400000;7,7692600000
202100016468;24;9;2021;09:40;1;67;67482;2;1;1;2;DRESDE (BOULEVARD DE);48,5992900000;7,7615200000
202100016474;23;9;2021;17:12;1;63;63070;2;2;1;3;MONT-DORE (AVENUE DU);45,7473500000;3,0707300000
202100016490;27;9;2021;18:15;1;51;51454;2;1;1;3;Rue Gerbert;49,2507400000;4,0401000000
202100016494;25;9;2021;16:05;1;49;49099;2;6;3;3;KOENIG (AVENUE DU MARECHAL);47,0517500000; -0,8499700000
202100016497;27;9;2021;12:50;1;45;45234;2;1;8;3;Rue Brise Pain;47,9022800000;1,8863700000
202100016502;27;9;2021;17:00;1;33;33522;2;1;1;6;Cours de la LibÃ©ration;44,8122300000; -0,5909700000
202100016503;27;9;2021;08:00;1;33;33069;2;1;1;5;AVE MAL DE LATTRE DE TASSIGNY;44,8643700000; -0,6048200000
202100016505;27;9;2021;08:40;1;31;31555;2;1;8;3;RTE DE SAINT SIMON;43,5901200000;1,4159800000
202100016510;27;9;2021;22:47;5;17;17306;2;2;8;3;JOLIOT CURIE (DOCTEUR) (AV);45,6232136328; -1,0032449410
202100016516;24;9;2021;17:40;1;11;11262;2;1;1;3;RD 6009 NARBONNE - PERPIGNAN;43,1920400000;3,0287500000
202100016528;26;9;2021;01:30;5;94;94003;2;9;1;1;FABIEN (BOULEVARD DU COLONEL);48,8018175789;2,3357587865
202100016538;27;9;2021;00:15;5;75;75113;2;7;1;3;PLACE VALHUBERT;48,8442337908;2,3647702631
202100016540;27;9;2021;18:05;1;75;75111;2;5;1;3;BOULEVARD VOLTAIRE;48,8503980000;2,3925170000
202100016541;27;9;2021;11:50;1;75;75108;2;3;2;3;AVENUE DES CHAMPS ELYSEES;48,8710888101;2,3034878377
202100016553;27;9;2021;13:00;1;93;93063;2;1;3;6;Avenue Paul Vaillant - Couturier;48,8850000000;2,4340000000
202100016557;27;9;2021;15:30;1;92;92075;2;2;1;3;SADI CARNOT (RUE);48,8224101195;2,2899373474
202100016561;27;9;2021;19:30;5;92;92035;2;1;1;6;National ( boulevard );48,9047376140;2,2394151986
202100016572;28;9;2021;15:18;1;65;65031;2;1;1;7;D929;42,9055390000;0,3573290000
202100016580;27;9;2021;07:00;2;38;38229;2;1;1;3;Chemin du Vieux ChÃªne;45,2086840000;5,7911470000
202100016620;3;9;2021;14:10;1;59;59350;2;9;1;6;MORISSON SQUARE;50,6346700000;3,0610800000
202100016636;25;9;2021;18:45;1;78;78440;2;6;1;3;BECHEVILLE (RUE DE);48,9874500000;1,9122000000
202100016642;26;9;2021;17:55;1;65;65440;2;6;1;3;PALAY (RUE SIMIN);43,2316100000;0,0615000000
202100016643;25;9;2021;20:35;5;59;59599;2;3;1;1;MORTAGNE (RUE GUILLAUME DE);50,7386428840;3,1766912570
202100016656;21;9;2021;16:07;1;16;16089;2;6;1;3;BREGUET (RUE LOUIS);45,6789291954; -0,3112944961
202100016676;26;9;2021;15:00;1;75;75115;2;3;3;6;RUE LINOIS;48,8485290000;2,2828870000
202100016700;20;9;2021;15:15;1;30;30356;1;6;1;3;Mas de Peyre;43,8250610000;4,4196150000
202100016723;27;9;2021;07:10;3;09;09103;1;1;1;3;D919;43,0275840000;1,5752080000
202100016725;25;9;2021;11:15;1;07;07130;1;1;1;1;N102;44,7240250000;4,0049670000
202100016729;19;9;2021;11:50;1;35;35131;1;2;1;3;RD 125;48,1305680000; -1,8171990000
202100016743;27;9;2021;17:35;1;42;42155;1;2;8;1;Route de Saint Germain Laval;45,8064570000;4,1405150000
202100016747;27;9;2021;09:20;1;26;26064;1;6;1;3;Rond point de la FusÃ©e;44,9030600000;5,0086930000
202100016779;24;9;2021;17:30;1;973;97302;2;3;1;3;MONTABO (ROUTE DE) 2;4,9338800000; -52,2909000000
202100016781;23;9;2021;16:51;1;973;97302;2;1;1;5;TIGRE (ROUTE DU);4,9187431546; -52,3160283566
202100016802;3;9;2021;20:35;5;971;97101;1;9;1;6;PETIT PEROU;16,2531362408; -61,5143389595
202100016813;24;9;2021;12:45;1;91;91549;2;1;1;3;MARE AU CHANVRE (RUE DE LA);48,6240700000;2,3412400000
202100016815;22;9;2021;18:00;1;91;91377;2;1;1;3;AV DU PDT SALVADOR ALLENDE;48,7300450000;2,2586910000
202100016834;23;9;2021;14:00;1;83;83137;2;3;1;3;CUZIN (AVE FRANCOIS);43,1219280000;5,9428420000
202100016864;1;9;2021;18:37;1;68;68066;2;3;7;3;ROUFFACH (ROUTE DE);48,0669700000;7,3431100000
202100016866;23;9;2021;16:50;1;67;67482;2;3;1;3;PRESIDENT POINCARE (BOULEVARD DU);48,5898600000;7,7423700000
202100016876;23;9;2021;11:25;1;65;65440;2;1;1;3;FOCH (RUE DU MARECHAL);43,2319410000;0,0803480000
202100016878;24;9;2021;11:30;1;64;64445;2;1;1;3;ALSACE LORRAINE D';43,3045700000; -0,3679400000
202100016887;23;9;2021;13:55;1;61;61001;2;1;1;3;STRASBOURG (BOULEVARD DE);48,4355900000;0,0912100000
202100016888;23;9;2021;14:30;1;59;59350;2;1;1;3;DUNKERQUE AVENUE DE;50,6457800000;2,9905500000
202100016901;23;9;2021;19:00;1;50;50173;2;1;1;1;LEDENTU (RUE EUGENE);49,6532300000; -1,6573500000
202100016904;24;9;2021;12:40;1;49;49007;2;1;1;3;NOTRE DAME DU LAC AVENUE;47,4755690000; -0,5834450000
202100016905;24;9;2021;08:55;1;49;49007;2;1;1;3;BEAUREPAIRE;47,4744300000; -0,5602400000
202100016909;23;9;2021;09:38;1;49;49007;2;1;1;3;BICHON PLACE;47,4786770000; -0,5649070000
202100016910;22;9;2021;12:38;1;49;49007;2;1;1;3;POISSONNERIE;47,4723678952; -0,5570687272
202100016914;23;9;2021;16:45;1;45;45234;2;3;1;1;Rue Vieille LevÃ©e;47,8925000000;1,8957700000
202100016915;25;9;2021;14:44;1;45;45208;2;6;1;3;Place Victor Hugo;47,9949900000;2,7324400000
202100016918;24;9;2021;17:45;1;44;44109;2;1;1;3;SCHUMAN ( BD ROBERT );47,2375900000; -1,5696600000
202100016928;24;9;2021;01:10;5;37;37261;2;7;1;6;CHOISEUL (PLACE);47,4017102003;0,6842836589
202100016930;22;9;2021;18:20;1;37;37261;2;1;1;6;TRANCHEE (AVENUE DE LA);47,4080880479;0,6814726091
202100016931;22;9;2021;14:30;1;37;37261;2;3;1;6;DE GAULLE (AVENUE DU GENERAL);47,3798071990;0,6945661518
202100016938;23;9;2021;19:00;1;33;33063;2;5;1;6;RUE CAMILLE GODARD;44,8550300000; -0,5738000000
202100016956;8;9;2021;08:13;1;29;29019;2;2;1;3;Avenue Victor le Gorgeu;48,4099500000; -4,5148500000
202100016962;23;9;2021;14:38;1;26;26198;2;3;1;3;52 Rue Gustave Monod;44,5455040000;4,7406690000
202100016964;24;9;2021;08:15;1;25;25056;2;1;1;6;CHALEZEULE RUE DE (entre 51 ET 72);47,2475300000;6,0377900000
202100016965;24;9;2021;16:50;1;17;17291;1;1;1;3;HUIT MAI 1945;46,1776000000; -1,1136000000
202100016966;22;9;2021;16:30;1;14;14487;2;1;1;6;VALLEE (ROUTE);49,1924700000;0,2224900000
202100016968;24;9;2021;18:10;1;14;14118;2;1;1;3;VAUCELLES (PONT DE);49,1767400000; -0,3544800000
202100016972;22;9;2021;17:50;1;14;14118;2;9;1;3;RICHEMOND (BOULEVARD);49,1907200000; -0,3759000000
202100017016;22;9;2021;09:14;1;75;75107;2;4;1;3;AVENUE DE LOWENDAL;48,8534018494;2,3095683656
202100017020;23;9;2021;10:39;1;75;75113;2;3;1;7;BOULEVARD MASSENA;48,8234010000;2,3750320000
202100017021;25;9;2021;19:55;5;75;75119;2;2;1;3;BOULEVARD MACDONALD;48,8987210000;2,3710410000
202100017038;23;9;2021;10:35;1;75;75115;2;3;1;6;RUE DE VAUGIRARD;48,8408930000;2,3058730000
202100017044;24;9;2021;20:15;5;75;75114;2;4;1;6;AVENUE DU MAINE;48,8410390000;2,3215540000
202100017047;23;9;2021;21:05;5;75;75114;2;1;1;1;RUE VERCINGETORIX;48,8323754823;2,3109386134
202100017051;23;9;2021;14:50;1;75;75113;2;3;1;3;AVENUE LEON BOLLEE;48,8180450000;2,3627840000
202100017056;25;9;2021;21:25;5;75;75111;2;2;2;3;BOULEVARD VOLTAIRE;48,8597540000;2,3768440000
202100017058;24;9;2021;17:30;1;75;75115;2;3;1;3;RUE LECOURBE;48,8412870000;2,2982140000
202100017059;24;9;2021;13:15;1;75;75111;2;2;1;3;RUE DU CHEMIN VERT;48,8615760000;2,3825880000
202100017060;24;9;2021;11:05;1;75;75120;2;4;1;3;RUE DES PYRENEES;48,8710702175;2,3930613193
202100017067;24;9;2021;08:51;1;75;75109;2;2;1;6;RUE DU HAVRE;48,8741790000;2,3269620000
202100017069;23;9;2021;06:45;2;75;75109;2;1;1;3;RUE DE DUNKERQUE;48,8817220000;2,3476130000
202100017072;23;9;2021;20:25;5;75;75108;2;7;1;6;ROND POINT CHAMPS ELYSEES;48,8688656098;2,3099139776
202100017075;23;9;2021;17:15;1;75;75107;2;3;9;6;RUE DU BAC;48,8564380000;2,3265480000
202100017076;23;9;2021;09:10;1;75;75114;2;4;1;3;RUE VERCINGETORIX;48,8274472158;2,3050528765
202100017077;22;9;2021;08:38;1;75;75107;2;1;1;3;AVENUE DE BRETEUIL;48,8523510000;2,3126230000
202100017082;24;9;2021;13:35;1;94;94067;2;1;1;6;Avenue Joffre;48,8479236759;2,4177110195
202100017103;24;9;2021;17:22;1;94;94055;2;1;1;2;Avenue de Pince Vent;48,7900000000;2,5500000000
202100017107;24;9;2021;10:20;1;94;94017;2;1;1;3;Avenue Salvador AllendÃ©;48,8086600000;2,5507100000
202100017112;25;9;2021;10:20;1;93;93078;2;2;1;3;FAUVETTES (AVENE DES);48,9554200000;2,5528500000
202100017127;23;9;2021;14:50;1;93;93029;2;1;1;3;Boulevard Paul Vaillant Couturier;48,9226869616;2,4472260475
202100017138;23;9;2021;17:25;1;92;92073;2;1;1;2;GALLIENI (QUAI);48,8704690000;2,2319200000
202100017143;23;9;2021;18:30;1;92;92049;2;2;1;3;PERI RUE GABRIEL AUTRES NÂ°;48,8185013266;2,3195991481
202100017164;26;9;2021;17:25;1;31;31573;1;1;1;3;d45;43,6855640000;1,6704800000
202100017168;25;9;2021;09:30;1;88;88106;1;1;1;5;route dÃ©partementale 415;48,1834710000;6,9760500000
202100017192;23;8;2021;17:35;1;74;74088;1;3;1;3;D1201;46,0542630000;6,0865440000
202100017224;26;9;2021;10:35;1;35;35277;2;1;1;3;Rue Joseph Maudet;48,1143480000; -2,0661750000
202100017226;23;9;2021;18:30;1;29;29260;2;6;1;7;Rue de l'Ãtain;48,4353170000; -4,6186540000
202100017227;3;9;2021;13:25;1;31;31182;1;2;1;3;Route de Lacourtensourt;43,6675030000;1,4102890000
202100017237;24;9;2021;14:40;1;26;26188;2;1;1;7;155 avenue de Verdun;44,2352030000;5,1885130000
202100017242;24;9;2021;08:00;1;58;58303;2;6;1;3;Boulevard Camille Dagonneau;47,0160490000;3,1490370000
202100017247;24;9;2021;18:20;1;50;50273;2;1;1;7;Route du Lavoir - Pretot;49,3254790000; -1,4369560000
202100017257;25;9;2021;16:00;1;10;10209;1;1;1;6;D 1 G;48,2757100000;4,3025640000
202100017261;23;9;2021;16:40;1;21;21180;1;1;1;2;D959;47,2891710000;5,4882500000
202100017319;25;9;2021;09:20;1;44;44066;1;2;1;3;Rue du Bois du Plessis;47,3737060000; -1,6049700000
202100017325;23;9;2021;14:15;1;79;79048;2;4;1;3;Impasse Nicolas Appert;46,3485420000; -0,3091510000
202100017337;26;9;2021;10:00;1;60;60446;1;1;1;7;D922;49,1371930000;2,7776960000
202100017341;23;9;2021;18:00;1;59;59051;2;6;1;3;rue de la gare;50,5277040000;2,8036270000
202100017405;22;9;2021;14:05;1;974;97407;2;1;1;3;ROMERO(AVENUE); -20,9455900000;55,2982500000
202100017413;22;9;2021;18:15;1;91;91645;2;6;1;2;VALLEE DE LA BIEVRES (VOIE DE LA);48,7356970000;2,2380670000
202100017436;21;9;2021;13:38;1;68;68066;2;6;7;1;ALSACE (RUE D');48,0624500000;7,3626900000
202100017439;22;9;2021;17:55;1;64;64284;2;1;1;3;BERNADOTTE;43,2854000000; -0,3807200000
202100017456;22;9;2021;18:50;1;35;35238;2;2;1;3;GUINES (BD DE);48,1012000000; -1,6900300000
202100017464;22;9;2021;15:10;1;33;33529;1;6;7;3;PISTE 214;44,5778000000; -1,1423000000
202100017483;21;9;2021;18:50;1;02;02691;2;6;1;6;LAFAYETTE (PLACE);49,8511421579;3,2869527913
202100017489;22;9;2021;21:09;5;75;75118;2;2;1;3;BOULEVARD BARBES;48,8883510000;2,3495800000
202100017495;22;9;2021;20:04;5;75;75113;2;4;1;3;BOULEVARD DE L HOPITAL;48,8358740000;2,3587690000
202100017497;22;9;2021;13:41;1;75;75113;2;3;1;6;BOULEVARD AUGUSTE BLANQUI;48,8299330000;2,3484810000
202100017501;22;9;2021;11:15;1;75;75112;2;2;7;3;BOULEVARD DIDEROT;48,8467740000;2,3817490000
202100017503;22;9;2021;01:05;5;75;75120;2;3;1;1;RUE DES ORTEAUX;48,8570399390;2,3981469870
202100017507;20;9;2021;18:50;1;94;94068;2;1;1;1;Boulevard du GÃ©nÃ©ral FerriÃ©;48,8069800000;2,4653900000
202100017525;22;9;2021;10:20;1;92;92002;2;1;1;2;MAURICE LABROUSSE (RUE);48,7545978696;2,2976656518
202100017535;22;9;2021;17:20;1;91;91666;2;9;1;1;Rue de Villejust;48,6741760000;2,2198500000
202100017547;23;9;2021;08:20;2;47;47073;1;1;5;2;Route de Prayssas;44,3193940000;0,5761370000
202100017569;22;9;2021;14:45;1;95;95592;1;1;1;7;Chemin des CarriÃ¨res;49,0380750000;1,8719300000
202100017570;21;9;2021;08:05;2;78;78615;1;3;7;1;D198;48,8532830000;1,9095450000
202100017578;23;9;2021;15:00;1;74;74056;1;1;1;7;Rte du Foue;45,9014030000;6,8291510000
202100017583;22;9;2021;09:00;1;44;44026;2;6;7;1;boulevard Louis Fouchard;47,2932170000; -1,4934970000
202100017585;20;5;2021;10:42;1;59;59146;2;1;1;3;67 Route Nationale;50,6110770000;3,2030510000
202100017600;21;9;2021;08:10;1;94;94068;2;1;1;3;Avenue de LiÃ¨ge;48,7909100000;2,4989900000
202100017610;21;9;2021;09:30;1;69;69383;2;1;1;3;MARIUS VIVIER MERLE                 (BD);45,7597500000;4,8581100000
202100017627;20;9;2021;16:00;1;67;67482;2;8;8;3;JEAN WENGER VALENTIN (RUE);48,5996400000;7,7595100000
202100017632;21;9;2021;19:16;1;60;60175;2;6;1;6;RD 201_ACCES 201 PAR BD S.ALLENDE;49,2463790000;2,4707890000
202100017641;20;9;2021;09:15;1;49;49007;2;1;1;2;NOTRE DAME DU LAC AVENUE;47,4754800000; -0,5831600000
202100017666;20;9;2021;16:27;1;10;10333;2;1;1;2;AUXERRE (ROUTE);48,2727200000;4,0566400000
202100017671;21;9;2021;17:35;1;75;75119;2;2;1;3;RUE DE LA VILLETTE;48,8763140000;2,3876200000
202100017672;21;9;2021;10:20;1;75;75119;2;1;1;3;RUE DE MEAUX;48,8820620000;2,3742770000
202100017673;21;9;2021;09:21;1;75;75119;2;2;1;3;AVENUE DE LA PORTE DE PANTIN;48,8898824096;2,3966277761
202100017675;21;9;2021;15:40;1;75;75113;2;4;1;3;BOULEVARD DE L HOPITAL;48,8388500000;2,3609860000
202100017676;21;9;2021;10:15;1;75;75113;2;3;1;3;QUAI D AUSTERLITZ;48,8383220000;2,3727830000
202100017682;21;9;2021;13:00;1;75;75104;2;1;1;3;QUAI DES CELESTINS;48,8521626430;2,3608944705
202100017683;19;9;2021;15:30;1;94;94058;2;1;1;6;PIERRE BROSSOLETTE (AV);48,8348200000;2,5051000000
202100017706;20;9;2021;18:15;1;92;92004;2;2;1;6;MAURICEAU;48,9119317974;2,2868111730
202100017722;22;9;2021;17:15;1;71;71029;1;1;1;2;11bis Route de Dole;46,8558070000;5,3633990000
202100017734;21;9;2021;10:00;1;85;85127;2;6;1;3;Chemin du Clouzy;46,4245110000; -1,4941100000
202100017754;7;9;2021;18:00;1;38;38317;2;1;1;3;96 Cours Saint - AndrÃ©;45,1385110000;5,7025750000
202100017756;21;9;2021;17:15;1;01;01249;2;2;1;3;MontÃ©e Neuve;45,8259400000;4,9479940000
202100017757;31;8;2021;12:35;1;24;24405;1;1;1;2;D32;44,9127450000;0,6677840000
202100017788;20;9;2021;13:15;1;974;97416;2;1;1;2;CHARITE (RUE DE LA); -21,3332900000;55,4752600000
202100017807;11;9;2021;10:00;1;80;80021;2;3;1;3;RENE ET MARCELLE SOBO (RUE);49,8792258371;2,3352421757
202100017811;14;9;2021;07:40;1;80;80021;2;1;2;3;RUE DES VISAGES RADIEUX;49,8779700000;2,2809000000
202100017824;20;9;2021;10:40;1;64;64445;2;6;2;3;ERIC TABARLY;43,3185600000; -0,3600700000
202100017826;20;9;2021;14:17;1;63;63075;2;5;1;3;THERMES (AVENUE DES);45,7759100000;3,0680100000
202100017834;16;9;2021;15:20;1;58;58194;2;1;1;6;JONCTION (QUAI);46,9786000000;3,1661600000
202100017850;20;9;2021;11:10;1;33;33522;2;3;1;3;Cours de la LibÃ©ration;44,7992470000; -0,5982210000
202100017878;20;9;2021;13:45;1;75;75113;2;3;8;6;BOULEVARD VINCENT AURIOL;48,8345736359;2,3673703775
202100017891;16;9;2021;11:00;1;92;92064;2;1;1;7;PARC SAINT CLOUD;48,8392400000;2,1962000000
202100017895;20;9;2021;09:10;1;92;92040;2;3;8;5;GENERAL LECLERC;48,8264204396;2,2784598815
202100017939;16;9;2021;10:50;1;37;37139;2;2;1;1;Avenue Louis-Charles d Albert Duc de Luynes;47,3901996306;0,5469410894
202100017940;21;9;2021;15:45;1;973;97307;2;3;1;3;Carrefour Rue du Foulard et Rue Quadrille des Lanciers;4,8813646562; -52,3446563333
202100017948;21;9;2021;11:50;1;84;84067;1;1;1;6;Via Venaissia (Piste cyclable);44,0881010000;5,0072010000
202100017976;31;5;2021;17:15;1;38;38563;2;3;1;3;Avenue du 8 Mai 1945;45,3754200000;5,5807800000
202100017993;19;9;2021;14:25;1;78;78638;2;2;1;2;GENERAL DE GAULLE (RUE DU);49,0045690000;1,9671110000
202100017999;19;9;2021;19:45;1;60;60057;2;1;1;6;Rue Gambetta;49,4330432787;2,0847279131
202100018028;19;9;2021;12:35;1;75;75111;2;2;1;6;BOULEVARD VOLTAIRE;48,8652000000;2,3676810000
202100018030;19;9;2021;18:40;2;75;75101;2;3;1;1;RUE DE RIVOLI;48,8605034015;2,3421397805
202100018075;11;9;2021;11:30;1;13;13081;1;9;1;3;N Rd 113 Les levades;43,4948060000;5,2167890000
202100018081;13;9;2021;08:15;1;38;38562;2;6;1;3;Vizille;45,0826570000;5,7661490000
202100018110;18;9;2021;22:40;5;69;69386;2;2;8;1;VITTON (CR);45,7699700000;4,8584800000
202100018118;14;9;2021;17:00;1;69;69286;2;1;1;6;LATTRE DE TASSIGNY (DE) (BD);45,8136400000;4,9046300000
202100018119;18;9;2021;03:15;4;69;69142;2;1;1;6;GENERAL LECLERC (DU) (PL);45,7266290567;4,8160095710
202100018131;18;9;2021;04:18;5;64;64024;2;1;8;2;BAYONNE (AVENUE DE);43,4817800000; -1,5087100000
202100018132;17;9;2021;12:00;1;62;62193;2;1;1;2;DE GAULLE (BOULEVARD GENERAL);50,9632700000;1,8446200000
202100018136;18;9;2021;17:00;1;51;51454;2;6;1;1;Boulevard Albert 1er;49,2648265000;4,0099828300
202100018165;19;9;2021;22:00;5;10;10387;2;2;1;3;DAMPIERRE (QUAI);48,2990000000;4,0760000000
202100018170;18;9;2021;16:25;1;75;75120;2;1;1;6;COURS DE VINCENNES;48,8482520000;2,4008000000
202100018174;18;9;2021;19:40;2;75;75113;2;3;1;3;RUE PHILIPPE DE CHAMPAGNE;48,8328610000;2,3555400000
202100018181;17;9;2021;20:45;5;75;75109;2;3;1;3;RUE LA FAYETTE;48,8760090000;2,3445160000
202100018190;18;9;2021;09:50;1;94;94048;2;1;1;1;Avenue des BruyÃ¨res;48,7382350000;2,5535100000