Num_Acc;jour;mois;an;hrmn;lum;dep;com;agg;int;atm;col;adr;lat;long
202100018191;18;9;2021;11:11;1;93;93053;2;2;1;3;ROSNY (AVENUE DE) NÂ° 53 A 243;48,8990430000;2,4710110000
202100018198;18;9;2021;16:55;1;92;92026;2;6;1;3;BEZONS (DE 23 A FIN);48,8934401631;2,2521248460
202100018237;18;9;2021;09:45;1;56;56140;1;1;5;4;Le Bourgneuf;47,9367590000; -2,8090050000
202100018246;19;9;2021;11:15;1;44;44028;2;1;1;7;10 Rue des MazÃ¨res;47,3180150000; -1,3469530000
202100018259;19;9;2021;14:40;1;06;06018;2;9;1;3;14 Chemin Neuf;43,6266750000;7,0955030000
202100018275;18;9;2021;10:20;1;26;26220;2;1;1;6;27 Route de Montelimar;44,3623880000;5,1291680000
202100018290;17;9;2021;06:00;2;974;97411;2;2;1;3;DODU 1 (RUE JULIETTE); -20,8732000000;55,4498500000
202100018296;17;9;2021;18:20;1;69;69387;2;1;1;3;GALLIENI (PT);45,7482203943;4,8324286938
202100018297;17;9;2021;18:05;1;69;69386;2;2;1;3;JULES FAVRE (BD);45,7662200000;4,8591700000
202100018298;17;9;2021;11:15;1;69;69383;2;2;1;3;GUILLOTIERE (DE LA) (PT);45,7562808854;4,8402830539
202100018317;17;9;2021;06:30;2;71;71118;2;1;1;7;GENERAL DE GAULLE (AVENUE);46,7961016400;4,8114015321
202100018323;17;9;2021;08:10;1;67;67482;2;1;1;2;PECHEURS (QUAI DES);48,5838440065;7,7585437149
202100018325;16;9;2021;11:30;1;67;67482;2;1;1;3;ALTKIRCH (RUE D );48,5599420000;7,7676540000
202100018340;15;9;2021;17:10;1;56;56121;2;1;1;3;THOREZ (RUE  MAURICE );47,7399800000; -3,3935400000
202100018341;15;9;2021;16:40;1;56;56121;2;6;1;3;PAYS DE GALLES (ROND-POINT DU);47,7413200000; -3,3731900000
202100018342;14;9;2021;18:20;1;56;56162;2;1;1;3;PINS (RUE DES);47,7342000000; -3,4328300000
202100018353;17;9;2021;19:20;2;44;44109;2;1;1;2;HUGO ( BD VICTOR );47,2042600000; -1,5523700000
202100018354;17;9;2021;09:50;1;44;44162;2;1;1;2;BOULEVARD CHARLES DE GAULLE;47,2108700000; -1,6257900000
202100018355;17;9;2021;11:30;1;37;37122;2;1;1;6;DOUZILLIERE (RUE DE LA);47,3368878479;0,6532309439
202100018356;16;9;2021;19:55;2;37;37261;2;1;1;7;MONTJOYEUX (AVENUE);47,3615200000;0,7084600000
202100018357;16;9;2021;14:30;1;37;37261;2;1;1;6;ALOUETTE (AVENUE);47,3610013435;0,6970397200
202100018368;17;9;2021;08:28;1;28;28085;2;9;1;3;CROIX BONNARD (RUE DE LA);48,4336800000;1,5040800000
202100018369;4;9;2021;13:20;1;28;28085;2;3;1;2;BRIAND (RUE ARISTIDE);48,4466000000;1,5210300000
202100018370;17;9;2021;13:50;1;27;27229;2;1;1;6;MONOD (RUE JACQUES);49,0251410000;1,1804320000
202100018372;17;9;2021;17:35;1;25;25462;2;3;1;3;Rue de la LibÃ©ration;46,9179000000;6,3435600000
202100018378;16;9;2021;21:15;5;14;14118;2;1;1;3;SAINT JEAN (RUE (DE 33 ET + ET 38 ET +);49,1822500000; -0,3596600000
202100018397;17;9;2021;20:45;5;75;75119;2;4;1;1;RUE D HAUTPOUL;48,8831040000;2,3880620000
202100018399;17;9;2021;20:30;5;75;75117;2;3;1;3;AVENUE DE CLICHY;48,8845370000;2,3269830000
202100018400;17;9;2021;19:45;1;75;75117;2;3;1;1;AVENUE STEPHANE MALLARME;48,8865050000;2,2928610000
202100018404;16;9;2021;13:00;1;75;75116;2;4;1;1;AVENUE DE VERSAILLES;48,8395749791;2,2626918162
202100018408;17;9;2021;15:18;1;75;75111;2;2;1;3;AVENUE PHILIPPE AUGUSTE;48,8506690000;2,3944930000
202100018442;14;9;2021;09:00;1;92;92025;2;1;2;1;COLBERT  55 A 113   42 A 102 (RUE);48,9130550000;2,2354290000
202100018454;16;9;2021;11:30;1;56;56091;2;1;1;3;ZI de la Rochette;47,9553290000; -2,5664450000
202100018456;18;9;2021;09:15;1;2B;2B299;1;1;1;7;D506;42,4269007220;9,4297109799
202100018459;18;9;2021;01:20;3;86;86277;1;3;1;2;D347;46,7730840000;0,1908020000
202100018462;18;9;2021;09:15;1;68;68349;2;6;1;3;D105;47,5996090000;7,5769940000
202100018494;12;9;2021;14:50;1;68;68334;2;1;1;3;Rue du Kattenbachy;47,8157770000;7,1061800000
202100018523;16;9;2021;18:15;1;69;69387;2;2;2;3;SEBASTIEN GRYPHE (R);45,7480000000;4,8390100000
202100018525;16;9;2021;07:00;2;69;69259;2;4;1;3;VIENNE (DE) (RTE);45,7246398571;4,8540580273
202100018536;15;9;2021;15:40;1;78;78358;2;2;1;3;JEAN JACQUES ROUSSEAU (AVENUE);48,9534700000;2,1506830000
202100018545;15;9;2021;13:17;1;71;71076;2;1;1;6;PARADIS (RUE DU);46,7941963129;4,8493047363
202100018548;31;8;2021;15:20;1;69;69096;2;2;1;3;19 MARS 1962 (DU) (AV);45,6044580228;4,7826039791
202100018552;16;9;2021;12:10;1;64;64445;2;1;3;3;CONDORCET;43,3158130049; -0,3621116281
202100018567;14;9;2021;11:02;1;56;56121;2;1;1;7;BOLLARDIERE (RUE  GENERAL DE );47,7561100000; -3,3912800000
202100018571;15;9;2021;17:15;1;51;51108;2;1;8;1;Avenue du 29 AoÃ»t 1944;48,9451483219;4,3709034694
202100018576;15;9;2021;08:50;1;37;37261;2;1;1;6;PAILHOU (PLACE GASTON);47,3926382075;0,6805434536
202100018582;16;9;2021;07:50;1;29;29019;2;1;1;3;Rue de la FraternitÃ©;48,4005400000; -4,4546270000
202100018583;16;9;2021;15:56;1;27;27229;2;1;1;7;DUPONT DE L'EURE (PLACE);49,0292500000;1,1520500000
202100018584;14;9;2021;18:50;1;27;27229;2;1;8;7;FUSILLES (RUE DES);49,0194800000;1,1577300000
202100018590;16;9;2021;11:45;1;17;17291;2;1;1;6;MONNET  AVENUE JEAN;46,1803000000; -1,1242400000
202100018591;16;9;2021;08:10;1;17;17300;2;2;1;3;FOLLETIER  RUE FRANÃOIS DE VAUX;46,1409900000; -1,1534300000
202100018604;15;9;2021;16:00;1;75;75117;2;7;2;7;PLACE SAINT FERDINAND;48,8779630000;2,2878850000
202100018607;15;9;2021;20:40;5;75;75114;2;7;8;3;PLACE DENFERT ROCHEREAU;48,8336970000;2,3319360000
202100018608;16;9;2021;21:05;5;75;75112;2;2;1;5;COURS DE VINCENNES;48,8480921572;2,3991871743
202100018616;16;9;2021;09:25;1;75;75101;2;1;1;1;QUAI DES TUILERIES;48,8630011016;2,3237649410
202100018617;14;9;2021;17:30;1;94;94052;2;1;1;3;Boulevard de Strasbourg;48,8408300000;2,4820800000
202100018619;16;9;2021;16:30;1;94;94054;2;2;1;3;VICTOIRE (AV DE LA);48,7447800000;2,3931600000
202100018622;15;9;2021;16:00;1;93;93006;2;1;2;3;STALINGRAD AV.;48,8700000000;2,4200000000
202100018632;15;8;2021;17:20;1;974;97415;1;1;1;1;Chemin Piton Leon; -21,0703890000;55,2866350000
202100018641;13;8;2021;14:50;1;57;57527;1;1;1;6;D70;49,0296560000;6,2406150000
202100018645;15;9;2021;11:00;1;56;56119;1;3;1;2;Route de Belz;47,6869870000; -3,1240220000
202100018646;16;9;2021;11:30;1;2B;2B283;1;2;1;1;RT10;41,9057110000;9,3892870000
202100018655;17;9;2021;09:15;1;64;64094;2;1;1;7;RD 936 Route de Bayonne;43,4785380000; -1,1888190000
202100018681;17;9;2021;16:25;1;81;81283;1;1;1;2;D21;43,9335230000;1,9560650000
202100018685;14;9;2021;06:50;5;33;33056;2;9;1;3;Avenue du GÃ©nÃ©ral de Gaulle;44,9271010000; -0,6349620000
202100018718;24;8;2021;15:00;1;34;34003;2;1;1;3;Route de Rochelongue;43,2787100000;3,4811900000
202100018729;15;9;2021;12:50;1;974;97411;2;2;1;3;GUYON (FELIX); -20,8806800000;55,4523000000
202100018732;15;9;2021;11:30;1;69;69259;2;2;1;3;FERNAND PELLOUTIER (R);45,6895243437;4,9011415246
202100018736;14;9;2021;19:30;2;89;89387;2;3;2;2;PONT NEUF (BOULEVARD DU);48,2033000000;3,2682000000
202100018738;7;9;2021;15:45;1;85;85194;2;3;1;1;SABLES (RUE DES);46,5326390000; -1,7738570000
202100018745;15;9;2021;13:25;1;73;73065;2;2;1;3;AV BASSENS POINCARRE RAYMOND (QUAI);45,5670300000;5,9297300000
202100018749;15;9;2021;12:20;1;69;69266;2;6;1;3;MICHEL DUPEUPLE (R);45,7749200000;4,8885000000
202100018751;11;9;2021;13:20;1;69;69091;2;1;1;1;SUEL (DU) (R);45,5821530627;4,7718746717
202100018759;14;9;2021;13:37;1;51;51454;2;2;8;3;Rue Courmeaux;49,2570327423;4,0358363853
202100018761;15;9;2021;07:05;2;45;45234;2;2;1;3;Boulevard Guy - Marie Riobe;47,9128800000;1,9124200000
202100018764;14;9;2021;18:55;1;38;38185;2;1;1;3;LYAUTEY (BOULEVARD MAL);45,1853500000;5,7317300000
202100018766;14;9;2021;18:20;1;37;37214;2;1;3;7;DE GAULLE (BD CHARLES);47,4177125509;0,6655223072
202100018767;14;9;2021;17:25;1;37;37208;2;1;2;6;PIERRES PLATES (RUE DES);47,3568008070;0,7348491758
202100018776;15;9;2021;13:10;1;33;33529;1;9;1;3;RD 1250 (Camicas - Sortie Dune);44,6466200000; -1,1583300000
202100018780;15;9;2021;08:15;1;17;17300;2;3;1;1;NORMANDIN   RUE EMILE;46,1503600000; -1,1461200000
202100018804;15;9;2021;08:50;1;75;75111;2;2;2;3;BOULEVARD VOLTAIRE;48,8651680000;2,3677590000
202100018810;15;9;2021;19:40;1;94;94018;2;1;1;2;Rue de Paris;48,8293200000;2,4015200000
202100018829;15;9;2021;10:20;1;92;92012;2;1;2;6;REINE (ROUTE DE LA) 1/37- 6/80;48,8395842338;2,2413207911
202100018835;10;9;2021;20:10;5;60;60203;2;1;1;3;22 Rue de Senlis;49,2348172430;2,8556446200
202100018840;11;9;2021;10:15;1;71;71340;1;2;1;6;D92;46,5589780000;4,1902920000
202100018843;2;8;2021;11:25;1;49;49218;2;1;1;3;Rue de la Mairie (le Fuilet);47,2810790000; -1,1189520000
202100018844;16;9;2021;18:20;1;68;68290;2;1;1;1;Rue des PrimevÃ¨res;47,9441010000;7,4560960000
202100018862;11;9;2021;15:15;1;35;35353;2;1;1;3;32 Rue de Montfort;48,1188222508; -1,7597611848
202100018871;12;9;2021;18:40;1;83;83101;1;1;1;7;D93;43,2204310000;6,6483910000
202100018876;8;9;2021;18:30;2;57;57212;2;6;1;3;FÃ©y;49,0312840000;6,1129050000
202100018880;12;9;2021;10:45;1;59;59558;2;3;1;1;D955;50,2407854627;3,4422455431
202100018903;2;7;2021;10:32;1;75;75120;2;7;1;3;PLACE DE LA PORTE DE MONTREUIL;48,8545860000;2,4134380000
202100018927;8;9;2021;18:45;1;68;68066;2;2;1;3;BRUAT (RUE);48,0749400000;7,3508400000
202100018928;13;9;2021;17:45;1;67;67482;2;1;1;1;WALLONIE (RUE DE);48,5825120389;7,7744190395
202100018929;13;9;2021;17:40;1;67;67482;2;1;1;3;SOULTZ (RUE DE);48,5654100000;7,7769600000
202100018930;13;9;2021;15:10;1;67;67482;2;1;1;3;MONTAGNE VERTE (RUE DE LA);48,5697040000;7,7335400000
202100018931;10;9;2021;15:30;1;67;67482;2;8;1;1;PRESIDENT WILSON (BOULEVARD);48,5876900000;7,7388300000
202100018937;14;9;2021;07:00;5;63;63113;2;4;1;3;MOINIER / St-HÃ©rem;45,7803900000;3,0836700000
202100018938;9;9;2021;08:23;1;63;63113;2;2;1;3;LIBERATION (AVENUE DE LA);45,7712400000;3,0833900000
202100018939;10;9;2021;17:16;1;63;63113;2;2;1;3;DE GAULLE/ Mitterrand;45,7716295903;3,0832176589
202100018942;11;9;2021;11:34;1;63;63113;2;2;1;3;PREVOST/ dr Hospital;45,7932000000;3,0867400000
202100018945;13;9;2021;09:00;1;59;59350;2;3;1;3;ISLY RUE;50,6223455786;3,0362629521
202100018950;14;9;2021;15:35;1;49;49007;2;1;1;7;VISITATION PLACE;47,4664400000; -0,5571800000
202100018955;14;9;2021;18:50;1;35;35238;2;2;1;3;METZ (BD DE);48,1147500000; -1,6572300000
202100018956;14;9;2021;16:35;1;35;35238;2;2;1;4;FOUGERES (RUE DE);48,1218300000; -1,6627300000
202100018960;14;9;2021;15:50;1;33;33063;2;1;1;3;Rue de la Faiencerie;44,8603900000; -0,5556800000
202100018979;14;9;2021;17:20;1;09;09122;2;9;1;3;RD 117;42,9600510000;1,6158540000
202100018983;14;9;2021;14:20;1;75;75106;2;3;1;6;BOULEVARD DU MONTPARNASSE;48,8441340000;2,3230370000
202100018986;14;9;2021;05:55;5;75;75118;2;2;3;3;AVENUE DE LA PORTE DE CLIGNANCOURT;48,9007309355;2,3440280557
202100018992;13;9;2021;14:05;1;75;75116;2;7;1;3;AVENUE HENRI MARTIN;48,8631330000;2,2685810000
202100018996;14;9;2021;12:10;1;75;75114;2;1;1;3;BOULEVARD JOURDAN;48,8196530000;2,3419250000
202100018998;14;9;2021;17:20;1;75;75113;2;1;1;3;QUAI D AUSTERLITZ;48,8430738815;2,3663305414
202100019003;14;9;2021;19:10;2;75;75110;2;4;2;3;RUE DU FAUBOURG POISSONNIERE;48,8831830000;2,3498370000
202100019005;14;9;2021;08:55;1;75;75109;2;1;3;3;RUE LA FAYETTE;48,8769580000;2,3481130000
202100019009;14;9;2021;17:50;1;75;75104;2;2;1;6;RUE DE RIVOLI;48,8585100000;2,3482180000
202100019011;14;9;2021;12:30;1;75;75104;2;3;8;6;RUE SAINT ANTOINE;48,8550626965;2,3616790376
202100019012;14;9;2021;12:20;1;75;75103;2;3;1;3;RUE DE TURBIGO;48,8668750000;2,3620030000
202100019017;14;9;2021;08:00;2;94;94058;1;1;2;6;FONTENAY (BD DE);48,8487600000;2,4936600000
202100019023;14;9;2021;13:10;1;94;94022;2;1;1;3;Rue Henri Corvol;48,7618800000;2,4222700000
202100019029;14;9;2021;15:45;1;92;92022;2;3;1;3;SALENGRO (AVENUE ROGER);48,8055700000;2,1841900000
202100019032;13;9;2021;07:15;1;92;92040;2;1;1;3;GALLIENI (BOULEVARD);48,8229495535;2,2679632902
202100019036;14;9;2021;13:10;1;92;92002;2;2;1;3;HORTENSIAS (RUE DES);48,7513022436;2,3106270301
202100019040;14;9;2021;15:45;1;42;42213;1;1;1;6;Route de Valorges;45,9001780000;4,3137110000
202100019045;14;9;2021;18:15;1;32;32426;1;1;1;7;Route d Artiguedieu;43,4975930000;0,5839490000
202100019059;15;9;2021;16:15;1;50;50236;1;2;1;3;Hameau au Quenault Montgar (Montgardon);49,2650670000; -1,5684380000
202100019064;14;9;2021;09:06;1;85;85282;2;1;1;6;Rue de Chavagnes;46,7037370000; -0,9789880000
202100019071;14;9;2021;11:25;1;38;38486;2;1;1;2;10 Rue du Docteur Schweitzer;45,1588650000;5,6963290000
202100019090;15;9;2021;10:05;1;01;01249;2;2;1;3;Rue Joseph Carre;45,8268440000;4,9529510000
202100019093;15;9;2021;10:55;1;29;29295;1;1;1;5;D74 - Lieu-Dit Menhir;48,5150390000; -4,2426320000
202100019129;13;9;2021;07:30;1;69;69266;2;2;1;6;PAUL VERLAINE (R);45,7647700000;4,8804500000
202100019178;13;9;2021;10:50;1;33;33063;2;2;1;3;RUE DES ETRANGERS;44,8646800000; -0,5494800000
202100019181;12;9;2021;01:48;5;33;33063;2;7;1;1;Place des Capucins;44,8306000000; -0,5670000000
202100019187;12;9;2021;02:20;5;21;21231;2;1;1;1;CHAIGNOT (DU) (RUE);47,3170502409;5,0374776409
202100019196;13;9;2021;11:40;1;01;01451;2;2;1;3;RIPPES DE BIOTS (CHEMIN DES);46,2633200000;5,2346200000
202100019200;13;9;2021;10:10;1;75;75119;2;2;1;3;BOULEVARD DE LA VILLETTE;48,8843430000;2,3668810000
202100019203;13;9;2021;09:30;1;75;75116;2;1;1;3;ALLEE DE LA REINE MARGUERITE;48,8491030000;2,2420440000
202100019207;13;9;2021;09:00;1;75;75115;2;2;1;6;RUE DE VAUGIRARD;48,8444410000;2,3177070000
202100019209;13;9;2021;20:11;5;75;75110;2;5;1;3;BOULEVARD DE STRASBOURG;48,8748160000;2,3574000000
202100019217;13;9;2021;07:40;1;94;94004;2;1;1;6;GENERAL LECLERC (AV);48,7493600000;2,5084200000
202100019222;13;9;2021;06:40;5;93;93046;2;3;1;3;FIRMIN DIDOT AVENUE;48,9118300000;2,5209300000
202100019238;11;9;2021;16:50;1;92;92004;2;1;1;3;AULAGNIER ( QUAI );48,9119704836;2,3015389274
202100019240;14;9;2021;09:10;1;25;25116;1;1;1;1;D30 PK 021+500;47,2815320000;6,2628550000
202100019242;13;9;2021;14:20;1;67;67073;2;3;1;1;Route de Scherwiller;48,2793950000;7,4020550000
202100019274;4;9;2021;19:00;2;87;87154;2;1;1;1;ZI du Pavillon;45,9041500000;0,9315040000
202100019317;11;9;2021;19:20;1;69;69383;2;1;1;6;LAFAYETTE (CR);45,7636971548;4,8669192195
202100019324;12;9;2021;16:50;1;91;91161;2;2;1;6;AV PIERRE BROSSOLETTE;48,6995800000;2,3160600000
202100019335;11;9;2021;17:02;1;61;61397;2;1;1;2;CONDE (RUE DE);48,4240000000;0,0613000000
202100019338;8;9;2021;23:55;5;49;49007;2;1;1;7;FAURE QUAI;47,4816040000; -0,5501390000
202100019362;12;9;2021;10:20;1;06;06069;2;6;1;3;HALTE (ROND-POINT);43,6414630000;6,9112820000
202100019363;12;9;2021;12:05;1;06;06069;2;6;1;3;SAINT DONAT (PLACE);43,6316920000;6,9575850000
202100019367;11;9;2021;12:50;1;75;75116;2;1;1;6;RUE RAFFET;48,8519410000;2,2645450000
202100019373;12;9;2021;17:10;1;75;75108;2;7;1;6;PLACE DE LA CONCORDE;48,8641736983;2,3202051795
202100019375;11;9;2021;13:30;1;75;75107;2;3;1;6;QUAI D ORSAY;48,8626370000;2,3190600000
202100019377;11;9;2021;21:52;5;94;94081;2;9;1;6;Avenue Anatole France;48,8021700000;2,4031400000
202100019400;13;9;2021;16:45;1;79;79235;1;9;1;6;La GroliÃ¨re;46,8712340000; -0,7573220000
202100019420;13;9;2021;07:50;1;16;16104;1;1;7;2;Lieu-dit chez Ballon;46,0374900000;0,2148340000
202100019428;13;9;2021;16:50;1;84;84054;1;1;1;3;route dÃ©partementale 31;43,9393390000;5,0291960000
202100019436;13;9;2021;17:30;1;69;69249;1;9;1;3;RONTALON (DE) (RTE);45,6728933360;4,6453928947
202100019452;31;5;2021;17:45;1;38;38185;2;2;1;3;Boulevard Jean Pain;45,1865000000;5,7348000000
202100019468;11;9;2021;22:05;5;78;78401;2;7;1;1;ALBERT 1ER (QUAI);49,0030900000;1,9078200000
202100019482;11;9;2021;17:45;1;54;54339;2;1;1;6;VIEUX PONT DE PIERRE;48,7061800000;6,1843800000
202100019488;11;9;2021;15:05;1;49;49015;2;1;1;3;BRUYERES RUE DES;47,4961700000; -0,5861300000
202100019504;11;9;2021;01:30;5;10;10387;2;7;1;3;LA FONTAINE (RUE);48,2956000000;4,0815800000
202100019512;10;9;2021;23:50;5;75;75114;2;1;1;3;AVENUE DU MAINE;48,8284150000;2,3267040000
202100019515;11;9;2021;09:25;1;75;75112;2;1;1;6;AVENUE DAUMESNIL;48,8377150000;2,4256380000
202100019528;11;9;2021;18:43;1;92;92046;2;1;1;3;RAYMOND DAVID;48,8162882821;2,2952623862
202100019536;11;9;2021;19:05;1;51;51649;2;1;1;3;Rue du 8 Mai 1945;48,7169210000;4,5901130000
202100019539;11;9;2021;16:45;1;52;52076;1;1;1;3;D65;48,0874970000;5,0085850000
202100019542;12;9;2021;10:40;1;67;67548;2;3;1;1;26 Route de Saverne;48,6411150000;7,6064600000
202100019555;12;9;2021;16:05;1;39;39434;1;1;1;2;;46,8532430000;5,6854680000
202100019557;12;9;2021;17:30;1;44;44145;2;1;1;7;La Caverniere;47,1781070000; -1,8664510000
202100019562;11;9;2021;17:30;1;03;03053;1;1;1;2;Route de Bellenaves;46,2334400000;3,1468300000
202100019569;12;9;2021;10:50;1;90;90097;2;1;1;3;RD437;47,5670720000;6,8605650000
202100019575;11;9;2021;15:09;1;08;08190;2;6;1;3;Route de Beauraing;50,1335850000;4,8519110000
202100019595;2;9;2021;22:00;3;26;26220;1;1;1;6;Chemin de Pied de Vaux;44,3726440000;5,1246500000
202100019614;9;9;2021;08:50;1;974;97407;2;1;1;6;LENINE (AVENUE); -20,9417500000;55,3021610000
202100019629;10;9;2021;07:45;1;91;91027;2;2;1;3;AV DU 18 AVRIL;48,7013500000;2,3861700000
202100019634;8;9;2021;15:02;1;83;83062;2;1;1;6;CARNOT (AVENUE SADI);43,1239260000;6,0063460000
202100019637;7;9;2021;08:00;1;80;80489;1;1;1;6;JEAN LEROY (RUE);49,8641720205;2,3491147198
202100019650;9;9;2021;16:00;1;76;76447;2;1;2;7;BELLE ETOILE;49,5377579448;0,1753690280
202100019663;10;9;2021;21:25;5;59;59350;2;1;1;3;LIBERTE BVD NÂ°2 - 90-51 - 145;50,6330266762;3,0594080687
202100019672;10;9;2021;08:00;2;45;45234;2;2;1;3;Avenue de la Mouillere;47,8831874299;1,9095611572
202100019674;10;9;2021;04:44;5;37;37261;2;3;1;6;LOIRE (QUAI DE LA);47,3975412612;0,6674046814
202100019688;7;9;2021;16:30;1;30;30189;2;1;1;3;ALLENDE SALVADOR (RUE);43,8246000000;4,3700000000
202100019715;10;9;2021;11:02;1;06;06123;2;6;1;3;AICARD AVENUE;43,6829650000;7,1887160000
202100019718;8;9;2021;22:49;5;75;75106;2;7;2;3;PLACE DU DIX HUIT JUIN 1940;48,8440440000;2,3234310000
202100019725;10;9;2021;17:45;1;75;75113;2;3;2;3;RUE DARMESTETER;48,8233870000;2,3750280000
202100019726;10;9;2021;16:40;1;75;75112;2;1;1;6;BOULEVARD SOULT;48,8377090000;2,4082800000
202100019732;9;9;2021;11:34;1;75;75102;2;7;8;6;RUE D ABOUKIR;48,8682576478;2,3486202340
202100019736;10;9;2021;18:55;1;94;94068;2;3;2;3;PIE (QU DE LA);48,7870600000;2,4774800000
202100019739;8;9;2021;09:35;1;94;94033;2;9;1;3;Rue Pierre Grange;48,8510500000;2,4933200000
202100019741;10;9;2021;18:00;1;94;94055;2;2;2;3;CENTRE (R DU);48,7815500000;2,5242600000
202100019753;8;9;2021;14:05;1;92;92040;2;1;1;6;ARISTIDE BRIAND;48,8232426977;2,2703397274
202100019760;11;9;2021;09:50;1;34;34217;2;6;1;3;D17;43,7006420000;3,8625180000
202100019768;11;8;2021;12:30;1;65;65017;1;1;1;2;D929;42,8218737417;0,1755069437
202100019769;10;9;2021;16:20;1;11;11305;1;1;1;6;D123;42,9627430000;2,7063380000
202100019787;9;9;2021;19:30;5;973;97307;2;1;1;1;Chemin Morthium;4,8360960000; -52,3266470000
202100019797;7;6;2021;17:15;1;67;67300;2;1;1;3;rue de la commanderie;48,5401230000;7,5035200000
202100019801;9;9;2021;11:00;1;33;33042;1;1;1;6;dÃ©partementale 1010;44,5516090000; -0,7863040000
202100019827;29;4;2021;16:00;1;19;19031;2;2;1;3;TURGOT (AVENUE);45,1653300000;1,5205600000
202100019828;9;6;2021;20:20;1;94;94068;2;1;1;2;Boulevard de Champigny;48,7993200000;2,5041300000
202100019831;8;9;2021;09:00;1;974;97407;2;1;1;3;JACQUES DUCLOS (RUE) - RIVIERE DES GAL  ; -20,9574100000;55,3141000000
202100019855;8;9;2021;12:00;1;77;77186;2;3;1;3;GEORGES CLEMENCEAU (PLACE);48,4106882968;2,7013741381
202100019867;8;9;2021;17:45;1;45;45234;2;4;1;3;Rue du Pressoir Blanc;47,8846100000;1,8875000000
202100019871;9;9;2021;18:35;1;33;33063;2;2;1;3;Rue de Belfort;44,8323500000; -0,5817000000
202100019875;8;9;2021;11:10;1;33;33063;2;3;2;3;Rue Judaique;44,8413500000; -0,5850700000
202100019878;9;9;2021;19:30;1;32;32013;2;1;2;2;SADI-CARNOT (BOULEVARD);43,6408190781;0,5856883103
202100019884;8;9;2021;17:40;1;15;15014;2;1;1;1;Avenue des Pupilles de la Nation;44,9190000000;2,4387800000
202100019885;8;9;2021;15:20;1;14;14118;2;9;1;3;D401;49,2096700000; -0,3722400000
202100019898;9;9;2021;19:00;1;75;75118;2;2;1;3;RUE DES CLOYS;48,8926800000;2,3400840000
202100019899;9;9;2021;00:01;5;75;75116;2;1;2;2;AVENUE FOCH;48,8718485623;2,2770264745
202100019902;9;9;2021;18:45;1;75;75114;2;2;1;6;BOULEVARD BRUNE;48,8248915450;2,3184055957
202100019903;9;9;2021;08:50;1;75;75114;2;2;1;3;BOULEVARD BRUNE;48,8249010000;2,3184050000
202100019910;9;9;2021;19:00;1;75;75110;2;3;8;3;BOULEVARD DE STRASBOURG;48,8706139103;2,3549727547
202100019914;9;9;2021;17:15;1;94;94052;2;2;1;3;Avenue Georges ClÃ©menceau;48,8364100000;2,4698300000
202100019929;8;9;2021;19:10;1;92;92049;2;1;1;6;REPUBLIQUE AVENUE DE LA NÂ°92 A FIN;48,8134290230;2,3164626052
202100019941;9;9;2021;15:30;1;84;84111;1;1;8;1;Route de L'OUVÃZE, D205;44,2317350000;5,1002820000
202100019950;5;9;2021;08:40;1;74;74208;2;1;1;3;91 Av de Marlioz;45,9187330000;6,7042250000
202100019964;10;9;2021;08:25;1;14;14256;2;1;2;6;Rue du Haut du Val;49,3218560000; -0,7971850000
202100020042;8;9;2021;16:20;1;69;69388;2;1;1;3;FRERES LUMIERE (DES) (AV);45,7452049118;4,8658860122
202100020045;8;9;2021;08:45;1;69;69389;2;1;1;6;PAUL SEDAILLIAN (Q);45,7874400000;4,8145100000
202100020050;9;9;2021;00:45;5;2A;2A004;1;1;1;1;LEVIE JEAN JEROME AVENUE;41,9262800000;8,7385800000
202100020062;8;9;2021;11:20;1;77;77464;2;4;1;2;D418;48,8849000000;2,7065600000
202100020071;8;9;2021;09:00;1;59;59512;2;2;7;1;NOTTE (RUE JEAN BAPTISTE);50,6790941349;3,1832804861
202100020083;8;9;2021;19:35;2;17;17291;2;1;1;3;QUATORZE JUILLET   RUE DU;46,1742100000; -1,1158100000
202100020100;8;9;2021;22:00;5;75;75120;2;3;8;1;RUE MARYSE HILSZ;48,8510290000;2,4126880000
202100020103;8;9;2021;17:50;1;75;75116;2;7;1;3;PLACE DE LA PORTE DE SAINT CLOUD;48,8384210000;2,2570330000
202100020104;8;9;2021;14:15;1;75;75116;2;4;1;6;AVENUE PAUL DOUMER;48,8617890000;2,2857280000
202100020105;8;9;2021;07:50;1;75;75114;2;2;1;3;BOULEVARD JOURDAN;48,8222490000;2,3303080000
202100020108;8;9;2021;10:05;1;75;75112;2;2;1;3;AVENUE LEDRU ROLLIN;48,8486290000;2,3725420000
202100020110;8;9;2021;08:30;1;75;75108;2;1;1;3;AVENUE DE MARIGNY;48,8702580000;2,3156600000
202100020113;8;9;2021;14:35;1;75;75104;2;1;1;6;QUAI DES CELESTINS;48,8519530000;2,3612070000
202100020117;8;9;2021;07:56;1;94;94003;2;1;1;6;VLADIMIR ILLITCH LENINE (AV);48,8105600000;2,3305300000
202100020119;7;9;2021;21:00;5;94;94028;2;9;1;1;Avenue Pompadour;48,7740500000;2,4390200000
202100020124;6;9;2021;21:25;5;93;93066;2;1;1;3;GORKI MAXIME;48,9434120000;2,3871000000