Num_Acc;jour;mois;an;hrmn;lum;dep;com;agg;int;atm;col;adr;lat;long
202100020132;8;9;2021;14:00;1;92;92064;2;3;1;3;PORTE JAUNE;48,8417600000;2,1992300000
202100020134;8;9;2021;18:45;1;92;92050;2;3;1;3;PONS NOEL RUE;48,9083323397;2,2291121259
202100020178;8;9;2021;08:20;1;34;34023;2;3;1;3;Avenue Pasteur;43,4374410000;3,6767770000
202100020179;8;9;2021;08:30;1;13;13097;2;6;1;3;D 27;43,6459820000;4,8048660000
202100020182;7;9;2021;09:30;1;67;67205;2;1;1;2;72 Rue de la Wantzenau;48,6948880000;7,7863790000
202100020191;8;9;2021;16:40;1;62;62318;1;1;1;2;ROUTE DÃPARTEMENTALE 939;50,5065900000;1,6686020000
202100020229;7;9;2021;19:00;1;91;91347;2;1;1;3;RUE DU DOC DARIER;48,6443700000;2,2976100000
202100020244;3;9;2021;13:50;1;80;80489;2;1;1;6;HENRI BARBUSSE (RUE);49,8694700000;2,3598600000
202100020248;7;9;2021;21:18;3;77;77462;1;1;1;2;D83;49,0063300000;2,6634600000
202100020249;3;9;2021;18:05;1;77;77495;1;1;1;3;D306;48,5612500000;2,6336600000
202100020250;7;9;2021;21:35;5;76;76157;2;3;1;5;CANAL. RUE DU (CD 51);49,4602047155;1,0431905463
202100020267;4;9;2021;21:17;5;63;63113;2;2;1;3;ROTONDE / Blatin;45,7694400000;3,0909700000
202100020272;1;9;2021;10:37;1;63;63113;2;1;1;6;LAMARTINE (RUE);45,7777100000;3,0808900000
202100020279;6;9;2021;09:55;1;51;51454;2;2;1;3;Rue Clovis Chezel;49,2415999633;4,0352492439
202100020281;2;9;2021;18:30;1;49;49099;2;6;1;2;MAURIAC(RUE FRANCOIS);47,0578200000; -0,8875000000
202100020285;7;9;2021;07:30;1;45;45285;2;1;1;1;CHAINGY (CHEMIN DE);47,9018900000;1,8675900000
202100020291;7;9;2021;09:55;1;33;33522;2;2;1;3;Cours de la LibÃ©ration;44,7927100000; -0,6051200000
202100020302;7;9;2021;14:55;1;27;27229;2;1;1;7;SEMARD (RUE PIERRE);49,0163000000;1,1622800000
202100020308;7;9;2021;18:20;1;13;13211;2;2;1;1;LOUIS REGIS (RUE);43,2885600000;5,4990800000
202100020320;7;9;2021;11:55;1;04;04112;2;2;1;3;RD 5 / Bd Ernest Esclangon;43,8381000000;5,7803300000
202100020327;7;9;2021;19:40;1;75;75114;2;3;1;3;AVENUE DU GENERAL LECLERC;48,8312060000;2,3297900000
202100020328;6;9;2021;11:50;1;75;75107;2;2;1;3;AVENUE DE VILLARS;48,8517710000;2,3138620000
202100020330;7;9;2021;15:00;1;75;75112;2;1;1;6;BOULEVARD PONIATOWSKI;48,8300750000;2,3925330000
202100020331;7;9;2021;11:15;1;75;75112;2;4;1;3;AVENUE DE SAINT MAURICE;48,8288201013;2,4196848823
202100020340;7;9;2021;09:40;1;94;94015;2;9;1;3;Avenue de lâEurope;48,8345310000;2,5302060000
202100020342;7;9;2021;17:15;1;94;94016;2;1;1;3;Avenue du PrÃ©sident Wilson;48,7907400000;2,3272800000
202100020347;7;9;2021;10:40;1;93;93072;2;1;1;3;PONTOISE (RUE DE) COTE DES NÂ°1 AU 57;48,9717600000;2,3791600000
202100020354;7;9;2021;16:10;1;92;92064;2;6;1;3;SUISSES;48,8547091065;2,1980354190
202100020355;7;9;2021;10:45;1;92;92049;2;1;1;7;ARNOUX AVENUE MAURICE AUTRES NÂ°;48,8156900000;2,3112100000
202100020359;7;9;2021;11:30;1;92;92025;2;1;7;3;CHARLES DE GAULLE (BD);48,9117551610;2,2327940656
202100020362;7;9;2021;16:05;1;92;92007;2;9;1;3;BRIAND (AVENUE ARISTIDE) NÂ° 2 A 98;48,8033340000;2,3245800000
202100020384;8;9;2021;12:00;1;39;39275;1;1;1;1;;46,3949310000;5,9777320000
202100020385;8;9;2021;09:30;1;25;25222;1;1;1;2;D492;47,1483120000;6,2412640000
202100020389;8;9;2021;13:40;1;29;29269;2;1;1;2;12bis Rue de Scaer;47,9604560000; -3,6271050000
202100020412;31;8;2021;13:40;1;30;30139;1;1;1;6;RD986;44,1388870000;3,4052040000
202100020466;16;5;2021;22:00;5;59;59350;2;7;1;5;LIBERTE BVD NÂ°2 - 90-51 - 145;50,6366600000;3,0528900000
202100020470;4;5;2021;19:20;1;59;59378;2;6;1;3;CLEMENCEAU BLVD (NÂ°168-294);50,6536900000;3,1096300000
202100020475;3;6;2021;12:10;1;37;37214;2;6;1;7;CHEVREUL (RUE EUGENE);47,4245015794;0,6593888998
202100020480;6;9;2021;18:50;1;69;69259;2;1;1;6;IRENE JOLIOT CURIE (BD);45,7105700000;4,8833340000
202100020509;5;9;2021;10:26;1;64;64024;2;3;1;3;115 Avenue de lâAdour;43,5142000000; -1,5006700000
202100020516;5;9;2021;17:25;1;50;50532;2;6;1;3;GOLF (RUE DU);48,7950700000; -1,5653900000
202100020519;4;9;2021;15:10;1;50;50602;1;1;1;6;COUPLETS (ROUTE DES);49,6504100000; -1,5535300000
202100020523;6;9;2021;15:03;1;49;49007;2;1;1;7;BRESSIGNY;47,4679500000; -0,5509100000
202100020524;6;9;2021;08:21;1;49;49007;2;1;1;7;CHAPEAU DE GENDARME;47,4522400000; -0,5535900000
202100020529;6;9;2021;07:15;1;38;38179;2;1;1;3;chemin du Marais;45,1877483367;5,8073335370
202100020535;6;9;2021;12:15;1;35;35238;2;1;1;2;SAINT-HELIER;48,1062600000; -1,6674400000
202100020538;6;9;2021;20:20;5;31;31557;2;6;1;3;TARBES (ROUTE DE);43,5778660000;1,3271370000
202100020541;6;9;2021;07:47;2;31;31555;2;1;1;2;AV DIDIER DAURAT PROLONGEE;43,5625043982;1,4925944807
202100020545;6;9;2021;06:15;5;25;25056;2;6;1;3;RN 1057 (BD CHURCHIL-ROUTE DE GRAY);47,2446700000;5,9820400000
202100020550;6;9;2021;11:00;1;13;13004;2;9;1;6;RTE N113 MARSEILLE A BORBEAUX;43,6612600000;4,6525800000
202100020556;6;9;2021;10:30;1;75;75106;2;3;1;3;BOULEVARD DU MONTPARNASSE;48,8415450000;2,3311440000
202100020562;6;9;2021;08:40;1;75;75107;2;1;1;6;AVENUE DE SUFFREN;48,8518900000;2,2997610000
202100020563;5;9;2021;11:25;1;75;75115;2;2;1;3;QUAI BRANLY;48,8546170000;2,2888520000
202100020566;6;9;2021;15:30;1;75;75113;2;1;1;7;RUE DE TOLBIAC;48,8258690000;2,3515480000
202100020577;6;9;2021;12:45;1;94;94041;2;1;1;2;Rue Robespierre;48,8093690000;2,3855660000
202100020590;6;9;2021;10:13;1;93;93001;1;1;1;1;FRANCOIS MITTERRAND (QUAI);48,9082827046;2,3766517639
202100020606;7;9;2021;08:15;1;71;71443;2;1;7;6;23 Rue du Bout d Amont;46,9389490000;4,9048160000
202100020611;6;9;2021;17:50;1;76;76304;2;3;7;3;Route de Goderville;49,6514770000;0,4358210000
202100020614;31;8;2021;10:55;1;33;33394;2;3;1;3;Lieu Dit Villemaurine;44,8967640000; -0,1526180000
202100020621;7;9;2021;15:00;1;61;61484;1;1;7;2;RD923 - PK 13+860 - MALE;48,2543130000;0,6998850000
202100020622;7;9;2021;09:48;1;46;46273;2;1;1;2;Avenue Charles de Gaulle;44,8690020000;1,8751240000
202100020650;5;9;2021;10:10;1;57;57535;1;1;1;7;Rue Nationale;49,0538560000;7,3388300000
202100020655;1;9;2021;17:50;1;33;33483;2;1;1;3;11 Route de Birac;44,8954280000; -0,3624160000
202100020658;7;9;2021;08:45;1;35;35191;1;1;1;1;Lieu Dit Launay (Montours);48,4538830000; -1,3122980000
202100020677;4;9;2021;19:38;1;69;69152;2;1;1;2;EUROPE (DE L') (BD);45,7019000000;4,8218700000
202100020680;5;9;2021;12:45;1;91;91215;2;1;1;6;RUE DE LA FORET;48,6919700000;2,5145400000
202100020683;5;9;2021;11:55;1;76;76026;1;9;1;3;PRAIRIES (CHEMIN DES);49,8765344824;1,1383992434
202100020687;4;9;2021;16:53;1;65;65417;2;3;1;3;VILLON (RUE FRANCOIS);43,2323000000;0,1054000000
202100020709;5;9;2021;11:44;1;10;10362;2;2;1;6;PAUL DOUMER (RUE);48,2895100000;4,0466600000
202100020722;4;9;2021;23:00;5;75;75110;2;4;1;4;RUE LA FAYETTE;48,8824420000;2,3691840000
202100020726;5;9;2021;18:35;1;94;94054;2;3;1;3;Rue Parmentier;48,7423900000;2,3873700000
202100020738;5;9;2021;18:40;1;49;49017;1;1;1;5;D68;47,6416800000; -0,3468830000
202100020745;5;9;2021;14:45;1;26;26002;1;6;1;3;1845 Route de Marcoz;45,2414450000;4,8201980000
202100020756;6;9;2021;08:45;1;33;33193;1;1;1;2;;45,4499560000; -1,0779690000
202100020761;4;9;2021;18:10;1;63;63302;2;6;1;7;D978;45,7110980000;3,1558660000
202100020767;3;9;2021;13:15;1;39;39354;2;1;7;1;175 Rue de la Rochette;46,8988020000;5,6473540000
202100020776;6;9;2021;10:45;1;14;14371;1;1;1;7;D135a;49,0138200000;0,2534960000
202100020786;29;8;2021;11:25;1;29;29233;2;1;1;1;41 Rue de Quimper;47,8751680000; -3,5471040000
202100020792;4;9;2021;11:15;1;13;13015;2;3;1;3;AVENUE THIERS;43,4475840000;5,4329060000
202100020795;5;9;2021;20:30;3;68;68283;1;1;1;7;Rue de Pierreusegoutte;48,2904680000;7,2573390000
202100020796;5;9;2021;11:05;1;57;57396;2;1;1;1;Rue de la CÃ´te;49,1247740000;6,0940430000
202100020800;6;9;2021;12:15;1;60;60317;1;1;1;2;route dÃ©partementale 12;49,3330650000;2,3063780000
202100020828;4;9;2021;22:10;5;69;69034;2;9;1;1;BOUCLE (DE LA) (MO);45,7827600000;4,8363900000
202100020846;1;9;2021;12:50;1;52;52121;2;1;1;7;PRIEURE (RUE DU);48,1186200000;5,1553800000
202100020847;4;9;2021;20:30;2;49;49007;2;1;1;3;COUBERTIN BOULEVARD;47,4599700000; -0,5328100000
202100020864;4;9;2021;16:30;1;33;33063;2;9;1;6;Avenue de la RÃ©publique;44,8389900000; -0,6138600000
202100020871;3;9;2021;12:40;1;19;19272;2;1;1;3;Dr Ramon (Rue);45,2543662774;1,7595202102
202100020873;4;9;2021;10:55;1;17;17300;2;9;8;6;CHAUDRIER   RUE;46,1628000000; -1,1523400000
202100020877;4;9;2021;22:38;5;06;06088;2;1;1;3;ANGLAIS (DU NÂ° 114 AU NÂ° 263);43,6852760000;7,2361740000
202100020883;4;9;2021;20:40;2;75;75112;2;3;1;3;AVENUE DU GENERAL MICHEL BIZOT;48,8332800000;2,3989430000
202100020884;4;9;2021;13:05;1;75;75110;2;1;1;7;QUAI DE VALMY;48,8757910000;2,3637560000
202100020923;4;9;2021;19:30;1;29;29146;2;1;1;3;Route de la Boissiere;47,9064610000; -3,8382960000
202100020933;5;9;2021;13:15;1;14;14339;2;1;1;7;Rue de l Eglise;49,1283846000; -0,3148470000
202100020942;1;9;2021;18:20;1;30;30133;2;6;1;1;Rue de l Altier;43,5196840000;4,1318710000
202100020951;30;8;2021;20:45;2;91;91292;1;6;1;1;D449;48,5736260000;2,2593640000
202100020959;4;9;2021;18:30;2;74;74082;1;1;1;7;D45;46,1250100000;6,1659260000
202100020993;3;9;2021;14:35;1;974;97411;2;1;1;1;KENTIAS (ALLEE DES); -20,9079400000;55,4807900000
202100020999;24;6;2021;18:20;1;69;69387;2;1;1;1;TONY GARNIER (AV);45,7315100000;4,8241500000
202100021000;3;9;2021;12:45;1;69;69387;2;1;1;6;LECLERC (AV);45,7387200000;4,8251200000
202100021005;3;9;2021;12:13;1;91;91114;2;1;1;2;RUE DES GLAISES;48,6983470000;2,4889800000
202100021006;3;9;2021;08:00;1;91;91691;2;6;1;3;PASTEUR (ROND POINT);48,6944840000;2,4828560000
202100021011;3;9;2021;21:15;2;81;81004;2;2;1;3;LANNES (BD DU MARECHAL);43,9430200000;2,1499700000
202100021018;31;8;2021;08:30;1;76;76351;2;1;1;2;ETRETAT (D');49,4978060000;0,0964670000
202100021019;3;9;2021;22:25;5;72;72181;2;1;1;1;HUGO VICTOR (RUE) HORS JARDIN PUBLIQUE;47,9994800000;0,1997500000
202100021026;2;9;2021;14:25;1;64;64132;1;1;1;6;COMMANDANT RENE MOUCHOTTE DU;43,3030000000; -0,3229400000
202100021034;3;9;2021;08:50;1;56;56260;2;9;1;3;POMPIDOU (AVENUE GEORGES);47,6700900000; -2,7699900000
202100021038;31;8;2021;18:15;1;56;56121;2;1;1;2;COSMAO-DUMANOIR ( BD );47,7546200000; -3,3643800000
202100021046;2;9;2021;21:25;5;47;47032;2;1;1;2;RD813;44,1928900000;0,6465500000
202100021049;27;8;2021;17:50;1;41;41018;1;1;1;3;CHATEAU-RENAULT (ROUTE DE);47,5846600000;1,3174300000
202100021052;3;9;2021;07:50;1;37;37233;2;1;1;6;JAURES (BOULEVARD JEAN);47,3942721793;0,7257724606
202100021055;3;9;2021;12:30;1;33;33009;2;1;1;1;LORENTZ-MONOD (ALL. DR);44,6541800000; -1,1652100000
202100021064;3;9;2021;08:20;1;27;27684;2;6;1;3;COCHEREL (RUE DE);49,0152900000;1,1870900000
202100021066;2;9;2021;17:20;1;25;25056;2;1;1;3;ALLENDE  BOULEVARD SALVADOR;47,2207000000;5,9788600000
202100021072;3;9;2021;09:09;1;14;14137;2;9;7;1;Rue de Bellevue;49,1913000000; -0,4310400000
202100021085;3;9;2021;07:45;1;75;75118;2;2;1;2;BOULEVARD BARBES;48,8865360000;2,3495550000
202100021087;3;9;2021;01:00;5;75;75117;2;1;1;3;AVENUE DE VILLIERS;48,8845780000;2,3002190000
202100021090;3;9;2021;14:00;1;75;75116;2;2;1;3;ALLEE DU BORD DE L EAU;48,8761310000;2,2463590000
202100021091;3;9;2021;11:15;1;75;75116;2;2;1;6;PONT DE L ALMA;48,8641920000;2,3015550000
202100021092;3;9;2021;12:51;1;75;75115;2;1;1;3;RUE LINOIS;48,8481850000;2,2833950000
202100021095;3;9;2021;17:10;1;75;75112;2;5;1;3;RUE DE LYON;48,8466560000;2,3720520000
202100021096;3;9;2021;18:15;1;75;75110;2;4;1;6;BOULEVARD DE MAGENTA;48,8690190000;2,3625290000
202100021098;3;9;2021;18:20;1;75;75108;2;3;1;3;AVENUE DES CHAMPS ELYSEES;48,8713910000;2,3026210000
202100021100;3;9;2021;18:45;1;75;75102;2;2;1;3;BOULEVARD DE SEBASTOPOL;48,8678930000;2,3534570000
202100021102;3;9;2021;08:45;2;94;94068;2;2;1;3;Boulevard de CrÃ©teil;48,7980100000;2,4898600000
202100021121;3;9;2021;08:40;1;92;92024;2;1;1;2;ASNIERES (PONT D');48,9036012709;2,2893887758
202100021129;4;9;2021;16:30;1;51;51326;2;2;1;3;Rue du GÃ©nÃ©ral de Gaulle;49,1123240000;4,3095370000
202100021183;3;9;2021;09:30;1;09;09293;2;1;1;7;D21;42,9690140000;1,5192420000
202100021209;1;9;2021;12:50;1;35;35238;2;1;1;6;HEVIN (PIERRE);48,1047370000; -1,6915940000
202100021223;1;9;2021;19:10;1;91;91223;1;1;1;7;CD63;48,4158500000;2,1940500000
202100021240;1;9;2021;19:50;1;62;62019;1;1;1;2;D51 ;50,4134170000;2,7349940000
202100021241;2;9;2021;18:55;1;59;59350;2;1;1;3;LAMBRET OSCAR AVENUE;50,6167100000;3,0340700000
202100021242;2;9;2021;15:10;1;59;59350;2;3;1;3;HUGO VICTOR RUE;50,6211600000;3,0951600000
202100021245;30;8;2021;15:30;1;56;56162;2;6;1;7;PASTEUR (AVENUE LOUIS);47,7397500000; -3,4274700000
202100021249;1;9;2021;08:06;1;54;54328;2;6;7;3;PASTEUR (RUE LOUIS);48,6184600000;6,1772500000
202100021261;1;9;2021;10:45;1;35;35115;2;6;1;3;GROSLAY (BD DE DU NÂ°25 AU 43);48,3526100000; -1,1861700000
202100021277;1;9;2021;12:05;1;10;10387;2;6;1;1;BROCARD (RUE);48,3086000000;4,0691000000
202100021280;1;9;2021;19:20;1;06;06088;2;2;1;1;FAURE (AV. FELIX);43,6980750000;7,2727900000
202100021292;2;9;2021;08:36;1;75;75113;2;4;1;3;AVENUE DE LA PORTE D ITALIE;48,8173069715;2,3600360199
202100021295;2;9;2021;08:45;1;75;75112;2;3;7;3;AVENUE DE GRAVELLE;48,8184090000;2,4515840000
202100021298;2;9;2021;15:21;1;75;75107;2;2;1;3;RUE D ESTREES;48,8517750000;2,3138490000
202100021299;2;9;2021;10:15;1;75;75113;2;2;1;3;BOULEVARD MASSENA;48,8193400865;2,3619745459
202100021301;2;9;2021;10:00;1;75;75104;2;3;1;7;BOULEVARD BOURDON;48,8516520000;2,3676600000
202100021320;2;9;2021;13:15;1;92;92007;2;1;1;3;BRIAND (AVENUE ARISTIDE) NÂ° 162 A 300;48,7919800000;2,3201000000
202100021331;2;9;2021;10:00;1;79;79205;1;2;1;3;;46,2093640000;0,0667800000
202100021340;1;9;2021;18:45;1;71;71305;1;3;1;2;D55;46,4597080000;4,8806120000
202100021346;31;8;2021;17:00;1;86;86177;1;3;1;3;lieu dit virolet;46,7038420000;0,2636080000
202100021350;2;9;2021;14:40;1;38;38345;1;1;1;2;D1532;45,2005120000;5,4546130000
202100021364;3;9;2021;10:14;1;40;40046;2;6;1;3;Avenue Henri Guillaumet;44,3904410000; -1,1662140000
202100021366;3;9;2021;14:45;1;17;17447;1;1;1;3;D112;46,0929060000; -0,9152980000
202100021378;3;9;2021;05:50;3;78;78263;1;1;8;5;RD 179;48,7982600000;1,7169080000
202100021386;2;9;2021;16:30;1;33;33548;1;3;1;3;D138E4;44,9720620000; -0,3406620000
202100021413;1;9;2021;16:19;1;973;97302;2;2;1;3;DIGUE RONJON;4,9340308514; -52,3292479813
202100021422;1;9;2021;09:15;1;91;91421;2;3;1;3;REPUBLIQUE (AVENUE DE LA);48,7026000000;2,4631000000
202100021431;1;9;2021;14:40;1;72;72181;2;1;1;2;GENESLAY FELIX (AV) NÂ° PAIRS 288 ET plus;47,9695250000;0,2042030000
202100021433;31;8;2021;19:40;1;69;69275;2;2;1;3;VAULX (DE) (RTE);45,7776018476;4,9506458926
202100021435;31;8;2021;11:25;1;67;67482;2;1;1;6;KEPLER (RUE);48,6052160000;7,7208060000
202100021438;1;9;2021;16:00;1;64;64445;2;1;1;3;PAIX;43,3228400000; -0,3707300000
202100021440;31;8;2021;06:55;5;64;64024;2;1;1;3;ADOUR (AVENUE DE L');43,5023300000; -1,4936300000
202100021443;31;8;2021;13:40;1;59;59508;2;1;1;6;LILLE (RUE DE)LATERALE A DRONCKAERT;50,7230510000;3,1109040000
202100021444;1;9;2021;15:15;1;59;59009;2;9;1;3;8 MAI 1945 RUE DU A PARTIR DU NÂ° 60;50,6405400000;3,1553000000
202100021447;31;8;2021;16:43;1;57;57757;2;1;1;2;THIONVILLE (ROUTE DE);49,3518600000;6,1794700000
202100021454;1;9;2021;14:50;1;44;44109;2;1;1;3;RUE GASTON MICHEL;47,2096670000; -1,5608430000
202100021457;1;9;2021;08:00;1;35;35238;2;6;1;3;DE LESSEPS (FERDINAND);48,1017300000; -1,7072500000
202100021459;1;9;2021;11:30;1;33;33318;2;9;1;3;Avenue Roger Chaumet;44,8017300000; -0,6350600000
202100021461;31;8;2021;19:46;1;26;26362;2;6;1;3;85 Rue de la ForÃªt;44,9195270000;4,9179260000
202100021463;1;9;2021;18:15;1;14;14118;2;6;1;3;GUILLOUARD (PLACE);49,1810100000; -0,3700700000
202100021471;28;8;2021;20:15;1;11;11262;2;6;1;6;MARCORIGNAN (ROUTE DE);43,2001160000;3,0120440000
202100021473;31;8;2021;09:38;1;10;10387;2;2;8;3;GENERAL CHARLES DELESTRAIN (RUE);48,2903955450;4,0717852861
202100021477;1;9;2021;11:45;1;75;75118;2;1;1;3;RUE D AUBERVILLIERS;48,8967001160;2,3706087470
202100021479;1;9;2021;08:40;1;75;75116;2;4;1;1;QUAI LOUIS BLERIOT;48,8499030000;2,2771530000
202100021481;1;9;2021;08:40;1;75;75113;2;1;1;7;AVENUE DE LA PORTE DE VITRY;48,8232660000;2,3776300000
202100021486;1;9;2021;18:25;1;75;75110;2;1;1;3;RUE DE BELZUNCE;48,8795990000;2,3499720000
202100021492;1;9;2021;21:00;5;94;94033;2;2;1;3;Avenue de la Pepiniere;48,8445200000;2,4508600000
202100021495;31;8;2021;00:10;5;93;93061;2;1;1;3;Avenue Edouard Vaillant;48,8831000000;2,4106790000
202100021502;1;9;2021;18:18;1;92;92040;2;2;1;6;VICTOR CRESSON (AVENUE) DU 02 AU 40;48,8225851958;2,2680464387
202100021503;1;9;2021;11:10;1;92;92071;2;1;1;6;HOUDAN (RUE);48,7790600000;2,2903800000
202100021504;1;9;2021;02:40;5;92;92012;2;1;1;6;SAUSSIERE (RUE DE LA);48,8389560036;2,2400021926
202100021507;27;8;2021;16:45;1;22;22182;1;1;1;2;La Ville Richard;48,5429210000; -2,9609660000
202100021517;2;9;2021;07:35;1;65;65304;2;6;1;3;Rue du GÃ©nÃ©ral de Gaulle;43,4711510000;0,0414560000
202100021522;1;9;2021;14:30;1;25;25320;1;2;1;3;Avenue de la Gare;46,7879320000;6,2777420000
202100021524;30;8;2021;16:00;1;29;29260;2;3;1;3;Rue de Pontavenec;48,4264490000; -4,6033470000
202100021572;27;5;2021;11:15;1;73;73002;1;1;1;1;D73;45,5320900000;6,3067320000
202100021573;23;5;2021;11:40;1;73;73053;1;6;7;3;RD 925;45,5515280000;6,2086160000
202100021578;31;8;2021;17:00;1;69;69387;2;1;1;3;DEBOURG (AV);45,7315000000;4,8254100000
202100021590;31;8;2021;21:35;5;83;83137;2;3;1;3;CUNEO (BD DOCTEUR);43,1075413829;5,9331222337
202100021595;31;8;2021;15:37;1;76;76540;2;1;2;2;CORNEILLE. PONT PIERRE;49,4358360584;1,0954999924
202100021596;30;8;2021;18:30;1;69;69266;2;2;1;3;NORD (DU) (R);45,7638100000;4,8831700000
202100021610;27;8;2021;11:30;1;56;56162;2;6;7;2;Giratoire de Kerlir D152;47,7082400000; -3,4211100000
202100021612;30;8;2021;15:50;1;49;49099;2;4;1;3;NANCY (RUE DE);47,0573800000; -0,8479600000
202100021613;31;8;2021;13:55;1;49;49353;2;1;1;7;DAUTEL BOULEVARD;47,4434600000; -0,4831200000
202100021622;31;8;2021;11:15;1;33;33063;2;9;1;3;Cours du MarÃ©chal Gallieni;44,8239000000; -0,5919000000
202100021634;31;8;2021;14:45;1;13;13212;2;1;1;3;TROIS LUCS A LA VALENTINE (route);43,3044065830;5,4739350641
202100021637;31;8;2021;12:00;1;13;13047;2;9;1;3;RAYMOND FILIPPI AVENUE;43,4981181311;4,9815748455
202100021670;31;8;2021;19:20;1;92;92026;2;3;1;3;VERDUN (DE 62 A FIN);48,9012950949;2,2599488497
202100021671;31;8;2021;19:00;1;92;92023;2;1;1;2;STENDHAL (AVENUE);48,7876562855;2,2368764789
202100021685;14;8;2021;12:55;1;59;59083;1;1;1;7;Rue de la Gare;50,9019200000;2,4159370000
202100021724;31;8;2021;16:01;1;42;42299;1;2;1;3;Route de Montrond;45,6152830000;4,1165690000
202100021756;30;8;2021;17:12;1;972;97213;1;1;1;2;AUTOROUTE A1;14,6122600000; -61,0081700000
202100021772;30;8;2021;16:35;1;62;62688;2;8;8;6;BERCK (ROUTE DE);50,4179030000;1,6477260000
202100021801;30;8;2021;13:15;1;75;75106;2;2;1;3;RUE DE VAUGIRARD;48,8482380000;2,3310400000
202100021814;26;8;2021;14:10;1;94;94068;2;1;1;6;Quai de Champignol;48,8091640000;2,5134820000
202100021823;30;8;2021;15:10;1;92;92073;2;1;1;7;ROUSSEAU (RUE JEAN-JACQUES);48,8644380000;2,2205430000
202100021829;30;8;2021;21:30;3;26;26031;1;1;1;6;D540;44,5548520000;4,8539940000
202100021866;30;8;2021;19:15;1;18;18226;1;1;1;3;D33;47,1286950000;2,4638130000
202100021876;29;8;2021;18:00;1;971;97103;2;1;1;3;Rue Bernard Vaitilingon;16,2362770000; -61,6048590000
202100021889;31;8;2021;15:30;1;17;17161;2;1;1;1;7 rue des marais;46,1843440000; -1,3140430000
202100021909;29;6;2021;10:45;1;83;83016;1;1;1;3;Dn8;43,2182460000;5,8109630000
202100021921;29;8;2021;13:40;1;69;69266;2;1;1;2;GENAS (DE) (RTE);45,7516200000;4,9048300000
202100021922;29;8;2021;07:30;2;69;69256;2;1;1;7;ROGER SALENGRO (R);45,7501100000;4,9276000000
202100021923;27;8;2021;15:10;1;65;65226;1;1;1;1;D64;43,2409654402;0,0185206532
202100021925;29;8;2021;09:15;1;59;59328;2;1;2;3;HIPPODROME AV DE L NÂ°237 AU389;50,6448800000;3,0284100000
202100021926;29;8;2021;12:50;1;59;59183;2;1;1;1;FORT MARDYCK - ROUTE;51,0262400000;2,3151800000
202100021935;29;8;2021;16:40;1;24;24037;2;9;1;3;PIMONT (BOULEVAR LOUIS);44,8435500000;0,4845000000
202100021964;29;8;2021;15:30;1;05;05027;1;1;1;3;Route Departementale 89 t;44,8776160000;6,7392110000
202100021970;28;8;2021;19:50;2;74;74299;2;9;1;3;73 Rte d Annecy;45,8956920000;6,1660030000
202100021980;29;8;2021;15:20;1;49;49235;2;1;1;7;Chemin de Beniquet;47,2251010000;0,0104560000
202100021986;27;8;2021;11:30;1;34;34126;1;6;1;3;D908;43,5870710000;3,0828670000
202100021997;29;8;2021;10:55;1;10;10251;1;1;1;7;Montigny-les-Monts;48,1082050000;3,9515380000
202100021998;27;8;2021;19:05;2;07;07306;2;1;1;3;Route du Rocher;44,4291370000;4,3554350000
202100022002;25;8;2021;04:30;5;85;85012;2;6;1;6;122 Avenue de l Estacade;46,8888900000; -2,1116040000
202100022011;28;8;2021;14:00;1;74;74010;2;6;1;1;82 Bd Costa de Beauregard;45,8780180000;6,0935500000
202100022015;29;8;2021;22:16;3;77;77327;1;1;1;1;D619;48,5715670000;2,9995890000
202100022025;26;8;2021;12:05;1;44;44026;2;6;7;2;Rue du Clouet;47,3082920000; -1,4805190000
202100022053;28;8;2021;19:00;5;974;97407;2;6;2;3;VERGES(AVENUE); -20,9399400000;55,3056000000
202100022071;27;8;2021;15:10;1;60;60175;2;1;1;3;ALLENDE (BOULEVARD SALVADOR);49,2518200000;2,4766700000
202100022077;28;8;2021;15:20;1;45;45302;2;6;1;3;Rue Passe Debout;47,9369299793;1,8869871497
202100022087;27;8;2021;11:40;1;25;25462;2;1;1;1;SALINS DE (DU 16 AU 63);46,9065100000;6,3477700000
202100022093;28;8;2021;22:15;5;17;17300;2;3;1;3;NORMANDIN   RUE EMILE;46,1495000000; -1,1446500000
202100022106;27;8;2021;01:35;5;75;75105;2;2;1;1;RUE SOUFFLOT;48,8468000000;2,3433470000
202100022128;28;8;2021;10:55;1;92;92046;2;1;1;7;ETIENNE DOLET (RUE);48,8164805186;2,2973200679
202100022131;27;8;2021;23:05;5;92;92024;2;2;1;1;MARTRE DE (4 A 54);48,9008837673;2,3080407602
202100022156;29;8;2021;10:20;1;29;29041;1;1;1;2;Rue de Langolen;48,0646800000; -3,8361060000
202100022165;28;8;2021;19:30;1;60;60471;2;3;1;3;Rue du Monchel;49,5751835058;3,0053971083
202100022191;27;8;2021;16:45;1;69;69036;1;3;1;1;D337;46,1191240000;4,6611160000
202100022195;29;8;2021;12:40;1;50;50612;1;2;1;3;Intersection D41 et route de genets;48,6752020000; -1,4528220000
202100022197;29;8;2021;15:20;1;60;60141;2;1;2;3;Avenue du MarÃ©chal Joffre;49,1895750000;2,4627550000