Num_Acc;jour;mois;an;hrmn;lum;dep;com;agg;int;atm;col;adr;lat;long
202100022217;27;8;2021;08:40;1;69;69387;2;3;1;3;GUILLOTIERE (DE LA) (GR);45,7473600000;4,8582600000
202100022233;26;8;2021;19:00;1;67;67482;2;4;7;3;BOECKLIN (RUE);48,6010800000;7,7818000000
202100022242;27;8;2021;17:05;1;59;59350;2;9;1;2;LIBERTE BVD NÂ°2 - 90-51 - 145;50,6330000000;3,0592300000
202100022251;27;8;2021;07:25;1;54;54395;2;4;1;3;VILLERS (RUE DE);48,6852490599;6,1665079157
202100022253;27;8;2021;07:35;1;51;51454;2;2;1;3;Rue de Courlancy;49,2457518296;4,0176437279
202100022255;26;8;2021;18:45;1;49;49099;2;6;1;3;PLACE DE LA MUNICIPALITE REGIONALE  DU C;47,0708300000; -0,8418100000
202100022263;27;8;2021;18:40;1;37;37261;2;2;1;6;CHANZY (RUE DU GENERAL);47,3890866333;0,6730881986
202100022270;27;8;2021;17:35;1;33;33009;2;9;1;1;CELERIER (RUE);44,6579900000; -1,1483500000
202100022287;25;8;2021;17:15;1;09;09122;2;1;1;7;CADIRAC (AVENUE DE);42,9568180000;1,6035440000
202100022299;27;8;2021;22:20;5;75;75113;2;3;1;3;AVENUE D ITALIE;48,8251310000;2,3575760000
202100022303;27;8;2021;16:30;1;75;75101;2;2;1;1;RUE DE RIVOLI;48,8614960000;2,3391430000
202100022306;27;8;2021;09:35;1;94;94041;2;2;1;3;VERDUN (AV DE);48,8134200000;2,3705400000
202100022315;27;8;2021;16:50;1;92;92040;2;1;1;3;FRERES VOISIN (BOULEVARD DES);48,8278509293;2,2714394331
202100022317;25;8;2021;09:45;1;35;35002;1;1;1;3;8 Lieu Dit le Coterel;48,0003030000; -1,4958890000
202100022321;28;8;2021;14:25;1;54;54067;1;1;1;3;D643 PK 41-500;49,4354270000;5,6595039368
202100022323;27;8;2021;16:40;1;67;67194;2;6;1;3;Rue de Drusenheim;48,7310760000;7,9075490000
202100022330;26;8;2021;07:45;2;65;65057;1;1;7;3;D936 ;43,1953570000; -0,0006440000
202100022334;26;8;2021;15:00;1;63;63195;2;6;1;3;Avenue blaise pascal;45,8231810000;3,3792350000
202100022350;28;8;2021;19:09;1;05;05092;1;1;1;1;les blayes;44,4840150000;6,0278680000
202100022371;27;8;2021;19:20;3;973;97305;1;1;1;5;CD5;4,9823070000; -52,4691050000
202100022397;25;8;2021;19:12;5;988;98818;2;1;1;3;ROUTE DE L'ANSE VATA; -22,2870700000;166,4483700000
202100022416;25;8;2021;18:00;1;67;67482;2;1;1;3;MARECHAL LEFEBVRE (RUE DU);48,5608600000;7,7424700000
202100022420;26;8;2021;12:25;1;65;65440;2;4;1;3;LASSALLE (RUE GEORGES);43,2343100000;0,0725800000
202100022439;26;8;2021;10:15;1;38;38185;2;1;1;2;Rue Albert Reynier;45,1661300000;5,7072300000
202100022441;26;8;2021;14:15;1;35;35238;2;1;1;3;CHALAIS (SQUARE DES HAUTES);48,0910596326; -1,6786048150
202100022451;25;8;2021;16:25;1;31;31555;2;1;1;1;PINEL (PL MARIUS) DU 1AU 24;43,6026730000;1,4660220000
202100022459;26;8;2021;09:40;1;13;13005;1;1;1;3;NATIONALE 8 DE PARIS A TOULON (ROUTE);43,2813240000;5,6052580000
202100022465;25;8;2021;20:05;2;03;03001;2;1;1;3;GRAVIERS (AVENUE DES);46,1091600000;3,4400100000
202100022473;26;8;2021;17:40;1;75;75111;2;1;1;6;BOULEVARD DE BELLEVILLE;48,8679380000;2,3818070000
202100022476;26;8;2021;02:05;5;94;94041;2;2;1;3;Rue Paul Andrieux;48,8129800000;2,3702100000
202100022481;26;8;2021;18:00;1;93;93048;2;2;1;2;Rue Robespierre / Rue Cuvier;48,8509100000;2,4246100000
202100022486;26;8;2021;18:15;1;92;92025;2;1;1;3;AGENT SARRE (AV DE L');48,9247450000;2,2661600000
202100022497;27;8;2021;08:50;1;62;62571;2;1;1;5;Rue Camille Delacroix;50,4583610000;1,6014450000
202100022517;25;8;2021;09:05;1;34;34178;2;1;1;1;Avenue Louis Arcelin;43,4395760000;3,1371760000
202100022520;25;8;2021;18:00;1;25;25527;1;1;1;3;Rue du Moulin du PrÃ© - D203;47,1773090000;5,7973270000
202100022524;26;8;2021;11:40;1;03;03029;1;1;1;3;Lieu Dit Fontcroze;46,2404440000;3,4401910000
202100022527;27;8;2021;06:40;2;54;54157;2;1;1;3;3 Rue Serge Mangon;48,8391150000;6,0578690000
202100022528;26;8;2021;18:40;1;14;14193;1;1;1;5;La croix rouge;49,1314360000;0,3317250000
202100022532;26;8;2021;17:50;1;73;73308;1;1;1;3;RD925;45,6898113281;6,4114165425
202100022535;27;8;2021;08:20;1;40;40255;1;2;5;3;Route de Pujo;43,8791460000; -0,3450180000
202100022547;26;8;2021;10:38;1;05;05079;1;1;1;5;D1091;45,0427450762;6,4164431651
202100022548;26;8;2021;22:10;5;04;04143;2;6;1;3;RD4 - Rond point du Revest;43,9229510000;5,9115240000
202100022556;27;8;2021;07:00;2;07;07324;2;1;1;7;28 Avenue Marechal Foch;45,0712760000;4,8254093000
202100022559;26;8;2021;09:15;1;85;85198;2;3;1;3;RD111;46,9913000000; -1,0423650000
202100022592;23;8;2021;09:30;1;69;69383;2;2;1;4;DOCTEUR LONG (CR);45,7495600000;4,8841500000
202100022605;24;8;2021;15:05;1;82;82121;2;6;1;3;giratoire Dompeyre;44,0271600000;1,3443900000
202100022611;23;8;2021;13:47;1;66;66136;2;3;1;3;DALBIEZ (AVENUE VICTOR);42,6934574987;2,8878527032
202100022630;25;8;2021;10:00;1;37;37261;2;1;1;7;MONTJOYEUX (AVENUE);47,3634439919;0,7010600903
202100022649;24;8;2021;19:10;1;11;11069;2;9;1;3;LIBERTE -DE LA -;43,2158000000;2,3482400000
202100022659;24;8;2021;15:00;1;75;75116;2;1;1;1;AVENUE DE L HIPPODROME;48,8633470000;2,2374650000
202100022663;25;8;2021;19:00;1;75;75112;2;1;1;6;RUE MONTGALLET;48,8439110000;2,3887330000
202100022689;24;8;2021;17:45;1;69;69383;2;3;1;3;DAUPHINE (DU) (R);45,7499100000;4,8605600000
202100022694;23;8;2021;12:30;1;69;69385;2;1;1;6;CHEMIN NEUF (DU) (MO);45,7620000000;4,8260000000
202100022701;23;8;2021;16:00;1;76;76351;2;2;1;3;RICHELIEU;49,4893700000;0,1029600000
202100022706;23;8;2021;17:05;1;64;64445;2;1;1;3;BUROS DE;43,3233100000; -0,3465000000
202100022709;10;8;2021;18:00;1;62;62413;2;2;1;3;PEPIN (R DU MOULIN );50,4429680000;2,9050550000
202100022712;23;8;2021;18:30;1;56;56162;2;1;1;3;PLOEMEUR (RUE DE);47,7336400000; -3,4951100000
202100022719;23;8;2021;18:40;1;34;34172;2;1;1;3;APOTHICAIRES (AVENUE DES);43,6444700000;3,8415400000
202100022722;24;8;2021;06:50;2;31;31557;2;1;1;1;MARQUISAT (AV DU);43,5780300000;1,3519400000
202100022730;23;8;2021;11:00;1;17;17461;2;1;1;3;PARC DES SPORTS (AVENUE DU);45,6439900000; -1,0679300000
202100022746;24;8;2021;08:40;1;75;75120;2;1;1;3;AVENUE DE LA PORTE DE BAGNOLET;48,8651340000;2,4112990000
202100022749;24;8;2021;08:40;1;75;75116;2;1;1;2;RUE AGAR;48,8513748078;2,2738601267
202100022751;24;8;2021;08:10;1;75;75109;2;1;1;3;RUE SAINT GEORGES;48,8774250000;2,3373040000
202100022760;24;8;2021;18:40;1;92;92049;2;1;1;2;CHATEAUBRIAND RUE DE;48,8117100000;2,3092300000
202100022793;20;8;2021;18:15;1;80;80021;1;1;1;3;ANDRE DUROUCHEZ (RUE);49,9310495701;2,2780133666
202100022798;20;8;2021;09:50;1;67;67482;2;1;1;3;ALSACE (AVENUE D );48,5867500000;7,7612660000
202100022823;23;8;2021;21:00;5;75;75113;2;2;1;6;BOULEVARD MASSENA;48,8201200000;2,3646390000
202100022851;23;8;2021;12:30;1;64;64256;2;1;1;2;2 Route de Cambo;43,3821200000; -1,3133440000
202100022857;24;8;2021;11:00;1;48;48194;1;1;1;6;D998;44,3349460000;3,8740750000
202100022866;19;8;2021;17:25;1;45;45210;2;3;1;3;D93;47,8570760000;2,8246280000
202100022874;24;8;2021;06:25;3;33;33517;1;1;1;1;D2;45,0492440000; -0,6923320000
202100022879;24;8;2021;14:45;1;60;60170;1;1;1;3;Route du Moulin de la VallÃ©e;49,1972854420;2,5452930292
202100022892;7;4;2021;15:15;1;26;26362;2;1;1;3;105 Avenue de Romans;44,9339050000;4,9043470000
202100022902;22;8;2021;09:50;1;91;91549;2;6;1;3;LIBERTE (AVENUE DE LA);48,6424000000;2,3473500000
202100022908;21;8;2021;10:15;1;62;62643;2;1;1;2;DESMOULINS ( Rue Camille );50,6994090000;1,6082270000
202100022909;22;8;2021;01:05;5;45;45274;2;1;1;4;418 Rue de Champdoux;47,8790934851;1,9615331333
202100022910;22;8;2021;19:27;1;34;34172;2;1;1;1;ACCONIERS (RUE DES);43,5954400000;3,9010400000
202100022915;22;8;2021;15:40;1;33;33529;1;1;1;3;BISCAROSSE (AVE) DUNE VERS BISCA;44,5695200000; -1,2268100000
202100022928;22;8;2021;18:50;1;75;75104;2;3;1;3;RUE SAINT ANTOINE;48,8547580000;2,3624180000
202100022936;23;8;2021;14:55;1;86;86276;1;1;1;2;D741 PK40.500;46,2538970000;0,5235310000
202100022957;23;8;2021;11:36;1;03;03024;1;1;1;6;21 Lieu Dit les Rebourgeons;46,3334800000;3,7116570000
202100022960;20;8;2021;11:30;1;14;14191;2;1;1;3;D514;49,3318172693; -0,4630093576
202100022963;22;8;2021;20:30;2;50;50185;1;1;8;2;RD 33 - PK 14.600;48,8588490000; -1,2781260000
202100022988;23;8;2021;03:15;5;14;14384;2;1;1;2;D83;49,3072700000; -0,3593840000
202100023000;21;5;2021;07:40;1;82;82121;2;1;1;6;LACAPELLE (FAUBOURG);44,0136100000;1,3604900000
202100023004;6;5;2021;13:00;1;36;36044;2;1;1;3;26 Avenue Marcel Lemoine;46,8156966957;1,6968027429
202100023006;2;8;2021;16:05;1;988;98818;2;1;1;2;PROMENADE ROGER LAROQUE; -22,3036200000;166,4464200000
202100023019;26;7;2021;12:33;1;95;95268;2;1;3;3;RD 125;48,9745177025;2,3986029625
202100023029;22;7;2021;21:05;1;87;87085;2;2;1;3;JOURDAN (PLACE);45,8322500000;1,2646300000
202100023033;25;7;2021;11:35;1;83;83069;2;1;1;1;TOULON RD 554 (AVENUE DE);43,1258200000;6,1105200000
202100023042;15;7;2021;17:55;1;74;74012;2;1;1;6;VERDUN (AVENUE DE);46,1941600000;6,2454000000
202100023049;2;8;2021;15:00;1;64;64260;2;1;1;2;CORNICHE (ROUTE DE LA);43,3751000000; -1,7609300000
202100023052;30;7;2021;05:25;2;59;59178;2;6;1;3;HERILLIER (PLACE L');50,3629100000;3,0784500000
202100023057;30;7;2021;20:27;1;56;56098;2;1;1;6;LOCUNEL (RUE  DE );47,7542400000; -3,3285900000
202100023058;24;7;2021;17:50;1;56;56162;1;1;1;3;MEZ (RORH);47,7064800000; -3,4144300000
202100023071;25;7;2021;14:55;1;30;30189;2;3;1;3;SULLY (RUE);43,8435000000;4,3690000000
202100023079;2;8;2021;17:30;1;13;13054;2;9;1;3;LIBERATION (AV DE LA );43,4185400000;5,2156500000
202100023092;21;8;2021;23:15;2;69;69387;2;9;1;7;LECLERC (AV);45,7328200000;4,8237800000
202100023107;20;8;2021;15:00;1;72;72003;2;6;1;2;GAULLE CHARLES DE (AV);47,9737900000;0,1584300000
202100023121;20;8;2021;19:15;1;31;31555;2;1;1;3;RUE MARIE LOUISE DISSART;43,6000000000;1,3720000000
202100023145;21;8;2021;19:45;1;93;93010;2;1;1;3;GUESDES (RUE JULES);48,9038580000;2,4752720000
202100023159;22;8;2021;08:30;1;56;56178;2;1;8;7;Rue du General Quinivet;48,0690970000; -2,9685560000
202100023160;22;8;2021;09:30;1;56;56147;1;1;1;5;LE ROSIER;47,5510280000; -2,2540860000
202100023161;22;8;2021;02:15;5;79;79195;2;1;1;7;58 Avenue Saint-Hubert;46,9446830000; -0,5930580000
202100023162;21;8;2021;16:45;1;79;79009;1;4;1;3;;46,2632280000; -0,5830370000
202100023176;21;8;2021;15:35;1;70;70421;2;3;1;3;17 Rue Gilberte Lavaire;47,6891610000;6,0424430000
202100023241;20;8;2021;15:25;1;14;14118;2;1;1;6;Rue des Equipes dâUrgence;49,1806900000; -0,3582200000
202100023242;4;4;2021;14:00;1;69;69091;2;3;1;3;ANATOLE FRANCE (AV);45,5754100000;4,7903900000
202100023251;20;8;2021;13:27;1;91;91161;2;2;1;3;CAR DES CHAMPARTS;48,7154900000;2,2984500000
202100023253;19;8;2021;13:26;1;87;87085;2;3;1;3;MONNET (RUE JEAN);45,8610100000;1,2828200000
202100023261;19;8;2021;12:30;1;76;76217;2;1;1;3;REPUBLIQUE (AVENUE DE LA);49,9249300000;1,1023700000
202100023263;20;8;2021;06:05;5;72;72181;2;6;1;3;LOUIS BLANC (QUAI);48,0093700000;0,1955000000
202100023270;19;8;2021;20:55;2;64;64445;2;1;1;7;MOHEDAN DU;43,3112000000; -0,3709300000
202100023271;19;8;2021;17:18;1;63;63113;2;2;1;3;JAURES (BD JEAN);45,7678800000;3,0841100000
202100023276;20;8;2021;12:17;1;51;51055;1;1;1;2;D966;49,2976633694;4,0288951993
202100023277;20;8;2021;09:40;1;51;51454;2;3;1;3;Rue du Ruisselet;49,2449257377;4,0380916985
202100023279;20;8;2021;14:50;1;45;45147;2;3;1;1;Rue FrÃ©dÃ©ric et HÃ©lÃ¨ne Joliot Curie;47,9445836330;1,9175037088
202100023283;20;8;2021;17:20;1;35;35238;2;3;1;3;Rue dâAntrain;48,1206200000; -1,6720400000
202100023288;20;8;2021;20:00;1;33;33009;2;1;1;3;DESBIEY (CRS) - NÂ°02;44,6565700000; -1,1606900000
202100023289;20;8;2021;13:10;1;33;33009;2;2;1;3;RAPP (AVE);44,6583400000; -1,1803600000
202100023297;20;8;2021;15:45;1;17;17300;2;1;1;2;ROMPSAY   AVENUE DE;46,1612800000; -1,1316100000
202100023298;20;8;2021;14:50;1;17;17300;2;2;1;3;GUITON   AVENUE JEAN (1-7 et 2);46,1583600000; -1,1576500000
202100023304;20;8;2021;18:06;1;10;10333;2;6;7;3;ECHENILLY (RUE);48,2780600000;4,0384100000
202100023309;20;8;2021;15:25;1;05;05023;2;9;1;3;MAISONS BLANCHES (RUE DES);44,8831200000;6,6285800000
202100023312;20;8;2021;18:18;1;75;75118;2;3;1;3;AVENUE DE SAINT OUEN;48,8916220000;2,3269710000
202100023317;20;8;2021;12:20;1;75;75111;2;2;1;3;BOULEVARD VOLTAIRE;48,8637640000;2,3701160000
202100023324;20;8;2021;09:15;1;93;93048;2;3;1;3;Avenue Jean Moulin / Rue GalilÃ©e;48,8597000000;2,4503000000
202100023328;20;8;2021;15:50;1;92;92044;2;2;1;3;ANA. FRANCE(RUE)1A75 ET 2A72;48,8980500000;2,2796400000
202100023348;20;8;2021;11:50;1;44;44182;2;6;1;3;Avenue du Commandant l Herminier;47,1794090000; -2,1538780000
202100023349;20;8;2021;15:45;1;29;29037;2;1;1;5;13bis Rue de l Odet;47,8760186832; -4,1318826377
202100023361;18;8;2021;18:45;2;07;07329;2;1;1;2;;44,5982290000;4,0780740000
202100023364;16;8;2021;15:00;1;30;30059;2;2;1;6;Boulevard Gambetta;43,6731020000;4,2368010000
202100023379;21;8;2021;10:00;1;38;38565;1;1;1;4;Chemin des Digues;45,2966450000;5,6166150000
202100023386;20;8;2021;18:30;1;59;59659;2;9;1;1;Rue de Verdun;50,0181290000;4,0239040000
202100023415;18;8;2021;18:52;1;66;66136;2;1;1;3;ESCARGUEL (COURS LAZARE);42,6999600000;2,8865300000
202100023428;19;8;2021;16:00;1;35;35238;2;2;1;1;PARIS (RUE DE);48,1124500000; -1,6661800000
202100023434;19;8;2021;21:25;2;33;33529;2;6;1;3;Avenue de lâErmitage;44,6322600000; -1,2030400000
202100023439;17;8;2021;13:10;1;22;22278;2;6;1;2;GALLOIS (CARREFOUR DES);48,4973168164; -2,7471711501
202100023451;18;8;2021;13:23;1;75;75104;2;3;1;3;RUE DE RIVOLI;48,8569270000;2,3539260000
202100023452;18;8;2021;13:20;1;75;75105;2;2;1;3;RUE CLAUDE BERNARD;48,8402750000;2,3460330000
202100023460;19;8;2021;19:50;1;75;75107;2;1;1;1;QUAI VOLTAIRE;48,8588050000;2,3315770000
202100023475;15;8;2021;11:40;1;86;86174;2;2;1;3;Rue Ambroise Croizat;46,7732900000;0,4826080000
202100023481;19;8;2021;12:00;1;63;63116;1;1;1;7;D2144;45,9779200000;3,0948740000
202100023493;19;8;2021;18:00;1;49;49218;1;2;1;1;D201;47,2705810000; -0,9856150000
202100023500;20;8;2021;11:20;1;26;26183;1;3;1;1;Route de la Plaine;44,7084840000;5,0934590000
202100023514;20;8;2021;15:40;1;85;85018;1;1;1;2;D22;46,8888600000; -2,0724790000
202100023516;11;8;2021;08:10;1;87;87030;1;1;1;3;Rue des 6 Chataigniers;45,8743460000;0,8530070000
202100023519;19;8;2021;09:47;1;88;88426;2;3;1;3;Rue du 1er Morvan;47,8582130000;6,8286250000
202100023564;18;8;2021;17:40;2;971;97101;2;6;1;3;DOTHEMARE;16,2656300000; -61,5158400000
202100023567;16;8;2021;15:45;1;85;85194;2;1;1;6;AV POMPIDOU;46,4998000000; -1,7800500000
202100023586;18;8;2021;14:20;1;45;45234;2;1;8;3;Quai du Roi;47,8988800000;1,9204900000
202100023591;18;8;2021;07:20;2;35;35238;2;9;1;3;Rue PAPU;48,1111200000; -1,6969500000
202100023607;17;8;2021;10:11;1;05;05061;2;1;1;2;ORIENT (BOULEVARD  DE L' );44,5665500000;6,1016700000
202100023609;16;8;2021;07:35;1;05;05061;2;1;1;3;FREDERIC EUZIERES ( PLACE );44,5568700000;6,0771700000
202100023612;18;8;2021;11:25;1;75;75118;2;3;1;3;RUE DE LA CHAPELLE;48,8964241853;2,3592988802
202100023613;17;8;2021;14:00;1;75;75116;2;1;1;3;AVENUE DE NEW YORK;48,8584690000;2,2886440000
202100023614;17;8;2021;18:35;1;75;75112;2;1;8;3;ALLEE VIVALDI;48,8415540000;2,3912780000
202100023615;17;8;2021;16:50;1;75;75112;2;1;1;3;AVENUE DU DOCTEUR ARNOLD NETTER;48,8450190000;2,4058140000
202100023620;18;8;2021;21:50;5;94;94017;2;1;1;3;Boulevard de Stalingrad;48,8277900000;2,4938800000
202100023627;13;8;2021;17:20;1;31;31044;2;1;7;3;Avenue des AÃ©rostiers;43,6083560000;1,4881380000
202100023634;19;8;2021;15:00;1;89;89420;1;1;1;1;D1;47,5667830000;3,2011200000
202100023638;18;8;2021;16:24;1;38;38427;1;1;1;1;chemin des aretes - chemin de quincieu;45,2849800000;5,3678300000
202100023681;17;8;2021;14:25;1;88;88160;2;6;1;3;CAMUS (RUE ALBERT-);48,1923900000;6,4615700000
202100023688;17;8;2021;11:45;1;74;74133;2;1;1;6;INDUSTRIE (RUE DE L');46,1862600000;6,2216700000
202100023690;16;8;2021;18:00;1;74;74012;2;1;1;6;RESISTANCE (RUE DE LA);46,1971400000;6,2531400000
202100023692;17;8;2021;12:40;1;69;69264;2;1;1;3;MALADIERE (DE LA) (R);45,9788296972;4,7156399488
202100023693;17;8;2021;00:00;4;67;67482;2;1;1;3;ROMAINS (ROUTE DES);48,5796900000;7,6979500000
202100023699;17;8;2021;17:40;1;59;59009;2;6;2;3;DOUMER PAUL RUE DU PRESIDENT;50,6059000000;3,1472500000
202100023700;15;8;2021;11:30;1;59;59431;1;8;1;1;MENEGATTE (RUE DE LA);50,7013000000;2,8165300000
202100023701;13;8;2021;16:10;1;57;57672;2;7;1;1;CLEMENCEAU (AVENUE) 1 A 31 ET 2 A 72;49,3593000000;6,1700300000
202100023704;17;8;2021;19:24;2;54;54197;1;9;1;3;LUPCOURT (ROUTE DE);48,6261800000;6,2182800000
202100023705;17;8;2021;13:45;1;54;54578;2;1;1;2;MULLER (AVENUE PAUL);48,6682023228;6,1474279805
202100023714;17;8;2021;09:00;1;33;33063;2;1;1;3;Cours Victor Hugo;44,8349600000; -0,5704700000
202100023718;17;8;2021;17:00;1;26;26362;2;1;1;3;43 Rue des FrÃ¨res Montgolfier;44,9193200000;4,9012600000
202100023721;17;8;2021;09:45;1;17;17306;2;1;1;3;HEDDE (AVENUE DANIEL);45,6292600000; -1,0322800000
202100023725;17;8;2021;13:10;1;13;13206;2;2;1;3;PARADIS (RUE);43,2831989163;5,3810997142
202100023746;17;8;2021;15:00;1;94;94003;2;2;1;3;Avenue Vladimir Ilitch Lenine;48,8121200000;2,3312500000
202100023757;15;8;2021;16:00;1;14;14764;1;1;1;7;D23;48,8855030000; -0,4151840000
202100023760;17;8;2021;10:00;1;01;01092;1;1;1;5;D904;45,9639820000;5,2582720000
202100023761;17;8;2021;17:00;1;69;69279;2;6;1;3;LYON (DE) (RTE);45,7997676594;5,0597459078
202100023764;18;8;2021;08:10;1;74;74213;2;1;1;1;D14;45,9148630000;6,0538330000
202100023770;15;8;2021;09:40;1;71;71318;1;4;1;7;805 Route de Varennes;46,5499592732;5,1706275317
202100023772;17;8;2021;13:45;1;61;61168;1;1;1;2;D916;48,5750950000; -0,3726390000
202100023777;16;8;2021;19:00;1;44;44005;1;3;1;2;Mal Hara (ChÃ©mÃ©rÃ©);47,1320990000; -1,8816380000
202100023785;17;8;2021;13:45;1;06;06038;1;1;1;7;Route de Gourdon;43,6834840000;6,9731210000
202100023791;15;8;2021;10:10;1;45;45061;1;3;7;3;Avenue des Acacias;48,0378932619;2,7475909169
202100023792;12;8;2021;12:57;1;64;64065;2;9;1;2;Route Departementale 918;43,3598610000; -1,6343340000
202100023797;17;8;2021;10:00;1;30;30133;2;6;1;6;RD62B - rond point dit du Casino;43,5259310000;4,1494420000
202100023810;18;8;2021;13:00;1;83;83016;1;1;1;1;809 Chemin de Sainte Brigitte;43,1925890000;5,8195810000
202100023819;17;8;2021;21:25;2;47;47094;2;1;1;2;1450 Route de Marmande;44,4541490000;0,2337930000
202100023821;17;8;2021;18:15;1;62;62793;2;1;2;3;38 Rue de la Mairie;50,4061560000;2,6416120000
202100023846;16;8;2021;13:05;1;69;69388;2;3;1;3;FRERES LUMIERE (DES) (AV);45,7458700000;4,8636100000
202100023868;15;8;2021;13:50;1;71;71118;2;3;1;3;FRANCHET D'ESPEREY (AVENUE);46,7934300000;4,8236770000
202100023873;13;8;2021;18:10;1;67;67482;2;8;1;6;ROMAINS (ROUTE DES);48,5797600000;7,7171100000
202100023877;16;8;2021;12:10;1;64;64024;2;1;1;3;ADOUR (AVENUE DE L');43,5132200000; -1,5002000000
202100023887;11;8;2021;19:20;1;43;43157;2;1;1;2;6 Avenue de la Dentelle;45,0418800000;3,8886000000
202100023890;16;8;2021;14:40;1;33;33529;2;1;1;3;DE GAULLE ( AVE CHARLES) 01 AU 85;44,6334900000; -1,1416100000
202100023901;13;8;2021;13:00;1;12;12202;2;6;1;2;GIRATOIRE SAINT LOUIS ( AVENUE DE VABRES;44,3650300000;2,5742500000
202100023921;15;8;2021;18:30;1;92;92047;2;1;1;6;VERSAILLES (RUE DE);48,8302611801;2,1773461998
202100023944;14;8;2021;12:40;1;44;44126;2;1;1;3;Rue du GÃ©nrÃ©al de Gaulle;47,1449440000; -2,1826500000
202100023947;10;8;2021;15:10;1;29;29165;2;1;1;3;Rue Pasteur;47,7986740000; -4,2144160000
202100023949;16;8;2021;13:22;1;38;38150;2;1;1;7;Route de Savoie;45,2080910000;5,8503380000
202100023950;17;8;2021;18:30;1;01;01036;2;1;1;1;CHAMPDOSSIN - BELMONT LUTHEZIEU;45,8757060000;5,6648040000
202100023957;16;8;2021;11:00;1;85;85047;2;1;1;3;Le Clousis;46,8106490000; -1,8338800000
202100023973;13;8;2021;07:00;1;01;01043;2;6;1;3;intersection d1084 et d1084A;45,8333440000;4,9935870000
202100023998;12;8;2021;14:30;1;83;83123;2;1;1;2;BANDOL (ROUTE)NÂ° PAIRS;43,1306900000;5,7819200000
202100024000;15;8;2021;09:10;1;82;82121;2;3;1;3;CARMET (RUE JEAN);44,0091600000;1,3762900000
202100024003;9;8;2021;19:20;1;73;73008;2;3;1;6;EAUX VIVES CHEMIN DES;45,6984051034;5,8970839381
202100024006;14;8;2021;12:00;1;69;69264;2;9;1;3;CONDORCET (R);45,9849000000;4,7301600000
202100024021;9;8;2021;10:30;1;03;03190;2;1;1;3;PARIS (ROUTE ET RUE);46,5733400000;3,3258700000
202100024024;14;8;2021;12:00;1;75;75120;2;5;1;3;RUE DES PYRENEES;48,8562025326;2,4049311175
202100024025;15;8;2021;22:00;5;75;75118;2;3;1;3;RUE LAGILLE;48,8946160000;2,3291040000
202100024032;15;8;2021;17:45;1;94;94043;2;3;1;3;FONTAINEBLEAU (AV DE);48,8135100000;2,3614300000
202100024034;15;8;2021;20:50;2;94;94022;2;3;1;3;Rue Pompadour;48,7688000000;2,4225400000
202100024035;15;8;2021;12:45;1;94;94022;2;1;1;6;Rue LÃ©on Blum;48,7571000000;2,4121000000
202100024039;15;8;2021;11:15;1;54;54411;1;1;1;7;D6;48,4834620000;6,1869660000
202100024041;15;8;2021;12:46;1;84;84008;1;3;1;3;D938;44,1435410000;5,1053300000
202100024042;14;8;2021;17:50;1;62;62439;1;9;1;3;888 Route du Ventu;50,7990050000;1,8722520000
202100024044;16;8;2021;04:30;3;62;62205;1;1;1;2;D942;50,7243260000;2,3312690000
202100024054;21;6;2021;19:15;1;29;29018;1;1;1;6;Lieu Dit Kerflaconnier;48,3513701228; -3,8490495667
202100024088;16;8;2021;14:15;1;38;38449;1;1;1;3;Boulevard de la NoirÃ©e;45,6406920000;5,1101230000
202100024090;15;8;2021;10:30;1;65;65123;1;1;1;2;hameau de gripp;42,9454560000;0,2206060000
202100024127;14;8;2021;22:49;5;59;59512;2;2;1;3;ALMA  (RUE DE L)';50,6971760000;3,1658790000
202100024129;14;8;2021;18:40;1;44;44109;2;2;1;3;RUE MEURIS;47,2084700000; -1,5740400000
202100024150;13;8;2021;22:30;5;75;75102;2;2;1;3;BOULEVARD SAINT DENIS;48,8693660000;2,3542570000
202100024154;12;8;2021;19:00;1;94;94002;2;5;1;7;Rue Charles de Gaulle;48,8145900000;2,4119840000
202100024177;13;8;2021;20:20;1;25;25058;2;3;1;3;4 rue du stade;47,2049080000;5,9950540000
202100024201;14;8;2021;19:40;1;33;33214;1;1;7;3;Route du Baganais;45,0013910000; -1,1802750000
202100024211;15;8;2021;08:26;1;73;73114;1;1;1;1;D1212;45,8214780000;6,5314050000
202100024217;13;8;2021;22:35;3;56;56114;1;1;1;3;Kerdalidec D25;47,2949490000; -3,1063630000
202100024238;13;8;2021;18:40;1;91;91685;2;1;1;7;CHASSE (ROUTE);48,6618560000;2,3012730000
202100024243;12;8;2021;11:19;1;87;87085;1;1;1;7;MONTHLERY (RUE DE);45,8375500000;1,2774000000
202100024257;12;8;2021;22:30;5;67;67482;2;1;1;7;FRERES MATTHIS (PONT DES);48,5782100000;7,7344100000
202100024265;13;8;2021;16:55;1;59;59352;2;1;1;3;GRANGE (CHEMIN);50,7320515141;3,0375641584