Num_Acc;jour;mois;an;hrmn;lum;dep;com;agg;int;atm;col;adr;lat;long
202100024276;13;8;2021;09:05;1;34;34172;2;1;1;7;VAL DE MONTFERRAND (AVENUE DU);43,6378700000;3,8736600000
202100024279;13;8;2021;12:40;1;33;33162;2;3;1;3;Avenue du Taillan-MÃ©doc;44,8811800000; -0,6527300000
202100024281;12;8;2021;13:10;1;33;33063;2;3;1;3;CitÃ© Dasvin de Boismarin;44,8502700000; -0,5448500000
202100024288;12;8;2021;18:15;1;17;17291;2;3;1;1;GUYENNE   RUE DE;46,1863700000; -1,1214800000
202100024289;13;8;2021;08:37;1;17;17300;2;1;1;3;SARTRE   AVENUE JEAN-PAUL;46,1567400000; -1,1203200000
202100024297;12;8;2021;16:09;1;10;10387;2;3;1;3;EMILE ZOLA (RUE);48,2964600000;4,0749100000
202100024309;12;8;2021;23:40;5;75;75105;2;2;1;6;RUE SOUFFLOT;48,8469160000;2,3428400000
202100024318;13;8;2021;19:18;1;75;75101;2;2;1;6;BOULEVARD DE SEBASTOPOL;48,8600520000;2,3490610000
202100024326;13;8;2021;18:45;1;93;93008;2;3;9;3;Rue Bernard / Rue Saint Andre;48,9035000000;2,4243440000
202100024328;13;8;2021;08:35;1;92;92076;2;1;1;6;JARDY;48,8319600000;2,1528000000
202100024349;12;8;2021;17:30;1;38;38115;1;1;1;3;LES CADORATS;44,9651320000;5,6378320000
202100024359;14;8;2021;12:00;1;33;33046;2;3;1;3;54 Grande Route;44,3718610000; -0,2436680000
202100024365;14;8;2021;09:00;1;63;63037;1;1;1;3;lieu-dit la mayoux;45,6356020000;3,6800870000
202100024369;12;8;2021;09:30;1;47;47054;1;1;9;7;D13;44,4010970000;0,4977380000
202100024386;12;8;2021;06:45;2;65;65305;2;3;1;3;D925;42,9603542713;0,5684088721
202100024398;12;8;2021;17:30;1;72;72349;1;9;1;3;Lieu Dit le Petit Touchesnay;48,2040760000;0,2013050000
202100024401;6;8;2021;17:36;1;05;05164;1;3;7;3;D954;44,5137430000;6,3722070000
202100024403;4;8;2021;08:00;1;83;83083;1;4;1;3;Chemin des Lones;43,4738350000;6,1303930000
202100024423;13;8;2021;15:30;1;08;08291;1;1;1;2;RD981;49,6822290000;5,2860650000
202100024440;10;8;2021;10:33;1;21;21171;2;4;1;3;Avenue de l EgalitÃ©;47,2941057979;5,1326658062
202100024454;12;8;2021;15:40;1;68;68106;1;1;1;7;D431 PK 8.300;47,8914850000;7,1076390000
202100024455;14;8;2021;10:50;1;68;68145;2;2;1;3;43 grand rue;48,0809740000;7,3941240000
202100024456;11;8;2021;17:55;1;67;67263;1;1;1;6;D3;49,0315160000;7,7593300000
202100024464;13;8;2021;09:45;1;09;09334;1;1;1;3;Route du Port de l'hers;42,7729120000;1,4898710000
202100024469;13;8;2021;10:00;1;22;22210;2;1;1;7;Route de Kerber;48,8157590000; -3,0179570000
202100024495;12;8;2021;15:30;1;86;86194;2;3;1;3;Avenue John Kennedy;46,5869870000;0,3649790000
202100024506;11;8;2021;11:45;1;76;76351;2;2;1;3;JEAN BAPTISTE EYRIES;49,4975300000;0,1155500000
202100024552;12;8;2021;19:00;1;75;75112;2;1;1;2;ROUTE DAUPHINE;48,8228110000;2,4421250000
202100024553;11;8;2021;19:20;1;75;75112;2;3;1;1;RUE TRAVERSIERE;48,8446750000;2,3691440000
202100024561;12;8;2021;20:10;1;93;93066;2;3;1;3;SAINT LEGER (CHEMIN);48,9453000000;2,3764000000
202100024568;12;8;2021;15:00;1;93;93027;2;1;1;3;PASTEUR (BOULEVARD) DE 1 A 39;48,9214700000;2,3833400000
202100024571;12;8;2021;15:00;1;92;92048;2;6;1;3;VERDUN (AVENUE DE) DU 152 AU 226;48,8179000000;2,2488400000
202100024587;11;8;2021;19:15;1;69;69387;2;2;1;6;BERTHELOT (AV);45,7452300000;4,8417800000
202100024592;11;8;2021;05:34;5;87;87085;2;1;1;7;BRIAND (RUE ARISTIDE);45,8563500000;1,2842800000
202100024599;11;8;2021;09:00;1;69;69029;2;1;1;6;BLEUETS (DES) (R);45,7494321182;4,9031598866
202100024602;11;8;2021;21:50;3;57;57487;1;1;1;3;RD157B;49,0982400000;6,1178900000
202100024608;11;8;2021;14:00;1;37;37261;2;2;1;6;GRAMMONT (AVENUE DE);47,3840397110;0,6912592517
202100024623;11;8;2021;13:00;1;07;07281;1;1;1;7;;44,9519000000;4,8235000000
202100024628;11;8;2021;09:01;1;75;75114;2;3;1;3;BOULEVARD ARAGO;48,8346540000;2,3382210000
202100024630;10;8;2021;23:15;5;75;75109;2;3;1;3;RUE DE CLICHY;48,8781360000;2,3301160000
202100024647;1;7;2021;17:00;1;92;92004;2;3;1;3;VOLTAIRE  ( BD 01 A 15 );48,9165677380;2,2890213132
202100024658;12;8;2021;11:05;1;34;34169;1;1;1;2;D.17;43,6685240000;3,8682820000
202100024666;9;8;2021;13:05;1;45;45234;2;3;1;1;Route de Concyr;47,8196713444;1,9467618513
202100024668;11;8;2021;10:30;1;16;16003;2;1;1;2;Lieu-dit Le Pont d'Agris;45,7846700000;0,3421480000
202100024685;11;8;2021;11:00;1;13;13096;1;1;1;2;D38c;43,5461060000;4,3505000000
202100024694;11;8;2021;17:35;1;33;33449;2;1;1;3;Rue Albert Menaut;44,8937110000; -0,7177300000
202100024711;10;8;2021;15:00;1;974;97411;2;1;1;3;LECLERC (DU MARECHAL); -20,8796700000;55,4558200000
202100024729;10;8;2021;17:20;1;65;65100;2;6;1;3;MONTAIGU (RUE DU);43,2582800000;0,0395700000
202100024740;9;8;2021;17:07;1;49;49007;2;3;1;1;JAURES;47,4578145759; -0,5228403211
202100024746;29;7;2021;16:00;1;40;40192;2;1;1;1;NAHUQUES (ALLEES DE);43,8908200000; -0,4735600000
202100024752;10;8;2021;17:00;1;33;33009;2;1;1;6;AllÃ©e Florida;44,6495900000; -1,1872100000
202100024759;10;8;2021;10:40;1;09;09225;2;1;1;3;PASSERONNE CHEMIN DE LA;43,1014000000;1,6239900000
202100024772;10;8;2021;19:25;1;75;75104;2;1;1;3;QUAI DES CELESTINS;48,8518420000;2,3614850000
202100024794;10;8;2021;15:30;1;42;42302;2;1;1;3;Rue des Ãcoles;45,5041400000;4,4350920000
202100024804;11;8;2021;10:25;1;90;90063;2;1;1;3;1 Rue Saint Dizier;47,4896440000;6,9760070000
202100024811;9;8;2021;12:30;1;74;74221;1;1;1;3;Col de la ColombiÃ¨re (Col de montagne);45,9915690000;6,4734100000
202100024818;11;8;2021;14:45;1;55;55435;1;1;1;7;departementale 16;48,7437170000;5,0223080000
202100024822;10;8;2021;09:30;1;38;38382;2;2;1;3;Route de Grenoble;45,2282580000;5,6840890000
202100024826;11;8;2021;19:00;1;14;14047;2;3;1;7;D96;49,2758270000; -0,7198190000
202100024846;2;8;2021;13:15;1;59;59350;2;1;1;6;ARRAS RUE D;50,6199800000;3,0650000000
202100024849;7;8;2021;17:20;1;974;97407;2;1;1;3;RENAUDIERE DE VAUX(RUE); -20,9358300000;55,2909700000
202100024876;9;8;2021;10:00;1;53;53130;2;1;2;3;TRAPPISTINES ( BOULEVARD DES );48,0601400000; -0,7774800000
202100024879;6;8;2021;11:00;1;41;41018;2;9;1;3;BALZAC  (RUE HONORE DE);47,5947900000;1,3301500000
202100024882;9;8;2021;15:30;1;33;33550;2;6;1;3;Avenue du MarÃ©chal Leclerc;44,7781010000; -0,5705537000
202100024889;8;8;2021;22:30;3;13;13047;1;6;1;2;D.5;43,4762300000;4,9969000000
202100024893;14;7;2021;20:00;1;75;75116;2;1;1;6;AVENUE DE L HIPPODROME;48,8636290000;2,2369690000
202100024897;8;8;2021;14:50;1;75;75112;2;3;1;3;BOULEVARD PONIATOWSKI;48,8292070000;2,3902660000
202100024898;9;8;2021;08:55;1;75;75111;2;2;2;6;BOULEVARD DE MENILMONTANT;48,8629310000;2,3875170000
202100024899;9;8;2021;12:50;1;75;75110;2;1;1;7;BOULEVARD DE LA VILLETTE;48,8810740000;2,3700930000
202100024901;9;8;2021;16:20;1;75;75107;2;1;1;3;QUAI BRANLY;48,8615660000;2,2977130000
202100024924;8;8;2021;12:30;1;63;63219;1;1;8;7;lieu dit les gardes;45,7943250000;2,9004340000
202100024931;9;8;2021;18:20;1;82;82187;1;3;1;3;Pech Grimal;44,1474060000;1,8556330000
202100024939;10;8;2021;07:50;1;39;39255;1;3;1;3;;46,5344190000;5,4274330000
202100024940;8;8;2021;11:30;1;31;31317;2;1;1;7;Les ArrougÃ¨s;43,3068800000;1,1084070000
202100024941;9;8;2021;17:00;1;38;38370;1;1;1;7;Route du Furand;45,1079350000;5,2376300000
202100024942;9;8;2021;18:15;1;38;38547;2;6;1;3;Avenue Robert Huant;45,2642270000;5,9004520000
202100024953;8;8;2021;12:15;1;43;43039;2;3;1;7;Carrefour face Ã©cole et D54;44,9349560000;3,8799690000
202100024957;8;8;2021;11:10;1;85;85204;2;4;1;3;Rue des Prairies;46,8230500000; -1,7596800000
202100024963;3;8;2021;10:15;1;84;84129;1;1;1;7;RD 907 Avenue d'Avignon;43,9930920000;4,8646470000
202100024965;7;8;2021;08:15;1;83;83064;2;6;1;3;Boulevard de la LibÃ©ration;43,3308130000;6,0465630000
202100025005;8;8;2021;15:40;1;17;17380;1;1;1;1;EXPRESS (VOIE);45,6554000000; -1,0959000000
202100025013;2;8;2021;17:00;1;05;05023;2;1;1;6;REPUBLIQUE (AVENUE DE LA);44,8975500000;6,6372600000
202100025015;8;8;2021;11:52;1;75;75105;2;2;1;3;BOULEVARD SAINT GERMAIN;48,8508160000;2,3455290000
202100025017;8;8;2021;18:45;1;75;75119;2;1;1;3;AVENUE JEAN JAURES;48,8890610000;2,3939420000
202100025026;9;8;2021;18:35;1;71;71145;1;2;1;3;;46,5292250000;4,6859600000
202100025037;9;8;2021;10:40;1;81;81192;1;1;1;1;d162;43,7000671000;2,9222729000
202100025046;9;8;2021;12:43;1;03;03044;1;2;2;3;D1093;46,0698330000;3,3805970000
202100025054;8;8;2021;09:10;1;43;43130;1;2;1;6;2 Chemin de la LevÃ©e de Blachon;45,0610010000;4,2422490000
202100025055;2;8;2021;15:55;1;43;43016;1;1;1;5;D16;45,3909015000;3,3530340000
202100025059;8;8;2021;10:00;1;42;42279;2;1;1;3;Chemin des Unchats;45,4943710000;4,2370480000
202100025083;8;8;2021;15:30;1;49;49023;2;3;1;3;Rue des Mauges (beauprÃ©au);47,1984100000; -0,9945520000
202100025126;3;8;2021;17:35;1;27;27229;2;3;8;6;BRANLY (RUE);49,0255994415;1,1625931248
202100025141;7;8;2021;15:20;1;75;75105;2;2;1;3;RUE POLIVEAU;48,8397080000;2,3565960000
202100025143;7;8;2021;14:20;1;75;75106;2;1;1;6;RUE DE VAUGIRARD;48,8471390000;2,3272360000
202100025154;7;8;2021;10:30;1;93;93051;2;1;1;2;Quai de la Marne;48,8577000000;2,5679000000
202100025166;8;8;2021;16:15;1;05;05027;1;1;1;3;CD 902;44,8225620000;6,7359280000
202100025185;7;8;2021;15:30;1;46;46059;2;2;1;3;Le bourg;44,7180632000;1,6084300000
202100025188;6;8;2021;14:40;1;29;29273;1;1;1;5;Traon Meur;48,7068180000; -4,0153260000
202100025196;6;8;2021;18:30;1;50;50267;2;6;1;3;Rue de la Sainte Croix;49,2176500000; -1,5315250000
202100025197;8;8;2021;13:00;1;50;50260;1;1;1;2;Voie Saint Louis;48,6764820000; -0,9852500000
202100025204;5;8;2021;23:45;3;40;40266;1;1;1;2;Route du Nel;44,0474100000; -1,2352320000
202100025218;8;8;2021;08:30;1;13;13073;2;1;1;1;Le Terme D908;43,3868830000;5,5557350000
202100025220;8;8;2021;15:25;1;81;81271;2;1;1;2;Route de Saint Lieux;43,7697240000;1,7046210000
202100025250;18;6;2021;17:45;1;971;97101;2;6;1;3;VIEUX BOURG;16,2501100000; -61,5292700000
202100025256;6;8;2021;07:10;1;86;86194;2;1;1;3;Rue du Carreau;46,6078330000;0,3420320000
202100025260;1;8;2021;11:49;1;78;78640;2;1;1;2;LOUIS BREGUET (AVENUE);48,7811800000;2,1842000000
202100025269;6;8;2021;19:25;1;69;69266;2;1;1;3;4 AOUT 1789 (DU) (R);45,7645900000;4,8912900000
202100025282;3;8;2021;11:00;1;49;49007;2;1;1;7;DAVIERS BOULEVARD;47,4792000000; -0,5590000000
202100025299;6;8;2021;15:40;1;33;33529;2;1;1;6;Rue du Port;44,6369300000; -1,1445900000
202100025300;6;8;2021;10:00;1;31;31555;2;1;1;3;IMP DE LA GLACIERE;43,6467600000;1,4228500000
202100025307;6;8;2021;10:25;1;17;17380;2;3;1;2;BRICK (DU);45,6474700000; -1,1102300000
202100025319;6;8;2021;19:35;1;06;06088;2;2;1;3;PASTORELLI (R.);43,7018630000;7,2733030000
202100025321;5;8;2021;12:20;1;06;06027;2;6;1;3;CLAVERIE RUE DU BRIGADIER;43,6627000000;7,1529980000
202100025327;6;8;2021;16:00;1;75;75120;2;1;1;3;RUE DE BELLEVILLE;48,8761220000;2,4030420000
202100025331;6;8;2021;01:04;5;75;75118;2;2;1;3;RUE DES POISSONNIERS;48,8911850000;2,3516180000
202100025335;5;8;2021;10:05;1;75;75115;2;2;1;3;BOULEVARD DE GRENELLE;48,8524720000;2,2906020000
202100025338;6;8;2021;19:51;1;75;75101;2;2;1;6;RUE DE RIVOLI;48,8609180000;2,3408050000
202100025361;6;8;2021;08:45;1;46;46157;2;1;1;2;Le bourg;44,5215860000;1,9434540000
202100025391;7;8;2021;12:00;1;26;26235;2;6;8;3;Rond-Point Louis Pasteur (Parking);44,3754930000;4,6986540000
202100025406;1;8;2021;19:28;1;92;92048;2;1;1;7;GEORGES LANGRONET (RUE) NÂ° 1 A 31;48,8021468259;2,2395885927
202100025409;31;5;2021;17:35;1;11;11262;2;2;1;3;PELISSIER (RUE YVAN);43,1797600000;3,0039800000
202100025436;5;8;2021;12:35;1;65;65440;2;1;1;6;VERDUN (PLACE DE);43,2335074730;0,0731760263
202100025444;3;8;2021;07:50;1;56;56162;2;1;1;1;MOULIN DU TER (RUE DU );47,7346900000; -3,4032400000
202100025472;5;8;2021;08:00;1;11;11069;2;1;1;6;CANAL PROMENADE;43,2176300000;2,3493300000
202100025475;5;8;2021;14:06;1;06;06088;2;1;7;2;POMPIDOU (BD GEORGES);43,6686870000;7,2039120000
202100025484;5;8;2021;20:20;1;75;75111;2;3;1;6;RUE SAINT MAUR;48,8635539958;2,3788929702
202100025506;5;8;2021;18:50;1;31;31113;1;1;1;7;13-17 chemin du halage;43,5217920000;1,5193750000
202100025528;6;8;2021;17:00;1;50;50076;2;2;1;3;Rue Jacques Pimor;48,8974670000; -1,5626760000
202100025532;6;8;2021;08:45;1;45;45272;2;6;1;7;391 Rue du 11 Novembre;47,8299819650;1,9700758159
202100025539;5;8;2021;18:10;1;17;17208;2;2;1;2;Rue de Curzay;46,2242950000; -0,9941120000
202100025546;6;8;2021;07:15;1;971;97102;1;4;7;5;carrefour D122 - route Anse Maurice;16,4768100000; -61,5017650000
202100025551;5;8;2021;17:00;1;67;67118;2;1;1;7;Route de Wasselonne;48,5837260000;7,6891910000
202100025558;6;8;2021;19:40;1;59;59477;2;3;2;3;Rue Nationale;50,5122740000;2,9137100000
202100025570;13;7;2021;07:30;1;51;51454;2;1;3;2;Rue du Val Clair;49,2228000000;4,1044300000
202100025590;3;8;2021;12:15;1;87;87113;1;1;2;7;BASTIE (AVENUE MARYSE);45,8813700000;1,3294600000
202100025597;2;8;2021;09:05;1;67;67482;2;3;1;3;VOSGES (AVENUE DES);48,5879000000;7,7572260000
202100025606;2;8;2021;19:30;1;44;44184;2;2;1;3;GÃTÃ (RUE DU CDT) DU 35 AU 121 - DU 64 A;47,2770000000; -2,2275400000
202100025614;2;8;2021;12:15;1;15;15014;2;1;1;6;GAULLE (AVENUE CHARLES DE);44,9143500000;2,4334800000
202100025658;4;8;2021;10:55;1;19;19001;1;1;8;7;D3e3;45,5030160000;1,7123650000
202100025659;4;8;2021;19:00;1;56;56166;1;3;2;2;Kerprat Vihan;47,9100430000; -3,2900620000
202100025666;29;6;2021;19:15;1;29;29020;2;3;1;1;Rue de Kerhapp;48,1031550000; -4,0005620000
202100025683;2;8;2021;11:40;1;77;77493;2;3;1;7;rue de la gare;48,6437450000;2,8299750000
202100025723;2;8;2021;11:00;1;74;74010;2;4;1;6;CORNICHE (BOULEVARD DE LA);45,8914000000;6,1344000000
202100025743;26;7;2021;14:00;1;26;26362;2;1;1;3;144 Avenue de Romans;44,9353160000;4,9092850000
202100025764;3;8;2021;07:30;1;75;75118;2;2;2;3;AVENUE DE LA PORTE DE CLIGNANCOURT;48,9007230000;2,3442830000
202100025765;2;8;2021;18:30;1;75;75116;2;4;1;2;AVENUE DE L HIPPODROME;48,8640090000;2,2360620000
202100025770;3;8;2021;18:20;1;75;75112;2;1;1;3;AVENUE DU GENERAL MICHEL BIZOT;48,8356870000;2,4021950000
202100025773;3;8;2021;11:40;1;75;75108;2;1;1;3;AVENUE WINSTON CHURCHILL;48,8661100000;2,3138280000
202100025777;3;8;2021;06:45;2;94;94037;2;1;2;3;PAUL VAILLANT COUTURIER (AV);48,8164090000;2,3399930000
202100025809;3;8;2021;10:00;1;03;03018;2;2;8;3;D219;46,2478730000;3,2656750000
202100025835;3;8;2021;09:25;1;29;29042;2;6;1;3;Boulevard de la France Libre;48,2394550000; -4,4944110000
202100025861;30;3;2021;17:45;1;38;38463;1;1;7;1;Route de Rossat;45,1798510000;5,3590780000
202100025866;9;3;2021;15:15;1;38;38158;2;1;1;3;Rue Montesquieu;45,1453900000;5,7427920000
202100025875;1;8;2021;16:45;1;75;75101;2;3;1;3;RUE DE RIVOLI;48,8627320000;2,3352450000
202100025883;2;8;2021;18:25;1;93;93007;2;1;1;3;8 MAI 45 (AVENUE DU 184 AU 240)  Z1;48,9518200000;2,4409600000
202100025902;3;8;2021;09:00;1;71;71422;1;2;2;3;intersection RD 49 / RD18;46,6959150000;4,7614040000
202100025914;29;7;2021;09:35;1;72;72381;1;6;1;3;Les Tamaris;47,9284230391;0,1017340421
202100025940;27;7;2021;21:00;5;67;67084;2;1;3;7;Rue de la Gare;48,3235290000;7,4296760000
202100025942;2;8;2021;18:15;1;38;38156;1;2;1;3;Route Departementale 1085;45,5369330000;5,2935460000
202100025959;1;8;2021;16:06;1;76;76282;2;1;1;6;BEAU SITE. RUE DU;49,3032358371;1,0497978330
202100025971;1;8;2021;14:25;1;91;91223;2;1;1;7;LYS (RUE DES);48,4312900000;2,1364900000
202100025977;1;8;2021;15:00;1;59;59350;2;1;1;3;FAUBOURG D'ARRAS RUE;50,6076659879;3,0593745521
202100025982;1;8;2021;10:15;1;35;35238;2;1;1;1;PAPIER TIMBRE (DU);48,1044100000; -1,6830600000
202100025989;31;7;2021;17:05;1;30;30007;2;3;1;3;BILINA (QUAI);44,1305100000;4,0722200000
202100026003;1;8;2021;12:15;1;06;06004;1;1;1;3;BORD DE MER RN.98 LA SIESTA;43,6119100000;7,1271800000
202100026010;1;8;2021;17:50;1;75;75101;2;1;1;7;PLACE DU CARROUSEL;48,8610190000;2,3340230000
202100026011;1;8;2021;02:45;5;75;75101;2;3;1;3;AVENUE GENERAL LEMONNIER;48,8609430000;2,3300590000
202100026021;1;8;2021;12:25;1;84;84069;2;9;7;2;Route de Vaison-la-Romaine;44,1758410000;5,1292900000
202100026025;1;8;2021;10:00;1;974;97405;2;9;1;7;Chemin Cambrai; -21,3501320000;55,5622390000
202100026064;2;8;2021;09:30;1;17;17224;2;3;1;3;4bis Rue du Semblier;45,8632230000; -0,3173380000
202100026066;31;7;2021;11:00;1;30;30291;1;1;1;3;D160;44,1503120000;4,0033150000
202100026085;31;7;2021;17:00;1;69;69101;2;1;2;7;BOIS DE SOUL (DU) (CHM);45,9798374927;4,6294417977
202100026088;1;8;2021;10:05;1;14;14488;2;2;1;3;D514;49,2886310000; -0,2645030000
202100026090;2;8;2021;16:30;1;59;59105;2;1;1;1;Rue de la Chapelle;50,4362800000;3,2449530000
202100026127;26;7;2021;17:35;1;62;62108;2;1;1;2;ROND POINT DU MARQUENTERRE;50,4017200000;1,5952500000
202100026132;29;7;2021;15:10;1;50;50502;2;1;1;3;ALSACE LORRAINE;49,1146300000; -1,0987600000
202100026133;31;7;2021;12:45;1;49;49007;2;1;1;3;TALOT;47,4673700000; -0,5558500000
202100026138;31;7;2021;08:45;1;35;35238;2;1;8;3;BERNARD (CLAUDE);48,0992945942; -1,6943326592
202100026152;31;7;2021;16:45;1;75;75117;2;2;1;3;AVENUE NIEL;48,8829300000;2,2963800000
202100026157;31;7;2021;16:35;1;75;75111;2;1;1;3;AVENUE DE LA REPUBLIQUE;48,8644560000;2,3788320000
202100026163;31;7;2021;16:10;1;93;93064;1;1;1;3;KENNEDY (AVENUE DU PRESIDENT);48,8700000000;2,4860000000
202100026182;1;8;2021;09:55;1;95;95652;1;1;1;6;RD 909Z;49,1129070000;2,3652900000
202100026189;1;8;2021;17:50;1;82;82059;1;1;1;1;lieu dit SoulÃ©ry;43,8477670000;0,9529190000
202100026193;1;8;2021;13:50;1;68;68201;2;1;1;6;17 Route Joffre;47,7762160000;7,0000340000
202100026196;31;7;2021;20:05;2;38;38195;1;1;2;1;Route des Deveys;45,1522000000;5,3697860000
202100026202;1;8;2021;08:20;1;05;05184;1;1;1;7;D20;44,4108000000;5,9543860000
202100026208;31;7;2021;10:30;1;85;85234;2;6;1;2;Route de Challans;46,7957700000; -2,0483280000
202100026229;1;8;2021;15:14;1;71;71123;1;1;1;3;Le Moulin Bailly;46,2300920000;3,9503090000
202100026259;29;7;2021;03:58;5;69;69383;2;1;1;2;LACASSAGNE (AV);45,7476300000;4,8817900000
202100026265;30;7;2021;15:30;1;95;95424;2;6;1;3;RD 14;48,9927377478;2,1984251924
202100026272;29;7;2021;15:15;1;77;77320;2;3;1;3;D44 x D934;48,8254250000;3,0375100000
202100026275;26;7;2021;07:15;1;72;72181;2;6;1;3;POITEVIN ALPHONSE (RUE);48,0152650000;0,2016670000
202100026279;29;7;2021;15:55;1;66;66136;2;1;1;6;ESPAGNE (ROUTE D');42,6790200000;2,8919900000
202100026284;25;7;2021;02:15;5;64;64122;2;1;2;7;"""FOCH (AV, DU MARECHAL)""";43,4778600000; -1,5572900000
202100026296;29;7;2021;11:03;1;49;49007;2;1;1;1;GRAND MONTREJEAU;47,4682800000; -0,5220100000
202100026308;30;7;2021;22:50;5;35;35238;2;1;1;3;Rue SAINT-MARTIN;48,1198500000; -1,6803500000
202100026310;30;7;2021;09:30;1;33;33162;2;1;1;3;Avenue du MÃ©doc;44,8929700000; -0,6669000000
202100026314;29;7;2021;10:25;1;30;30007;2;9;1;3;JUIN (AVE DU MARECHAL);44,1172300000;4,1081800000
202100026322;14;7;2021;13:20;1;13;13026;2;9;1;3;RN 568 CLM;43,3901800000;5,1622500000
202100026328;29;7;2021;22:20;5;05;05061;2;1;1;7;JEAN JAURES ( AVENUE );44,5504000000;6,0692400000
202100026331;29;7;2021;14:00;1;75;75115;2;1;1;3;RUE DE LA CONVENTION;48,8413360000;2,2873940000
202100026334;30;7;2021;09:35;1;75;75110;2;4;1;3;RUE RENE BOULANGER;48,8692700000;2,3567980000
202100026355;6;8;2021;22:20;5;92;92012;2;1;1;3;CHATEAU (RUE DU) 127/FIN - 133/FIN;48,8419480000;2,2384900000
202100026359;29;7;2021;16:30;1;65;65193;1;1;8;7;Route de MaulÃ©oon;42,9868459475;0,5739980937
202100026374;30;7;2021;21:30;3;39;39299;1;1;1;2;;46,9463400000;5,3556850000
202100026382;30;7;2021;16:40;1;85;85128;2;6;8;3;Avenue Michel Rambaud;46,4601850000; -1,1692660000
202100026383;29;7;2021;17:00;1;28;28405;1;1;1;2;D152;48,7604040000;1,3096310000
202100026395;30;7;2021;12:20;1;67;67416;1;1;1;3;D3;49,0301380000;7,9166040000
202100026397;31;7;2021;12:00;1;63;63038;1;1;2;7;Super Besse;45,5027080000;2,8775380000
202100026414;29;7;2021;15:00;1;76;76681;2;2;1;1;BLUM. RUE LEON;49,4215300000;1,0891800000
202100026431;17;7;2021;15:30;1;95;95427;2;1;1;3;RD 928;48,9592757270;2,3290586472
202100026433;28;7;2021;19:10;1;91;91665;2;1;1;3;AV DE LA DIVISION LECLERC;48,6628980000;2,2769620000
202100026437;27;7;2021;14:00;1;80;80021;2;1;1;1;TROIS CAILLOUX (RUE DES);49,8924200000;2,2997500000
202100026441;25;7;2021;09:40;1;73;73008;2;6;1;3;D50 / Bd Lepic;45,6854100000;5,9061700000
202100026442;29;7;2021;07:40;1;67;67447;2;1;1;3;BISCHWILLER (ROUTE DE);48,6078860000;7,7498720000
202100026444;29;7;2021;11:38;1;66;66136;2;1;1;3;NUNGESSER-ET-COLI (BOULEVARD);42,6873700000;2,8871700000
202100026455;28;7;2021;15:25;1;56;56162;2;1;1;7;FORCES FRANCAISES LIBRES (PLACE DES);47,7353800000; -3,4282900000
202100026456;26;7;2021;15:50;1;54;54395;2;1;1;3;SAINTE CATHERINE (RUE);48,6951000000;6,1883700000
202100026471;29;7;2021;16:25;1;29;29232;2;6;1;3;Rond Point de l'Eau Blanche;47,9913700000; -4,0734300000
202100026477;28;7;2021;14:35;1;17;17300;2;6;1;3;CENT-VINGT-TROISIEME REGIMENT D;46,1522100000; -1,1482400000
202100026478;28;7;2021;20:28;1;15;15014;2;6;1;6;Giratoire du Vialenc;44,9223700000;2,4280200000
202100026486;29;7;2021;17:45;1;07;07281;2;6;7;7;HUIT MAI (AVENUE DU);44,9454400000;4,8523600000
202100026502;29;7;2021;17:05;1;75;75109;2;1;1;3;RUE DU HAVRE;48,8751200000;2,3267000000
202100026503;28;7;2021;18:15;1;75;75102;2;3;1;3;BOULEVARD DE BONNE NOUVELLE;48,8701510000;2,3504810000
202100026519;28;7;2021;09:30;1;92;92012;2;2;1;3;ANATOLE FRANCE (BOULEVARD) 1/4BIS;48,8503404179;2,2377760100
202100026522;29;7;2021;17:00;1;41;41104;2;3;1;1;Route de Chambord;47,5923180000;1,4531350000
202100026533;29;7;2021;22:27;3;56;56034;2;1;1;6;Rue du MÃ©nec;47,5915160000; -3,0834850000
202100026535;11;7;2021;19:40;1;67;67029;1;6;1;3;D340;48,8824410000;7,1498680000
202100026549;30;7;2021;12:50;1;84;84123;1;1;1;6;D164;44,1119760000;5,3931000000
202100026550;30;7;2021;16:00;1;03;03304;1;1;1;2;Lieu Dit Champoux;46,1670150000;3,3362280000
202100026579;30;7;2021;10:45;1;06;06091;2;1;1;3;3250 D53;43,7782510000;7,3980780000
202100026588;29;7;2021;17:55;1;22;22384;2;3;1;1;Rue des Rochers;48,2819720000; -2,8330940000
202100026614;28;7;2021;18:15;1;69;69386;2;1;1;1;CHARLES DE GAULLE (Q);45,7781200000;4,8442500000
202100026628;26;7;2021;17:50;1;76;76457;1;3;8;3;GOSSELIN RUE;49,3397000000;0,9617000000
202100026631;28;7;2021;06:20;2;72;72181;2;6;1;6;TIRONNEAU ADRIEN (PL);47,9829000000;0,2104000000
202100026648;26;7;2021;08:10;1;51;51454;2;2;2;3;Boulevard Dieu LumiÃ¨re;49,2401040602;4,0414907502
202100026649;27;7;2021;05:50;2;50;50129;2;2;2;3;CONQUERANT (BOULEVARD GUILLAUME LE);49,6421600000; -1,6370300000
202100026656;17;6;2021;06:00;5;42;42330;2;1;1;1;Montee de la Feuilletiere;45,4690300000;4,3634400000