Num_Acc;jour;mois;an;hrmn;lum;dep;com;agg;int;atm;col;adr;lat;long
202100026672;23;7;2021;09:07;1;12;12176;2;2;1;3;CHATEAU (ROUTE DU);44,3908700000;2,5400600000
202100026684;28;7;2021;11:10;1;75;75112;2;3;1;3;BOULEVARD PONIATOWSKI;48,8292660000;2,3903710000
202100026685;28;7;2021;19:15;1;75;75111;2;2;1;3;AVENUE LEDRU ROLLIN;48,8533060000;2,3773200000
202100026686;28;7;2021;18:15;1;75;75110;2;7;1;6;BOULEVARD DE MAGENTA;48,8806670000;2,3520780000
202100026690;28;7;2021;13:25;1;94;94073;2;9;1;3;Esplanade Auguste Perret;48,7627900000;2,3692900000
202100026694;28;7;2021;17:44;1;93;93070;2;4;1;3;MICHELET (AVE) : DU 1 AU 103;48,9054400000;2,3442000000
202100026699;28;7;2021;12:40;1;92;92026;2;1;1;6;GEORGES CLEMENCEAU;48,9029953811;2,2708573937
202100026723;29;7;2021;16:20;1;58;58202;1;2;1;6;D985;47,0746120000;3,7089800000
202100026724;29;7;2021;15:00;1;50;50003;2;1;1;7;80 Avenue du Passous;49,0405510000; -1,5849230000
202100026751;29;7;2021;09:15;1;34;34027;2;6;1;3;Route de Saint Genies des Mourgues;43,7214231332;4,0225614369
202100026753;28;7;2021;17:10;1;38;38474;2;2;1;3;Rue du Vinay;45,2049570000;5,6675610000
202100026776;27;7;2021;07:55;1;69;69387;2;2;1;3;SALOMON REINACH (R);45,7515500000;4,8410500000
202100026788;24;7;2021;13:10;1;78;78524;1;9;1;3;ROUTE DE VERSAILLES;48,8317000000;2,1129200000
202100026794;27;7;2021;19:00;1;72;72181;2;1;1;2;MAILLETS (RUE DES) IMP 37 A 159;48,0153000000;0,2119900000
202100026795;27;7;2021;13:45;1;69;69266;2;1;1;3;AUGUSTE BLANQUI (AV);45,7627918033;4,8846656306
202100026799;25;7;2021;14:50;1;67;67482;2;1;1;6;GOEB (CHEMIN);48,5928600000;7,7831000000
202100026815;26;7;2021;07:50;1;49;49328;2;6;1;3;CESSART (ROND-POINT);47,2613400000; -0,0766800000
202100026818;26;7;2021;18:10;1;37;37261;2;1;1;6;MARCEAU (RUE);47,3919289194;0,6857791543
202100026820;27;7;2021;15:45;1;35;35238;2;1;2;2;PATTON (AVENUE DU GENERAL SIR GEORGES);48,1333400000; -1,6606900000
202100026835;26;7;2021;09:30;1;13;13207;2;1;1;2;CATALANS (RUE DES);43,2924334329;5,3556697461
202100026839;26;7;2021;18:07;1;09;09122;2;1;1;6;LESPINET (RUE DE);42,9667540000;1,6036850000
202100026854;27;7;2021;00:00;5;75;75110;2;5;1;3;RUE LA FAYETTE;48,8758920000;2,3540800000
202100026855;27;7;2021;18:00;1;75;75108;2;7;2;7;PLACE DE L ALMA;48,8643510000;2,3018470000
202100026858;26;7;2021;20:10;1;75;75104;2;3;1;7;BOULEVARD MORLAND;48,8489390000;2,3646160000
202100026861;23;7;2021;09:15;1;94;94080;2;2;1;1;Rue de Lagny;48,8491050000;2,4230520000
202100026875;27;7;2021;15:40;1;60;60225;2;3;2;3;Rue de CrÃ¨vecoeur;49,4198483226;2,3615262508
202100026903;28;7;2021;12:30;1;27;27198;2;1;1;6;Aigremont;48,8432540000;1,0119220000
202100026917;27;7;2021;18:45;1;67;67137;2;1;1;2;18 rue Paul Gauguin;48,4870240000;7,6971140000
202100026941;6;3;2021;11:10;1;73;73085;1;1;1;2;D991 B;45,7918260000;5,8628370000
202100026947;26;7;2021;19:50;1;75;75111;2;2;8;3;BOULEVARD VOLTAIRE;48,8503940000;2,3925220000
202100026948;26;7;2021;15:20;1;75;75111;2;3;8;1;BOULEVARD RICHARD LENOIR;48,8619420000;2,3727700000
202100026953;25;7;2021;23:40;5;75;75101;2;7;1;1;RUE DE RIVOLI;48,8621860000;2,3370150000
202100026976;10;7;2021;11:30;1;88;88505;1;1;1;7;lieu dit Thiriville;48,1750040000;6,8459740000
202100026985;26;7;2021;17:50;1;56;56240;1;1;1;3;Route des Chataigniers;47,5398830000; -2,8294300000
202100027004;27;7;2021;13:30;1;07;07198;1;1;1;7;D265A;44,7995050000;4,7239710000
202100027010;26;7;2021;14:10;1;88;88468;2;3;1;3;Rue des 9 Pres;47,8771450000;6,7564520000
202100027014;26;7;2021;21:00;2;11;11145;1;1;1;2;D718;43,2311340000;3,2004550000
202100027023;27;7;2021;09:40;1;74;74136;1;1;1;7;Rte de la Culaz;45,9664540000;6,4238150000
202100027044;7;3;2021;11:45;1;90;90091;1;6;1;3;RD 83;47,6899770000;6,9597530000
202100027060;12;7;2021;00:27;5;73;73008;2;1;1;3;MARLIOZ AVENUE DE;45,6840000000;5,9125900000
202100027061;25;7;2021;11:42;1;65;65331;2;3;1;1;BIGORRE (RUE DE);43,1995040000;0,0600510000
202100027066;25;7;2021;19:30;1;33;33529;2;1;1;6;PYLA (BD DU);44,6340900000; -1,1580100000
202100027068;25;7;2021;09:00;1;33;33529;2;6;1;3;Rue Jean de Grailly;44,6265900000; -1,1414100000
202100027090;25;7;2021;14:00;1;75;75111;2;2;2;7;RUE FROMENT;48,8571940000;2,3728110000
202100027091;22;7;2021;12:43;1;75;75108;2;7;1;3;PLACE DE LA CONCORDE;48,8667960000;2,3220820000
202100027120;20;7;2021;14:00;3;38;38345;1;1;2;7;RD 35;45,1790950000;5,4963830000
202100027124;26;7;2021;10:15;1;54;54130;1;3;1;3;D133;48,4684510000;6,4083450000
202100027137;24;7;2021;09:15;1;73;73298;2;1;1;3;D990 Route Porte de Tarentaise;45,6610760000;6,4332350000
202100027198;24;7;2021;13:15;1;69;69386;2;1;1;1;STALINGRAD  - ESPACE TETE D'Or - (BD);45,7739000000;4,8545400000
202100027206;24;7;2021;19:20;1;35;35238;2;2;2;3;GROS MALHON (AVENUE);48,1278562475; -1,6833366307
202100027212;23;7;2021;08:30;1;31;31555;2;1;1;3;RUE DE GAILLAC;43,6239220000;1,4748070000
202100027215;24;7;2021;08:30;1;15;15014;2;1;8;3;Avenue de TronquiÃ¨res;44,9070960000;2,4288900000
202100027244;14;7;2021;18:45;1;44;44144;2;3;1;3;154 Rue de l Ouche;47,5170280000; -1,2937460000
202100027249;24;7;2021;09:20;1;83;83148;1;6;1;6;Dn7;43,4034420000;6,3929700000
202100027302;23;7;2021;17:10;1;22;22143;2;1;1;3;Route de Saint-Cast;48,5987740000; -2,2867010000
202100027330;22;7;2021;22:20;5;91;91570;2;1;1;3;POTAGERS (RUE DES);48,6427800000;2,3080600000
202100027354;22;7;2021;18:35;1;54;54395;2;2;1;3;SAINTE CATHERINE (QUAI);48,6938500000;6,1918600000
202100027357;23;7;2021;10:46;1;49;49246;2;6;1;2;MAISONS ROUGES CHEMIN;47,4370500000; -0,5143300000
202100027366;23;7;2021;07:50;1;31;31555;2;9;1;2;CHE DU VERDON;43,6256340000;1,4779190000
202100027367;23;7;2021;22:00;5;30;30007;2;1;1;3;BOISSIER DE SAUVAGE (quai);44,1267000000;4,0739500000
202100027381;23;7;2021;22:00;5;75;75119;2;1;1;3;BOULEVARD SERURIER;48,8879990000;2,3953550000
202100027382;23;7;2021;22:42;5;75;75118;2;2;1;3;RUE DES POISSONNIERS;48,8911910000;2,3516320000
202100027383;23;7;2021;19:50;1;75;75118;2;1;1;6;RUE LETORT;48,8970640000;2,3440570000
202100027387;23;7;2021;20:00;1;75;75116;2;3;1;3;ALLEE DE LA REINE MARGUERITE;48,8649150000;2,2490970000
202100027389;21;7;2021;20:45;1;75;75116;2;1;1;2;ROUTE DES TRIBUNES;48,8618870000;2,2304200000
202100027398;23;7;2021;17:05;1;94;94021;2;1;1;3;Avenue de Stalingrad;48,7683600000;2,3678700000
202100027408;22;7;2021;08:20;1;92;92002;2;1;1;3;ADOLPHE PAJEAUD (RUE);48,7412100000;2,2836400000
202100027416;24;7;2021;12:50;1;56;56204;1;1;2;1;Keriolas;47,8931560000; -2,7528560000
202100027431;24;7;2021;12:10;1;29;29003;2;1;8;1;Rue Rene LaÃ«nnec (Audierne);48,0239170000; -4,5590900000
202100027439;23;7;2021;20:40;1;64;64490;2;1;1;1;Le Hameau d Exave;43,2373600000; -1,3108170000
202100027446;24;7;2021;12:35;1;04;04135;1;1;1;7;RD 952;43,8562740000;6,1979680000
202100027488;22;7;2021;12:40;1;75;75112;2;3;1;3;RUE DE REUILLY;48,8453090000;2,3889560000
202100027496;22;7;2021;17:30;1;69;69383;2;1;1;6;PAUL BERT (R);45,7557100000;4,8443500000
202100027503;21;7;2021;18:50;1;95;95197;2;3;1;1;Rue de la Gare;48,9753660000;2,3327750000
202100027506;21;7;2021;19:53;1;87;87085;2;1;1;7;LE BAIL (RUE JEAN);45,8386241525;1,2278613902
202100027519;15;7;2021;11:02;1;67;67482;2;8;1;3;FRANCS BOURGEOIS (RUE DES);48,5828960000;7,7454240000
202100027534;22;7;2021;20:25;1;47;47323;2;1;1;3;BORDENEUVE (AVENUE JACQUES);44,4044000000;0,6911000000
202100027540;22;7;2021;11:00;1;35;35238;2;1;1;3;SAINT-HELIER;48,1064200000; -1,6679900000
202100027545;22;7;2021;14:45;1;33;33529;1;1;1;7;ARCACHON (BD D');44,6388540000; -1,1721220000
202100027546;22;7;2021;13:55;1;33;33009;2;1;1;3;Boulevard MarÃ©chal Leclerc;44,6592400000; -1,1645300000
202100027555;21;7;2021;08:50;1;11;11262;2;1;1;6;TORGAN (RUE DU);43,1838030000;2,9758600000
202100027565;22;7;2021;15:43;1;75;75119;2;1;1;3;AVENUE JEAN JAURES;48,8833080000;2,3719980000
202100027566;21;7;2021;21:35;2;75;75119;2;1;1;3;BOULEVARD DE LA VILLETTE;48,8774590000;2,3709890000
202100027567;22;7;2021;01:30;5;75;75119;2;2;1;3;AVENUE DE FLANDRE;48,8923180000;2,3791510000
202100027571;21;7;2021;23:15;5;75;75111;2;2;1;3;BOULEVARD DE BELLEVILLE;48,8688960000;2,3804310000
202100027573;22;7;2021;14:05;1;75;75108;2;1;1;3;AVENUE DE WAGRAM;48,8747600000;2,2957700000
202100027574;22;7;2021;13:55;1;75;75102;2;4;1;3;BOULEVARD DES CAPUCINES;48,8700900000;2,3290510000
202100027575;22;7;2021;12:00;1;75;75104;2;2;1;7;QUAI DE L ARCHEVECHE;48,8526520000;2,3521870000
202100027587;22;7;2021;16:45;1;93;93048;2;9;1;3;Bd Paul Vaillant Couturier;48,8662040000;2,4445290000
202100027592;22;7;2021;21:30;2;92;92040;2;3;1;3;GENERAL LECLERC;48,8268250000;2,2789940000
202100027598;23;7;2021;11:30;1;52;52365;1;2;1;2;D65;48,0639920000;4,9468520000
202100027602;22;7;2021;15:30;1;67;67374;1;3;1;3;cd 31 pfettisheim pr 10;48,6582370000;7,6509530000
202100027620;22;7;2021;19:45;2;42;42243;2;1;7;1;Le Bourg;45,8482150000;3,9964540000
202100027627;22;7;2021;10:00;1;02;02191;2;1;1;7;Rue de l Eglise;49,5278480000;3,5845850000
202100027651;22;7;2021;17:50;1;05;05079;1;1;1;2;Col du Galibier (Col de montagne);45,0606240000;6,4114770000
202100027655;23;7;2021;07:20;2;26;26235;2;6;1;2;Route nationale 7;44,3685170000;4,6941660000
202100027658;25;6;2021;18:50;1;59;59069;1;1;1;3;DÃ©partementale 114;50,2545590000;3,5443780000
202100027725;19;7;2021;17:08;1;57;57672;2;1;1;6;14 JUILLET (AVENUE);49,3581100000;6,1314600000
202100027726;21;7;2021;10:40;1;56;56260;2;1;1;3;Avenue du Marechal Juin;47,6324100000; -2,7804600000
202100027727;20;7;2021;14:10;1;56;56121;2;6;1;3;FRANCE ( AVE ANATOLE );47,7468036000; -3,3660221000
202100027728;16;7;2021;12:40;1;50;50602;2;3;1;3;BOIS (RUE DU);49,6343100000; -1,5998200000
202100027735;21;7;2021;12:53;1;45;45302;2;3;1;3;Rue Passe Debout;47,9377700000;1,8934400000
202100027737;20;7;2021;19:45;1;37;37233;2;6;1;6;PAUL (RUE MARCEL);47,3949811924;0,7263194025
202100027738;21;7;2021;12:24;1;35;35238;2;2;1;3;BREIL (DU);48,0968500000; -1,6352900000
202100027741;21;7;2021;16:40;1;33;33009;2;1;1;6;Avenue des GoÃ©lands;44,6576500000; -1,1938500000
202100027743;21;7;2021;11:34;1;31;31555;2;1;1;3;GRANDE RUE SAINT MICHEL;43,5870100000;1,4468800000
202100027758;21;7;2021;15:45;1;75;75120;2;5;1;6;AVENUE GAMBETTA;48,8683310000;2,4014260000
202100027761;20;7;2021;09:00;1;75;75115;2;7;1;3;RUE DE VOUILLE;48,8335720000;2,3092420000
202100027762;12;7;2021;14:10;1;75;75114;2;3;2;7;RUE EMILE DEUTSCH DE LA MEURTHE;48,8226260000;2,3351370000
202100027765;21;7;2021;14:45;1;75;75111;2;4;1;3;RUE DU FAUBOURG SAINT ANTOINE;48,8506360000;2,3788240000
202100027766;20;7;2021;22:34;5;75;75111;2;5;1;3;BOULEVARD VOLTAIRE;48,8503860000;2,3925210000
202100027771;20;7;2021;20:40;2;75;75101;2;2;1;7;RUE ETIENNE MARCEL;48,8641780000;2,3476330000
202100027773;21;7;2021;20:15;1;94;94041;2;1;1;3;Quai Jean Compagnon;48,8199100000;2,3971400000
202100027786;19;7;2021;21:15;2;92;92063;2;7;1;3;BUZENVAL (PLACE DE);48,8572400000;2,1902100000
202100027789;21;7;2021;09:20;1;92;92012;2;3;1;3;POINT DU JOUR (QUAI DU);48,8309353895;2,2581850424
202100027790;21;7;2021;19:50;1;92;92007;2;3;1;3;BRIAND (AVENUE ARISTIDE) NÂ° 162 A 300;48,7946092038;2,3211367428
202100027803;4;7;2021;14:40;1;51;51030;1;1;1;7;Veloroute du Canal LatÃ©ral Ã  la Marne;49,0429860000;4,0412870000
202100027812;20;7;2021;18:00;1;89;89255;1;2;1;1;D976;48,3132340000;3,2205180000
202100027814;9;7;2021;08:00;1;61;61044;1;1;8;6;D224;48,8473950000; -0,4893479000
202100027818;21;7;2021;18:30;1;46;46297;1;1;1;7;Pepy;44,6738001530;1,2698435783
202100027819;21;7;2021;14:55;1;46;46225;1;1;1;7;D67;44,5159780000;1,1896560000
202100027821;21;7;2021;19:15;1;29;29140;1;1;1;7;Route de Rostiviec;48,3531620000; -4,3202230000
202100027828;22;7;2021;10:05;1;58;58215;2;1;1;7;47 Rue Waldeck Rousseau;47,2833410000;2,9562020000
202100027875;20;7;2021;14:00;1;69;69387;2;2;1;3;GAMBETTA (CR);45,7516237643;4,8535631597
202100027880;16;7;2021;11:47;1;69;69381;2;3;1;3;SAINT VINCENT (Q);45,7684290886;4,8259946702
202100027883;20;7;2021;07:35;1;95;95585;2;1;1;3;REFUZNICKS (ROUTE DES);48,9850500000;2,3830500000
202100027888;18;7;2021;14:16;1;87;87085;2;1;1;6;BENEDICTINS (RAMPE DES);45,8353200000;1,2684600000
202100027901;20;7;2021;09:00;1;71;71270;2;6;1;3;Cours Moreau;46,3083600000;4,8320100000
202100027905;20;7;2021;17:55;1;64;64483;2;6;1;3;RD810;43,4123200000; -1,6179300000
202100027915;19;7;2021;17:50;1;50;50147;1;1;7;3;ECAUDERIE;49,0703120000; -1,4303520000
202100027916;19;7;2021;18:11;1;49;49007;2;1;1;3;PRE PIGEON;47,4779400000; -0,5434300000
202100027919;20;7;2021;12:00;1;44;44109;2;6;1;3;PLACE VICTOR MANGIN;47,2010200000; -1,5443760000
202100027923;20;7;2021;08:40;1;37;37261;2;3;1;6;PROUDHON (AVENUE);47,3948651545;0,6713187168
202100027926;20;7;2021;09:00;1;33;33281;2;2;1;3;Avenue de lâYser;44,8420500000; -0,6606900000
202100027927;20;7;2021;15:10;1;33;33529;1;1;1;7;Avenue des Dunes;44,5716726592; -1,2230294438
202100027929;20;7;2021;10:25;1;33;33529;1;1;7;7;BISCAROSSE (AVE) DUNE VERS BISCA;44,5841000000; -1,2097070929
202100027930;20;7;2021;09:45;1;33;33529;1;1;1;7;PISTE 214;44,5840330000; -1,2034680000
202100027933;20;7;2021;10:18;1;26;26362;2;6;1;3;31 rue de la CÃ©cile;44,9222830000;4,8907130000
202100027952;20;7;2021;11:45;1;75;75106;2;3;1;2;QUAI DES GRANDS AUGUSTINS;48,8542900000;2,3431740000
202100027956;20;7;2021;21:00;1;75;75117;2;2;1;3;BOULEVARD MALESHERBES;48,8808570000;2,3125450000
202100027966;20;7;2021;19:10;1;75;75110;2;7;1;4;PLACE DU COLONEL FABIEN;48,8777450000;2,3701350000
202100027969;20;7;2021;13:00;1;75;75109;2;1;1;7;RUE BLANCHE;48,8793700000;2,3314300000
202100027971;19;7;2021;20:10;1;75;75107;2;3;1;2;PONT ROYAL;48,8595390000;2,3292910000
202100027972;20;7;2021;17:30;1;75;75103;2;2;1;6;RUE DE TURENNE;48,8581530000;2,3644690000
202100027981;20;7;2021;09:45;1;93;93066;2;1;1;3;Rue Clovis Hugues;48,9428650000;2,3749020000
202100027999;21;7;2021;17:40;1;04;04126;1;1;1;7;RD 900;44,4120030000;6,3469860000
202100028001;4;7;2021;10:15;1;56;56214;1;1;1;5;Botpenal;47,5226820000; -2,8302620000
202100028003;20;7;2021;21:30;2;76;76189;2;1;1;1;Route des Calvaires;49,8071530000;0,7224150000
202100028015;20;7;2021;07:30;2;34;34215;2;1;1;1;Rue des Rouvieres;43,6142400000;3,5169500000
202100028055;21;7;2021;08:00;1;73;73290;1;1;7;3;Col de la Madeleine D902;45,2936070000;6,9224170000
202100028060;21;7;2021;16:45;1;40;40184;2;2;1;3;Rue des Lacs;44,2082960000; -1,2959790000
202100028063;20;7;2021;18:45;1;22;22353;2;1;1;1;Route de Poull Palud;48,8253160000; -3,4926330000
202100028064;21;7;2021;11:05;1;27;27114;2;2;1;1;Rue Lamartine;48,9622220000;1,4270670000
202100028090;19;7;2021;07:00;1;976;97611;2;1;1;3;mamoudzou centre-RP Passot quai colas (R; -12,7767700000;45,2319200000
202100028092;19;7;2021;16:50;1;69;69383;2;2;7;3;FELIX FAURE (AV);45,7529494602;4,8534518480
202100028094;19;7;2021;08:40;1;69;69388;2;1;1;6;PINEL (BD);45,7366096267;4,8902678490
202100028112;19;7;2021;08:38;1;66;66136;2;2;1;3;MAS-PALEGRY (CHEMIN DU);42,6601200000;2,8856100000
202100028115;19;7;2021;09:05;1;64;64348;2;1;1;3;CHARLES DE GAULLE;43,3069036134; -0,4051047564
202100028120;19;7;2021;17:00;1;59;59426;2;1;1;2;CHEMIN VERT (RUE);50,7510473778;3,1786461089
202100028122;19;7;2021;03:42;5;56;56098;2;1;1;7;SAINT GUENAEL (RUE DE);47,7609100000; -3,3177800000
202100028131;19;7;2021;18:30;1;45;45234;2;1;1;1;Passage des AzalÃ©es;47,8875823315;1,9114977121
202100028160;19;7;2021;22:25;5;75;75106;2;1;1;2;QUAI DE CONTI;48,8575170000;2,3381210000
202100028161;19;7;2021;12:10;1;75;75105;2;2;1;3;RUE SAINT JACQUES;48,8495930000;2,3448730000
202100028165;19;7;2021;17:30;1;75;75116;2;3;1;3;RUE DE LA TOUR;48,8617480000;2,2783350000
202100028167;18;7;2021;16:00;1;75;75115;2;2;1;3;QUAI DE GRENELLE;48,8493750000;2,2815510000
202100028173;19;7;2021;17:05;1;94;94080;2;9;1;2;Avenue de la RÃ©publique;48,8487400000;2,4327000000
202100028175;18;7;2021;11:30;1;94;94060;2;1;1;3;JEAN JAURES (R);48,7829900000;2,5786700000
202100028191;20;7;2021;07:30;1;09;09124;1;1;7;3;D14;43,1740740000;1,4244890000
202100028215;19;7;2021;12:45;1;01;01334;1;2;1;3;intersection D2 et route de la petite moussiÃ¨re;46,2208207689;4,9234011769
202100028225;20;7;2021;10:15;1;24;24392;2;3;1;3;Peneyral;44,9568420000;1,2732980000
202100028238;18;7;2021;10:20;1;13;13032;1;6;1;2;Route de Berre;43,5419540000;5,3683560000
202100028266;26;3;2021;10:10;1;74;74236;1;3;1;3;Rte de Megeve;45,8947175751;6,6981625557
202100028275;29;6;2021;17:40;1;69;69386;2;2;1;3;BELLECOMBE (DE) (R);45,7682000000;4,8632000000
202100028279;17;7;2021;19:13;1;95;95323;2;1;7;3;ECANCOURT (BOULEVARD D');49,0108500000;2,0461800000
202100028291;17;7;2021;16:35;1;59;59317;1;6;1;3;ROUTE DEPARTEMENTALE 945;50,6985000000;2,9284000000
202100028299;18;7;2021;00:30;5;22;22113;2;9;1;3;RESISTANCE (AVENUE DE LA);48,7459300000; -3,4604900000
202100028309;18;7;2021;08:45;1;13;13001;2;6;1;3;CHATEAU DOUBLE (BD);43,5318600000;5,4237300000
202100028313;18;7;2021;00:04;5;75;75105;2;2;1;3;QUAI SAINT BERNARD;48,8493930000;2,3568070000
202100028322;18;7;2021;01:10;5;75;75105;2;3;1;1;QUAI SAINT BERNARD;48,8468550000;2,3609670000
202100028325;18;7;2021;18:10;1;94;94052;2;9;1;7;Rue Hoche;48,8336600000;2,4906800000
202100028351;14;7;2021;11:00;1;06;06025;1;1;1;2;Route des Iscles;43,8304250000;7,1774730000
202100028373;19;7;2021;15:15;1;12;12248;2;1;1;6;Route de Pousthomy;43,8808510000;2,6015870000
202100028374;17;7;2021;06:05;2;42;42323;2;1;8;3;Avenue du GÃ©nÃ©ral de Gaulle;45,5612020000;4,2771580000
202100028389;19;7;2021;19:10;1;45;45160;2;2;1;3;Rue de la Biringue;48,1822840000;2,1116170000
202100028394;18;7;2021;09:45;1;28;28116;2;3;1;3;Rue de Chartres;48,4485570000;1,2515290000
202100028415;18;7;2021;12:30;1;67;67052;1;1;1;1;RD 766, PK 5+350;48,4485040000;7,3151560000
202100028419;15;7;2021;12:15;1;65;65173;1;1;1;5;RD 918;42,8764830000;0,0085780000
202100028421;18;7;2021;18:37;1;49;49301;2;3;1;3;Rue Saint-Sauveur (torfou);47,0382560000; -1,1195330000
202100028423;19;7;2021;08:45;1;22;22306;1;2;1;3;Le Cordon Blanc;48,3637160000; -1,9704370000
202100028459;17;7;2021;16:30;1;77;77479;2;2;1;3;RUE FRANCOIS COPPEE;48,8710000000;2,6320000000
202100028467;17;7;2021;12:09;1;49;49007;2;2;1;1;SAINT JULIEN RUE ET IMPASSE;47,4702200000; -0,5519200000
202100028469;17;7;2021;08:40;1;37;37261;2;4;1;6;MIRABEAU (PONT);47,4027045961;0,7019689679
202100028497;16;7;2021;23:30;5;75;75116;2;2;1;3;AVENUE EDOUARD VAILLANT;48,8365380000;2,2559820000
202100028500;17;7;2021;10:53;1;75;75109;2;1;1;3;RUE BALLU;48,8820710000;2,3293830000
202100028511;17;7;2021;19:00;1;92;92022;2;1;1;7;SABLEE (ROUTE);48,7999547738;2,2005003691
202100028537;18;7;2021;09:40;1;35;35227;1;6;1;2;giratoire D68;48,1759740000; -1,9259330000
202100028539;18;7;2021;12:10;1;84;84017;1;1;1;1;le jas de perrache;44,1201950000;5,2333660000
202100028554;18;7;2021;20:06;1;27;27313;2;2;1;3;Route de Fouqueville;49,2301110000;0,9933420000
202100028557;12;7;2021;18:20;1;67;67471;2;2;1;3;6 Rue des Vosges;48,6323130000;7,7485160000
202100028571;18;7;2021;15:45;1;38;38548;1;1;1;1;Route de Bois Barbu;45,0684710000;5,5350490000
202100028576;17;7;2021;19:10;1;33;33366;2;9;1;3;Avenue Jules Ferry;45,0012620000; -0,4299450000
202100028598;16;7;2021;04:20;3;75;75112;1;1;2;3;A4;48,8215162124;2,4620640278
202100028623;16;7;2021;16:25;1;64;64132;1;1;1;3;IDRON D';43,2910500000; -0,3316500000
202100028626;16;7;2021;11:25;1;64;64024;2;6;1;3;BOIS BELIN (RUE DU);43,4932000000; -1,5278500000
202100028631;13;7;2021;10:07;1;57;57672;2;1;2;6;GENERAL DE CASTELNAU (RUE DU);49,3521800000;6,1603300000
202100028632;15;7;2021;10:55;1;56;56083;2;3;1;3;LIBERATION ( AV. DE LA );47,8032500000; -3,2667700000
202100028636;15;7;2021;07:30;2;50;50147;2;6;1;3;DIVISION LECLERC;49,0670400000; -1,4311600000
202100028648;17;7;2021;01:40;5;33;33063;2;3;1;1;Rue Sainte-Catherine;44,8402350000; -0,5742180000
202100028650;17;7;2021;00:00;5;31;31555;2;9;1;1;STRASBOURG (BD DE) DU 2AU 66;43,6091000000;1,4454500000
202100028654;13;7;2021;07:30;1;30;30189;2;3;1;6;POMPIDOU GEORGES (AVENUE);43,8377000000;4,3450000000
202100028659;12;7;2021;10:30;1;26;26198;2;6;1;2;36 Boulevard de lâEurope;44,5457600000;4,7555500000
202100028677;16;7;2021;14:50;1;75;75106;2;1;1;3;RUE DE RENNES;48,8452460000;2,3252120000
202100028681;16;7;2021;13:50;1;75;75117;2;2;1;3;AVENUE NIEL;48,8829270000;2,2963830000
202100028683;16;7;2021;19:55;1;75;75115;2;2;1;5;RUE CAMBRONNE;48,8426200000;2,3027050000
202100028690;16;7;2021;17:30;1;75;75115;2;1;1;3;RUE DESNOUETTES;48,8356360000;2,2863810000
202100028691;16;7;2021;18:00;1;75;75108;2;4;1;2;AVENUE DES CHAMPS ELYSEES;48,8660060000;2,3191690000
202100028696;16;7;2021;16:05;1;94;94041;2;2;1;1;DENIS PAPIN (R);48,8136500000;2,3953900000
202100028740;17;7;2021;09:15;1;18;18025;1;9;1;3;RD 45;47,1030020000;3,0091170000
202100028745;17;7;2021;11:45;1;85;85288;2;1;1;5;Rue du Porteau;46,4640160000; -1,6908340000
202100028762;17;7;2021;12:20;1;91;91330;2;6;1;1;D449;48,5270570000;2,2930460000
202100028770;16;7;2021;13:15;1;17;17228;2;2;1;3;route de St Georges;45,6245580000; -0,9654020000
202100028773;16;7;2021;17:32;1;50;50616;1;1;1;2;Le Milieu de l M;48,6637430000; -1,3536890000
202100028793;15;7;2021;21:00;2;69;69387;2;2;2;3;GUILLOTIERE (DE LA)                 (PT);45,7561484528;4,8402759880
202100028810;13;7;2021;10:48;1;74;74012;2;1;2;7;VERDUN (AVENUE DE);46,1888552095;6,2439879117
202100028816;15;7;2021;08:30;1;64;64445;2;1;1;3;CARNOT;43,3008500000; -0,3694500000
202100028830;15;7;2021;15:50;1;35;35238;2;9;1;6;LIBERTE (BD DE LA);48,1073900000; -1,6803000000
202100028851;14;7;2021;22:04;5;75;75111;2;2;1;3;AVENUE PHILIPPE AUGUSTE;48,8535600000;2,3927130000
202100028856;15;7;2021;16:00;1;75;75115;2;3;1;3;BOULEVARD VICTOR;48,8339440000;2,2853610000
202100028858;15;7;2021;19:10;1;75;75115;2;2;1;3;QUAI DE GRENELLE;48,8491910000;2,2818830000
202100028859;15;7;2021;19:00;1;75;75113;2;1;1;6;QUAI DE LA GARE;48,8369260000;2,3742060000
202100028860;15;7;2021;16:00;1;75;75113;2;2;1;3;QUAI DE LA GARE;48,8373430000;2,3738620000
202100028861;15;7;2021;01:30;5;75;75111;2;2;1;1;RUE OBERKAMPF;48,8651310000;2,3752650000
202100028863;15;7;2021;02:10;5;75;75103;2;2;1;3;RUE DE BRETAGNE;48,8637210000;2,3611020000
202100028867;15;7;2021;20:10;1;94;94041;2;1;1;3;HENRI POURCHASSE (QU);48,8093400000;2,4079600000
202100028872;15;7;2021;21:15;1;93;93066;2;3;1;3;Rue Guynemer / CitÃ© Guynemer;48,9476190000;2,3598090000
202100028875;15;7;2021;11:09;1;93;93055;2;1;1;6;OURCQ (QUAI DE L');48,8959318296;2,4053959405