Num_Acc;jour;mois;an;hrmn;lum;dep;com;agg;int;atm;col;adr;lat;long
202100028876;15;7;2021;21:00;1;93;93008;2;1;1;3;Avenue Paul Vaillant - Couturier;48,9082800000;2,4522400000
202100028915;15;7;2021;10:52;1;38;38350;1;1;2;1;D290;45,2420650000;5,9092070000
202100028929;6;7;2021;13:20;1;78;78380;2;1;1;1;Rue d OrlÃ©ans;48,9077030000;1,8497960000
202100028931;10;7;2021;19:30;1;84;84049;1;1;1;3;D8;44,1637700000;4,9744140000
202100028972;14;7;2021;17:50;1;33;33009;2;1;1;7;COTE D'ARGENT (BD) DU 164 AU 254;44,6416700000; -1,2016800000
202100028974;14;7;2021;19:42;1;14;14118;2;2;1;3;Rue de la Masse;49,1852900000; -0,3450500000
202100028985;14;7;2021;17:25;1;75;75118;2;4;1;3;RUE MARCADET;48,8907060000;2,3455180000
202100028990;14;7;2021;18:10;1;75;75109;2;2;1;1;RUE LA FAYETTE;48,8758170000;2,3437160000
202100029009;14;7;2021;23:00;3;58;58086;2;1;1;2;d 955 A;47,4324420000;2,9333280000
202100029014;15;7;2021;11:30;1;56;56239;1;3;1;3;Rue de la DÃ©chetterie;47,6842060000; -2,1379830000
202100029023;14;7;2021;10:45;1;61;61179;1;1;1;2;rd909 (La Fresnaye-au-Sauvage);48,7247180000; -0,2610110000
202100029024;14;7;2021;21:20;5;68;68082;2;1;3;7;26 Faubourg de Belfort;47,8602970000;7,3437700000
202100029025;14;7;2021;16:29;1;44;44069;2;1;1;1;Route du Bois du Pont lieu dit Bouzaire;47,3700110000; -2,3843120000
202100029026;14;7;2021;21:30;1;29;29030;1;2;1;3;Lieu Dit Kerbellec;48,6844855527; -4,0965834260
202100029028;11;7;2021;01:45;4;29;29197;2;1;1;2;Rue de LocquÃ©ran;48,0240550000; -4,5340790000
202100029038;15;7;2021;19:30;1;17;17323;2;2;1;3;Rue de la Plage;46,0348110000; -1,3748360000
202100029069;29;1;2021;10:28;1;06;06029;2;1;1;7;;43,5515990000;6,9761610000
202100029071;10;5;2021;08:40;1;91;91027;2;1;8;6;AV HENRI DUNANT;48,7134300000;2,3959500000
202100029072;31;3;2021;17:30;1;01;01344;2;1;1;2;TREVOUX (AVENUE DE);46,2003700000;5,1953100000
202100029081;3;7;2021;10:10;1;88;88415;1;1;1;3;cd 42;48,0487600000;6,5975300000
202100029102;13;7;2021;13:40;1;69;69264;2;3;1;3;FRANS (DE) (RTE);45,9849600000;4,7316700000
202100029105;10;7;2021;18:30;1;67;67482;2;1;1;3;BRUMATH (ROUTE DE);48,5969400000;7,7419700000
202100029112;8;7;2021;19:15;1;63;63113;2;1;1;5;JACOBINS (RUE DES);45,7818800000;3,0951100000
202100029133;11;7;2021;19:50;1;34;34032;2;2;1;3;LECLERC MARECHAL (BD);43,3453900000;3,2387300000
202100029161;13;7;2021;17:35;1;75;75111;2;7;3;6;AVENUE DU TRONE;48,8482450000;2,3975120000
202100029165;13;7;2021;07:00;2;94;94042;2;1;2;2;Boulevard du MarÃ©chal Leclerc;48,8147600000;2,4679600000
202100029179;13;7;2021;13:40;1;92;92026;2;1;3;3;Rue du GÃ©nÃ©ral Audran;48,8903452139;2,2535356879
202100029270;11;7;2021;13:20;1;971;97113;1;1;1;5;RN4 - SECTION RIVIERA;16,2174600000; -61,4923100000
202100029288;11;7;2021;02:00;3;64;64024;2;1;1;6;Promenade des Sources;43,4943161093; -1,5455478430
202100029298;12;7;2021;10:10;1;49;49007;2;1;8;3;DUNANT BOULEVARD;47,4833100000; -0,5275600000
202100029309;12;7;2021;19:20;1;17;17449;2;1;1;3;AUNIS AVENUE D';45,9502752374; -0,9264591646
202100029319;12;7;2021;15:45;1;75;75118;2;3;2;3;BOULEVARD BARBES;48,8852610000;2,3495500000
202100029328;12;7;2021;19:50;1;75;75108;2;3;2;3;AVENUE DES CHAMPS ELYSEES;48,8720670000;2,3004840000
202100029333;12;7;2021;15:20;1;75;75103;2;7;1;7;PLACE DE LA REPUBLIQUE;48,8673310000;2,3633460000
202100029334;12;7;2021;13:40;1;75;75104;2;3;1;6;RUE DE RIVOLI;48,8552090000;2,3611280000
202100029335;11;7;2021;14:00;1;75;75101;2;2;1;3;BOULEVARD DE SEBASTOPOL;48,8605500000;2,3493520000
202100029366;11;7;2021;10:45;1;89;89286;1;1;1;2;la croix rouge;47,7565580000;3,3424620000
202100029430;11;7;2021;10:35;1;35;35238;2;9;1;2;SERGENT MAGINOT (AVENUE);48,1099800000; -1,6575400000
202100029440;11;7;2021;16:20;1;75;75114;2;4;1;6;AVENUE DU GENERAL LECLERC;48,8288010000;2,3277070000
202100029446;11;7;2021;02:40;5;75;75108;2;7;1;3;PLACE DE LA CONCORDE;48,8640870000;2,3201120000
202100029481;9;7;2021;14:25;1;49;49050;1;2;8;3;pk 5 D90;47,3258070000; -0,3942200000
202100029497;11;7;2021;12:15;1;38;38561;2;1;1;6;Chemin de la Madone;45,3110730000;5,2121380000
202100029507;12;7;2021;11:50;1;73;73312;1;2;1;1;D201c;45,6633470000;6,3111260000
202100029535;29;6;2021;18:40;1;38;38478;1;1;1;3;RD1091;45,0536210000;5,8015320000
202100029538;11;7;2021;20:00;1;72;72154;2;9;1;2;20 Rue de l ArthuisiÃ¨re;47,7149240000; -0,0598450000
202100029578;10;7;2021;09:05;1;83;83069;1;1;1;6;GIENS (ROUTE DE );43,0666000000;6,1472000000
202100029590;9;7;2021;23:45;4;62;62160;2;2;1;3;BRANLY (Rue Edouard);50,7196820000;1,6202500000
202100029615;9;7;2021;11:55;1;75;75120;2;3;1;3;BOULEVARD DE MENILMONTANT;48,8660430000;2,3840200000
202100029625;10;7;2021;17:20;1;75;75101;2;3;1;7;RUE DE RIVOLI;48,8643820000;2,3301240000
202100029629;10;7;2021;13:50;1;94;94015;2;1;2;3;Boulevard Georges MÃ©liÃ¨s;48,8305130000;2,5280610000
202100029635;10;7;2021;15:55;1;93;93072;2;1;1;3;PAUL VERLAINE (RUE);48,9532000000;2,3772500000
202100029646;11;7;2021;11:00;1;68;68178;1;1;1;5;D430;47,9375360000;7,0981440000
202100029672;10;7;2021;18:11;1;29;29199;2;1;1;6;Avenue du MarÃ©chal Leclerc;48,5696570000; -3,7050800000
202100029681;11;7;2021;11:35;1;14;14335;1;1;1;7;D80;49,1886810000; -0,0781860000
202100029691;11;7;2021;08:30;1;76;76660;1;1;1;3;pont de normandie;49,4526208982;0,2713590860
202100029694;10;7;2021;11:15;1;38;38534;1;1;1;2;Le Clapier et L'Ile;44,9846000000;6,1290600000
202100029707;11;7;2021;14:57;1;71;71251;1;2;1;2;D994;46,8983150000;4,1884570000
202100029738;8;7;2021;19:35;1;69;69387;2;2;1;3;JULES GUESDE (PL);45,7466800000;4,8374500000
202100029747;9;7;2021;07:43;1;95;95427;2;2;1;3;Rue du Muret;48,9749120725;2,3428559303
202100029751;14;5;2021;04:45;5;85;85194;2;6;1;3;AV POMPIDOU;46,4979300000; -1,7820500000
202100029752;9;7;2021;17:30;1;83;83069;2;1;1;2;SEMARD ( RUE PIERRE );43,1096919873;6,1224827170
202100029775;5;7;2021;13:35;1;56;56121;2;2;1;3;INDES ( QUAI DES );47,7451900000; -3,3585400000
202100029787;30;6;2021;14:00;1;40;40088;2;3;1;3;DOUMER (AVENUE PAUL);43,7023600000; -1,0565200000
202100029791;1;6;2021;09:40;1;36;36202;1;1;1;2;Route de Gireugne;46,7790000000;1,6749300000
202100029818;8;7;2021;23:23;5;75;75106;2;3;1;2;QUAI DE CONTI;48,8578620000;2,3362310000
202100029823;8;7;2021;08:50;1;75;75115;2;2;1;3;RUE MARMONTEL;48,8367460000;2,2995550000
202100029825;9;7;2021;02:15;5;75;75113;2;5;1;3;RUE DE TOLBIAC;48,8264620000;2,3417750000
202100029832;9;7;2021;00:45;5;75;75101;2;1;1;1;QUAI DES TUILERIES;48,8618060000;2,3272050000
202100029833;9;7;2021;17:55;1;75;75107;2;2;1;6;AVENUE DE LOWENDAL;48,8527020000;2,3095650000
202100029834;9;7;2021;14:05;1;75;75107;2;1;1;3;RUE SAINT DOMINIQUE;48,8593590000;2,3057730000
202100029835;9;7;2021;16:30;1;75;75108;2;7;1;6;PLACE DE LA CONCORDE;48,8641030000;2,3201100000
202100029854;9;7;2021;07:45;1;92;92050;2;1;1;3;HAVRE BOULEVARD DU;48,9196963141;2,2215396166
202100029856;9;7;2021;18:30;1;92;92035;2;3;1;3;RÃ©publique ( boulevard de la );48,9069175787;2,2442311049
202100029863;9;7;2021;18:45;1;92;92014;2;1;1;3;GENERAL LECLERC (AV.) (135 A FIN - 134 A;48,7751900000;2,3137400000
202100029868;9;7;2021;12:00;1;51;51662;2;6;1;3;Avenue de Rethel;49,2975110000;4,1300490000
202100029908;10;7;2021;17:30;1;05;05052;1;3;1;3;RN94;44,6690760000;6,6184500000
202100029914;9;7;2021;07:00;1;69;69296;1;6;7;2;D36;45,6424200000;4,8268300000
202100029920;9;7;2021;12:45;1;60;60402;2;2;1;3;Rue du GÃ©nÃ©ral de Gaulle;49,3562909381;2,7583375013
202100029942;8;7;2021;12:00;1;973;97302;2;9;1;3;BADUEL (ROUTE DE);4,9385309385; -52,3173490763
202100029945;8;7;2021;14:20;1;69;69382;2;1;1;6;BELLECOUR (PL);45,7581800000;4,8332200000
202100029958;8;7;2021;13:30;1;77;77445;2;6;1;3;CURIE (AVENUE PIERRE ET MARIE);48,6048500000;2,5653800000
202100029966;8;7;2021;10:00;1;67;67482;2;1;2;6;GEORGES WODLI (RUE);48,5876600000;7,7388300000
202100029968;7;7;2021;19:05;1;67;67447;2;3;7;3;GENERAL DE GAULLE (ROUTE DU);48,6066830000;7,7360140000
202100029970;7;7;2021;23:08;5;63;63113;2;1;1;2;ORADOU (RUE DE L');45,7648941468;3,1238318793
202100029972;7;7;2021;19:23;1;62;62893;1;3;1;3;C.D. 940;50,7557400000;1,6040600000
202100029987;9;7;2021;01:10;5;33;33063;2;2;1;3;Rue Elie Gintrac;44,8308800000; -0,5697800000
202100030001;8;7;2021;19:00;1;07;07102;2;9;1;3;MISTRAL (PONT FREDERIC);44,9327700000;4,8803700000
202100030007;8;7;2021;00:20;5;75;75106;2;2;1;3;RUE DE VAUGIRARD;48,8486990000;2,3328020000
202100030008;8;7;2021;11:40;1;75;75120;2;2;1;1;BOULEVARD DAVOUT;48,8558730000;2,4103070000
202100030009;7;7;2021;13:40;1;75;75118;2;3;1;3;RUE ORDENER;48,8908850000;2,3532540000
202100030015;7;7;2021;12:05;1;75;75114;2;3;1;3;BOULEVARD BRUNE;48,8233140000;2,3243840000
202100030016;8;7;2021;18:55;1;75;75113;2;1;1;3;AVENUE DE LA PORTE DE VITRY;48,8217770000;2,3786840000
202100030017;8;7;2021;15:40;1;75;75112;2;3;1;3;RUE DU FAUBOURG SAINT ANTOINE;48,8515960000;2,3748410000
202100030018;8;7;2021;10:45;1;75;75111;2;2;1;3;BOULEVARD VOLTAIRE;48,8597580000;2,3768420000
202100030019;8;7;2021;07:35;1;75;75111;2;3;1;3;RUE DU CHEMIN VERT;48,8587800000;2,3737850000
202100030020;7;7;2021;22:15;5;75;75111;2;2;1;3;BOULEVARD RICHARD LENOIR;48,8661910000;2,3696750000
202100030021;8;7;2021;16:20;1;75;75110;2;5;1;3;BOULEVARD DE MAGENTA;48,8748570000;2,3572880000
202100030024;8;7;2021;15:15;1;75;75108;2;2;1;3;AVENUE DE MARIGNY;48,8690320000;2,3147600000
202100030027;7;7;2021;11:14;1;75;75108;2;7;1;3;PLACE DE LA CONCORDE;48,8640960000;2,3201290000
202100030029;8;7;2021;20:20;1;75;75101;2;3;1;3;BOULEVARD DE SEBASTOPOL;48,8612210000;2,3497270000
202100030034;8;7;2021;11:45;1;94;94046;2;1;1;6;GENERAL DE GAULLE (AV DU);48,8040000000;2,4272500000
202100030056;8;7;2021;10:20;1;83;83072;1;1;1;5;Route des Arcs;43,4757190000;6,3750690000
202100030062;8;7;2021;12:00;1;28;28104;2;1;1;6;27 rue jean moulin;48,4849510000;1,5913920000
202100030065;8;7;2021;15:30;1;35;35024;1;1;1;3;RD 97;48,1598940000; -1,6250860000
202100030069;9;7;2021;14:00;1;80;80186;1;1;1;7;D142;49,8123460000;2,8232720000
202100030078;8;7;2021;19:45;1;31;31358;1;1;1;2;1785 Route de Lavaur;43,7169790000;1,6093030000
202100030079;8;7;2021;09:25;1;84;84017;1;1;1;6;D19;44,1354150000;5,1666310000
202100030087;7;7;2021;12:00;1;07;07204;2;3;8;1;Chemin du Chiniac;45,0169250000;4,4027920000
202100030090;8;7;2021;09:10;1;04;04006;2;1;1;3;RD 126;44,2911220000;6,5693870000
202100030103;27;6;2021;11:15;1;28;28279;1;6;3;3;D26;48,6351420000;1,5026920000
202100030113;9;7;2021;11:00;1;01;01249;2;3;1;3;935 Route de Tramoyes;45,8710630000;4,9231250000
202100030146;7;7;2021;10:45;1;974;97407;2;9;1;3;POLITZER(AVENUE); -20,9454000000;55,2929000000
202100030149;7;7;2021;10:45;1;69;69386;2;1;1;3;MONTGOLFIER (R);45,7718900000;4,8487400000
202100030155;5;7;2021;19:30;1;83;83069;2;2;1;3;GAMBETTA (AVENUE);43,1175900000;6,1286100000
202100030157;5;7;2021;16:50;1;80;80021;2;1;1;3;BEAUVILLE CENTRE (BOULEVARD);49,8986400000;2,3119800000
202100030164;7;7;2021;16:40;1;69;69275;2;2;1;3;EMILE ZOLA (R);45,7639674833;4,9559803865
202100030167;6;7;2021;19:45;1;67;67043;2;1;2;3;ROBERTSAU (RUE DE LA);48,6129920000;7,7649140000
202100030181;6;7;2021;16:12;1;49;49007;2;1;1;6;ECCE HOMO BOULEVARD;47,4641400000; -0,5648000000
202100030182;7;7;2021;21:15;2;41;41158;1;6;1;3;ROUTE DEPARTEMENTALE 917;47,7813120000;1,0203000000
202100030185;6;7;2021;16:00;1;37;37261;2;3;1;6;SAINT SAUVEUR (PONT);47,3717169964;0,6777070463
202100030202;7;7;2021;11:25;1;13;13039;2;1;1;3;PINS (AllÃ©e des);43,4505000000;4,9390900000
202100030211;6;7;2021;15:20;1;10;10387;2;1;1;3;GEORGES POMPIDOU (RUE);48,2911400000;4,0884000000
202100030230;6;7;2021;16:44;1;75;75113;2;3;1;6;AVENUE DES GOBELINS;48,8343640000;2,3535560000
202100030233;7;7;2021;20:35;2;75;75111;2;1;1;3;BOULEVARD JULES FERRY;48,8669650000;2,3683800000
202100030234;7;7;2021;10:00;1;75;75111;2;1;1;3;RUE RICHARD LENOIR;48,8567900000;2,3810230000
202100030235;7;7;2021;19:15;1;75;75109;2;2;1;2;RUE DE LA TOUR D AUVERGNE;48,8787610000;2,3453200000
202100030239;7;7;2021;19:45;1;75;75104;2;2;1;7;RUE DU RENARD;48,8583640000;2,3519370000
202100030240;6;7;2021;15:00;1;75;75102;2;3;1;3;BOULEVARD DES CAPUCINES;48,8701180000;2,3290780000
202100030251;7;7;2021;18:58;1;92;92040;2;1;1;2;FOUCHER LEPELLETIER;48,8302894309;2,2802786529
202100030259;7;7;2021;19:50;5;974;97422;2;1;1;1;26 Rue Georges Pompidou; -21,2658670000;55,5247680000
202100030285;7;7;2021;21:20;2;60;60068;2;1;1;7;Rue Ernest Rigolot;49,3051050000;2,8060470000
202100030300;7;7;2021;17:15;1;55;55517;2;1;7;3;route de verdun;48,9778790000;5,0592360000
202100030304;29;6;2021;20:10;1;31;31291;2;1;1;2;3 Route de Bayonne;43,5993050000;1,2304690000
202100030322;6;7;2021;10:30;1;974;97407;1;1;1;2;MAHATMA GANDHY - RIV. DES GALETS; -20,9530100000;55,3245700000
202100030336;6;7;2021;19:10;1;91;91645;2;9;1;3;CHARLES DE GAULLE (PLACE);48,7465030000;2,2668670000
202100030345;6;7;2021;16:55;1;78;78224;2;9;1;1;NOISY (ROUTE DE);48,8631100000;2,0678700000
202100030361;5;7;2021;20:50;1;58;58194;2;6;8;1;SAINT NICOLAS (PLACE);46,9870700000;3,1615500000
202100030368;6;7;2021;15:05;1;44;44109;2;1;1;3;FOSSE ( QUAI DE LA );47,2103400000; -1,5630300000
202100030371;5;7;2021;18:20;1;37;37261;2;3;1;7;Daniel Mayer;47,4186289527;0,6916129589
202100030378;6;7;2021;08:35;1;33;33065;2;4;2;1;CÃ´te de Bouliac;44,8205900000; -0,5120800000
202100030386;21;6;2021;09:37;1;22;22278;2;6;1;3;SEVIGNE (BD);48,5120083122; -2,7574465809
202100030395;5;7;2021;14:15;1;12;12305;1;1;1;7;JAURES JEAN (AVENUE);44,5487700000;2,2177400000
202100030406;6;7;2021;20:00;1;75;75119;2;3;1;2;RUE DE CRIMEE;48,8885520000;2,3792260000
202100030411;6;7;2021;19:30;1;75;75115;2;3;1;6;BOULEVARD VICTOR;48,8352940000;2,2809570000
202100030412;6;7;2021;17:50;1;75;75114;2;2;1;3;AVENUE DU GENERAL LECLERC;48,8232730000;2,3254480000
202100030413;6;7;2021;17:50;1;75;75113;2;2;1;3;BOULEVARD ARAGO;48,8349600000;2,3449920000
202100030415;6;7;2021;08:50;1;75;75113;2;4;1;7;BOULEVARD DE L HOPITAL;48,8387580000;2,3609230000
202100030422;6;7;2021;10:25;1;75;75101;2;7;8;3;RUE DE RIVOLI;48,8624090000;2,3362620000
202100030428;6;7;2021;19:05;1;94;94016;2;2;1;7;Rue Marcel Bonnet;48,7956100000;2,3270300000
202100030438;6;7;2021;13:20;1;93;93008;2;3;1;1;Rue Henri NoziÃ¨res / Avenue Paul Vaillant - Couturier;48,9113750000;2,4414150000
202100030460;6;7;2021;18:50;1;32;32083;1;1;1;3;D930;43,8105460000;0,4272970000
202100030468;27;6;2021;23:25;3;72;72143;1;1;1;2;Route Departementale 304;47,8700900000;0,4511500000
202100030480;6;7;2021;16:10;1;68;68375;2;3;2;3;75 Rue de Reiningue;47,7974710000;7,2318200000
202100030490;5;7;2021;15:00;1;73;73290;1;1;1;7;D902 Col de la Madeleine;45,2946340000;6,9264290000
202100030491;6;7;2021;16:50;1;44;44209;2;6;8;6;D537;47,3317550000; -1,6178330000
202100030493;7;7;2021;12:00;1;69;69047;1;2;1;3;CARRIERES (DES) (RTE);45,9057140000;4,6608260000
202100030495;7;7;2021;17:00;1;49;49301;2;6;1;3;rue de vendÃ©e - ST MACAIRE EN MAUGES;47,1145690000; -0,9931040000
202100030497;7;7;2021;14:40;1;76;76647;1;1;1;3;Route de Lillebonne;49,5258070000;0,3828800000
202100030553;2;7;2021;15:40;1;59;59153;2;6;1;3;RUE DU CHAMP DE MARS;50,4530531490;3,5889263538
202100030559;16;6;2021;17:00;1;54;54342;2;3;1;6;RUE JOFFRE;49,2826400000;5,8966300000
202100030562;2;7;2021;08:20;1;49;49328;2;6;1;3;RESISTANCE (PLACE DE LA) N 147;47,2670950000; -0,0696980000
202100030567;5;7;2021;14:50;1;33;33063;2;1;1;3;Boulevard MarÃ©chal Leclerc;44,8305510000; -0,5970160000
202100030568;5;7;2021;22:00;2;33;33529;2;1;1;3;Boulevard de lâOcean;44,6347970000; -1,2024160000
202100030570;5;7;2021;18:45;1;31;31483;2;1;1;3;FRANCE ANATOLE (RUE);43,1149200000;0,7048500000
202100030577;25;6;2021;22:20;3;19;19031;2;2;1;3;THIERS (AVENUE);45,1575500000;1,5403600000
202100030595;5;7;2021;12:40;1;75;75118;2;2;1;2;RUE DE CLIGNANCOURT;48,8917160000;2,3487300000
202100030598;5;7;2021;15:10;1;75;75116;2;3;1;3;ALLEE DU BORD DE L EAU;48,8533500000;2,2264240000
202100030599;5;7;2021;14:45;1;75;75111;2;1;1;3;BOULEVARD VOLTAIRE;48,8648360000;2,3683120000
202100030600;5;7;2021;14:05;1;75;75103;2;3;1;3;RUE REAUMUR;48,8649900000;2,3582640000
202100030619;5;7;2021;09:50;1;01;01446;1;2;1;5;Chemin de Chanteins;46,0303720000;4,8863200000
202100030622;15;6;2021;22:15;5;62;62736;2;1;1;3;1173 Rue de la Lys;50,6585440000;2,7708630000
202100030642;1;7;2021;12:15;1;70;70421;2;1;1;7;17 rue de l'Ã©glise;47,6904030000;6,0432420000
202100030663;6;7;2021;11:00;1;71;71283;1;1;2;3;D6;46,7108430000;4,9315500000
202100030668;6;7;2021;14:58;1;33;33341;1;1;1;3;;45,0724830000; -0,5116140000
202100030698;20;3;2021;15:15;1;61;61169;1;1;1;2;DROULIS (LES);48,7280800000; -0,6125100000
202100030700;27;3;2021;14:10;1;81;81306;1;1;1;1;Moulin de Boussac;44,0429870000;2,2460550000
202100030719;1;7;2021;16:10;1;974;97411;2;1;1;3;GARE ROUTIERE (DE LA); -20,8756500000;55,4555500000
202100030726;29;6;2021;15:20;1;974;97407;2;9;1;3;SACRE COEUR (RD POINT) -RIV. DES GALETS ; -20,9552800000;55,3116900000
202100030735;4;7;2021;11:55;1;69;69386;2;3;3;3;LOUIS BLANC (R);45,7645700000;4,8468700000
202100030740;29;6;2021;19:30;1;69;69386;2;2;1;3;LAFAYETTE (CR);45,7636958684;4,8470520973
202100030750;29;6;2021;17:30;1;69;69387;2;9;2;3;LECLERC (AV);45,7455700000;4,8320600000
202100030752;29;6;2021;07:35;1;69;69388;2;2;1;3;PAUL CAZENEUVE (R);45,7318400000;4,8605200000
202100030766;28;6;2021;18:00;1;69;69389;2;1;1;3;BOURBONNAIS (DU) (R);45,7735700000;4,7942300000
202100030794;29;6;2021;11:15;1;91;91097;2;3;1;3;RUE DU BESLY;48,6862400000;2,5363500000
202100030796;29;6;2021;17:15;1;91;91687;2;2;1;2;MARMONT (AVENUE);48,6600000000;2,3700000000
202100030810;24;6;2021;18:25;1;85;85194;1;2;1;3;BERNARD (RUE JEAN);46,5140600000; -1,7531300000
202100030823;1;7;2021;11:10;1;82;82121;2;2;1;3;VILLEBOURBON (QUAI);44,0170871467;1,3479568809
202100030854;4;7;2021;15:55;1;75;75116;2;1;1;3;ALLEE DE LONGCHAMP;48,8734930000;2,2671180000
202100030856;4;7;2021;14:30;1;75;75116;2;1;2;3;ALLEE DE LA REINE MARGUERITE;48,8631820000;2,2479330000
202100030858;4;7;2021;16:55;1;75;75113;2;3;1;6;AVENUE DES GOBELINS;48,8343730000;2,3535500000
202100030859;4;7;2021;01:40;5;75;75112;2;1;1;2;RUE LOUIS BRAILLE;48,8397200000;2,4021200000
202100030868;4;7;2021;11:43;1;93;93048;2;3;1;1;Rue de la Demi-Lune / Rue Georges Melies;48,8760000000;2,4574900000
202100030872;4;7;2021;20:15;2;92;92036;2;3;1;3;OLYMPE DE GOUGES (RUE);48,9200993574;2,3150561750
202100030873;2;7;2021;16:00;1;92;92009;2;1;1;3;EUROPE (AVENUE);48,9069410703;2,2626444697
202100030874;19;6;2021;19:20;1;40;40304;2;2;1;3;Avenue Bremontier;43,6562530000; -1,4332280000
202100030880;3;7;2021;08:50;1;974;97410;2;1;1;7;RN2 pont des marsouins; -21,0406270000;55,7126360000
202100030884;2;7;2021;18:30;1;19;19274;1;3;2;3;La Mouillade;45,1924165796;1,4868854932
202100030898;5;7;2021;12:00;1;44;44069;1;1;1;6;D192;47,2901390000; -2,4050940000
202100030904;30;6;2021;18:30;1;31;31066;1;3;1;3;D15E;43,7879030000;1,5738670000
202100030908;28;6;2021;12:30;1;02;02712;1;1;1;2;Ferme de Camp;49,2017614438;3,5834821902
202100030932;5;7;2021;12:53;1;11;11301;2;3;1;6;D610;43,2225850000;2,6190720000
202100030939;5;7;2021;13:15;1;38;38407;1;1;1;3;D520 A;45,3278470000;5,6569080000
202100030940;5;7;2021;11:25;1;26;26313;2;6;1;3;Avenue de Provence;44,9612000000;4,9402960000
202100030944;2;7;2021;13:50;1;85;85226;2;6;1;3;Rue des Tressanges;46,7097730000; -1,9611610000
202100030992;30;6;2021;13:50;1;74;74010;2;1;1;3;MARQUISATS (AVENUE DES);45,8969000000;6,1317000000
202100031006;25;6;2021;14:05;1;71;71118;1;1;1;3;;46,7982525382;4,8007827081
202100031007;21;6;2021;10:25;1;70;70550;1;6;1;3;ROCADE OUEST - RD 457;47,6413452135;6,1478349566
202100031011;1;6;2021;12:30;1;69;69256;2;4;1;2;PAUL MARCELLIN                      (AV);45,7740500000;4,9323200000
202100031013;29;6;2021;22:35;4;69;69013;2;1;1;3;RN6 (CHARTONNIERE);46,0034400000;4,7195700000
202100031024;1;7;2021;10:15;1;65;65417;2;1;1;7;REPUBLIQUE (RUE DE LA);43,2284000000;0,1032300000
202100031027;3;7;2021;10:25;1;64;64445;2;2;8;3;CARNOT;43,2997600000; -0,3699900000
202100031028;30;6;2021;12:25;1;64;64445;2;1;1;6;EMILE GARET;43,3000442411; -0,3624163455
202100031055;1;7;2021;08:45;1;59;59648;2;1;1;2;TEMPLEMARS RUE DU MONT DE;50,5749702447;3,0303812027
202100031058;28;6;2021;16:35;1;59;59486;2;3;1;3;NATIONALE (RUE);50,4110900000;3,1335500000
202100031068;3;7;2021;18:55;1;51;51454;2;2;1;3;Rue Paul Vaillant Couturier;49,2774600000;4,0107400000
202100031071;2;7;2021;08:40;1;51;51474;2;1;1;2;Rue de la Liberation;49,2621010000;3,9856040000
202100031072;2;7;2021;10:25;1;50;50502;2;1;1;2;COMMUNE (boulevard de La);49,1037600000; -1,0719800000
202100031078;3;7;2021;21:20;1;49;49007;2;1;1;1;VOLNEY;47,4600000000; -0,5373000000
202100031079;2;7;2021;11:11;1;49;49007;2;1;1;7;COEFFARD;47,4744000000; -0,5318300000
202100031086;28;6;2021;09:14;1;49;49007;2;1;1;4;MONPLAISIR BOULEVARD;47,4908500000; -0,5271800000
202100031101;2;7;2021;14:45;1;37;37122;2;1;1;7;HUGO (AVENUE VICTOR);47,3510539271;0,6639003754
202100031116;2;7;2021;16:10;1;33;33063;2;1;1;6;Rue de BÃ¨gles;44,8244130000; -0,5661570000
202100031118;1;7;2021;16:30;1;33;33069;2;9;1;3;Avenue de la LibÃ©ration Charles de Gaulle;44,8680999447; -0,6077706964
202100031120;1;7;2021;10:30;1;33;33063;2;1;1;3;Boulevard du PrÃ©sident Wilson;44,8507420000; -0,5958550000
202100031124;30;6;2021;05:50;2;33;33281;2;6;1;3;Avenue Marcel Dassault;44,8481000000; -0,6796400000
202100031138;7;7;2021;08:39;1;29;29019;2;6;1;3;Rue Kertatupage;48,4093900000; -4,4831700000
202100031143;3;7;2021;11:30;1;25;25056;2;3;1;3;BELFORT RUE DE (inf144);47,2510700000;6,0344900000
202100031152;1;7;2021;11:15;1;17;17300;2;1;1;3;MAIL   ALLEE DU;46,1555600000; -1,1692100000
202100031170;1;7;2021;20:50;2;13;13001;2;1;1;3;DEPORTES DE LA RESISTANCE(AV);43,5249600000;5,4603400000
202100031185;3;7;2021;20:40;1;06;06155;2;6;1;3;CANNES AV.DE;43,5740550000;7,0491060000
202100031192;3;7;2021;12:00;1;75;75118;2;1;8;6;RUE DAMREMONT;48,8912140000;2,3347170000
202100031193;2;7;2021;14:40;1;75;75118;2;1;1;6;BOULEVARD BARBES;48,8859970000;2,3495440000
202100031198;3;7;2021;17:50;1;75;75109;2;2;1;3;RUE DE CHATEAUDUN;48,8758690000;2,3403360000
202100031214;3;7;2021;08:20;1;93;93001;2;1;1;3;SAINT GOBAIN (RUE DE);48,9127580000;2,3675750000
202100031240;29;6;2021;19:30;2;38;38389;1;1;9;1;Route de Lafayette;45,5623360000;5,0722070000
202100031254;4;7;2021;00:30;3;30;30223;1;1;1;3;Popnt d'avÃ¨ne;44,2105590000;4,1456410000