Num_Acc;jour;mois;an;hrmn;lum;dep;com;agg;int;atm;col;adr;lat;long
202100031272;4;7;2021;11:30;1;73;73034;1;1;2;7;Rte du Col du Pre;45,6854128764;6,5766920301
202100031278;3;7;2021;19:15;1;60;60589;1;6;1;3;Rond point du verbois;49,2207930000;2,4669240000
202100031292;2;7;2021;17:15;1;75;75120;2;3;1;3;BOULEVARD DAVOUT;48,8527240000;2,4107930000
202100031299;29;6;2021;23:00;5;75;75115;2;4;1;3;RUE DE VAUGIRARD;48,8398490000;2,3021270000
202100031303;2;7;2021;16:00;1;75;75111;2;5;1;6;RUE DU FAUBOURG SAINT ANTOINE;48,8533380000;2,3703370000
202100031307;2;7;2021;02:50;5;75;75107;2;1;1;1;QUAI ANATOLE FRANCE;48,8613870000;2,3232180000
202100031330;2;7;2021;09:45;1;92;92026;2;3;1;3;VERDUN (DE 01 A 61);48,8968940236;2,2641652822
202100031333;2;7;2021;18:40;1;92;92023;2;1;1;3;LAZARE CARNOT (RUE);48,8094900000;2,2712300000
202100031355;3;7;2021;11:30;1;55;55245;1;1;1;6;Lac de la Madine;48,9379838696;5,7247942686
202100031357;3;7;2021;03:00;3;42;42139;2;1;1;7;Route du Play;45,2849650000;4,3897620000
202100031367;2;7;2021;15:45;1;03;03138;2;3;1;3;Rue AndrÃ© Roumeau;46,2462500000;3,6297580000
202100031388;30;6;2021;07:50;1;13;13041;2;1;1;2;D8c;43,4494920000;5,4498250000
202100031391;2;7;2021;18:25;1;38;38382;2;1;1;3;Rue Lieutenant Fiancey;45,2224770000;5,6825680000
202100031420;1;7;2021;20:40;1;75;75120;2;1;1;3;RUE DES PYRENEES;48,8726660000;2,3909960000
202100031421;1;7;2021;18:45;1;75;75117;2;1;1;2;AVENUE DE LA PORTE DE CLICHY;48,8956390000;2,3113900000
202100031422;1;7;2021;22:05;5;75;75117;2;2;1;3;BOULEVARD MALESHERBES;48,8898740000;2,3033610000
202100031423;30;6;2021;12:20;1;75;75117;2;2;1;3;RUE NOLLET;48,8863900000;2,3223720000
202100031425;1;7;2021;08:45;1;75;75112;2;4;1;3;AVENUE DU TREMBLAY;48,8420430000;2,4491360000
202100031433;1;7;2021;20:30;1;93;93057;2;1;1;3;WILSON (AV. DU PRESIDENT) 1 A 69;48,9051190000;2,5105550000
202100031439;1;7;2021;16:30;1;92;92020;2;1;1;7;PARIS AVENUE DE NÂ°2 A82;48,8056800000;2,2915500000
202100031443;30;6;2021;13:36;1;92;92024;2;5;1;3;CLICHY (QUAI DE) DE (104 A 202);48,9083795130;2,2998278593
202100031444;30;6;2021;19:40;1;92;92012;2;3;1;3;PIERRE GRENIER (AVENUE);48,8328510385;2,2535641242
202100031445;2;7;2021;06:40;1;39;39126;1;3;7;3;;46,5890360000;5,9471230000
202100031450;2;7;2021;14:45;1;73;73085;1;1;7;6;D991B Rte de la Chambotte;45,7907411158;5,8627933997
202100031452;2;7;2021;18:40;1;67;67320;1;1;1;1;D897 PR000.500;48,3351217830;7,3184287548
202100031458;2;7;2021;10:30;1;62;62878;2;3;1;3;2 Rue de la Bassure;50,2784800000;2,6668780000
202100031464;2;7;2021;17:05;1;71;71171;2;1;1;3;Route de Chagny;46,8681760000;4,6509560000
202100031465;2;7;2021;13:30;1;89;89068;1;3;1;1;D91;47,8032160000;3,7981930000
202100031466;1;7;2021;15:00;1;61;61095;1;1;1;7;La ThiaudiÃ¨re;48,7190410000; -0,6285380000
202100031467;2;7;2021;16:55;1;12;12056;2;3;1;3;217 Avenue du Centre;44,2771010000;2,4332360000
202100031471;1;7;2021;17:49;1;31;31033;2;1;1;3;47 Route d Espagne;43,3489590000;1,4717010000
202100031474;2;7;2021;18:45;1;03;03031;1;1;1;1;Le bourg;46,4088810000;2,7344690000
202100031484;1;7;2021;19:30;2;04;04209;2;4;7;3;RD 951 / ch de la Haute Chaumiane;44,2179160000;5,9395000000
202100031485;1;7;2021;08:25;1;27;27013;1;1;1;3;Route du Val Pitan;49,3114990000;1,2486170000
202100031498;2;7;2021;14:45;1;21;21171;2;6;1;3;M107;47,3035870000;5,1191730000
202100031512;30;6;2021;15:00;1;73;73179;2;4;1;3;D1 / R Jean et Andre Riottot;45,5885490000;5,8825460000
202100031522;1;7;2021;18:50;1;33;33268;2;3;1;5;;45,0286080000; -0,6542140000
202100031523;25;6;2021;18:00;1;33;33238;2;1;1;1;Rue de Grandjean;44,7419000000; -0,5984620000
202100031558;28;6;2021;15:00;1;38;38185;2;1;1;3;RUE GÃNÃRAL MANGIN;45,1737800000;5,7167500000
202100031560;30;6;2021;08:45;1;37;37233;2;1;1;6;LANGEVIN (BOULEVARD PAUL);47,3907150425;0,7284316421
202100031578;28;6;2021;08:00;1;22;22106;2;6;1;3;MORGAN (RUE DE LA);48,4994900000; -2,7211200000
202100031614;30;6;2021;08:40;1;93;93048;2;1;2;2;Boulevard Henri Barbusse;48,8674060000;2,4421470000
202100031638;30;6;2021;14:00;1;974;97414;2;1;1;2;Rue Pente Nicole; -21,2607060000;55,4386790000
202100031639;29;6;2021;20:50;1;84;84062;1;1;1;3;Route Departementale 901;43,8897420000;5,0956820000
202100031643;30;6;2021;05:40;2;79;79174;1;2;1;3;;46,2368970000; -0,1568450000
202100031644;28;6;2021;17:29;1;11;11304;2;4;1;6;Rue de Bitrague;42,8762584577;2,1879351366
202100031655;25;6;2021;20:00;1;06;06079;1;1;1;3;Avenue de LÃ©rins;43,5179450000;6,9382900000
202100031661;24;6;2021;17:50;1;27;27017;1;1;1;1;D6154;48,9924680000;1,1560750000
202100031665;30;6;2021;09:09;1;52;52093;2;2;2;3;Rue des Adieux;47,8057220000;5,4308940000
202100031684;28;6;2021;18:00;1;42;42022;2;2;1;1;Avenue de Sury;45,5250640000;4,2110390000
202100031701;29;6;2021;17:00;1;31;31555;2;1;1;3;BD DE L EMBOUCHURE;43,6117910000;1,4220910000
202100031702;29;6;2021;13:15;1;31;31149;2;1;1;3;QUERCY (ALLEE DU);43,6116600000;1,3332600000
202100031733;29;6;2021;18:35;1;75;75111;2;1;1;3;AVENUE DE LA REPUBLIQUE;48,8635560000;2,3835560000
202100031734;29;6;2021;23:30;5;75;75108;2;3;1;3;RUE ROY;48,8755770000;2,3183750000
202100031737;29;6;2021;08:40;1;75;75107;2;3;2;3;BOULEVARD DES INVALIDES;48,8482810000;2,3157760000
202100031738;29;6;2021;07:45;1;75;75107;2;2;2;3;PONT ALEXANDRE III;48,8628600000;2,3134470000
202100031741;28;6;2021;21:33;5;75;75103;2;2;1;3;BOULEVARD DES FILLES DU CALVAIRE;48,8624700000;2,3668940000
202100031747;29;6;2021;09:00;1;94;94028;2;1;3;3;Rue des MÃ¨ches;48,7926100000;2,4585700000
202100031755;29;6;2021;19:25;2;93;93048;2;1;2;3;PROGRES (RUE DU);48,8519700000;2,4229300000
202100031757;29;6;2021;06:50;1;93;93008;2;1;1;3;PARIS (RUE DE);48,8999900000;2,4495800000
202100031761;29;6;2021;09:15;1;92;92040;2;6;2;7;RESISTANCE (PLACE DE LA);48,8214070000;2,2502910000
202100031766;29;6;2021;12:53;1;92;92012;2;2;1;6;GALLIENI (RUE) 55/157 - 50/140;48,8375820000;2,2479480000
202100031771;28;6;2021;13:30;1;87;87038;1;1;1;3;Lieu Dit la Pacaille;45,9173180000;1,2336280000
202100031774;30;6;2021;18:50;1;77;77242;2;3;1;3;rue d'en bas;48,4986030000;3,2342080000
202100031817;28;6;2021;16:15;1;976;97611;2;1;1;3;doujani-Mouhindi Hassani (rue ); -12,7926900000;45,2175800000
202100031825;27;6;2021;12:02;1;2B;2B120;2;2;1;3;IMPERIALE (Route) D464 ;42,6380600000;9,4339900000
202100031829;28;6;2021;12:10;1;91;91421;2;9;1;3;CORBEIL (ROUTE DE);48,7056000000;2,4397000000
202100031830;28;6;2021;18:55;1;91;91479;2;3;1;3;RUE ANDRE BERNARDEAU;48,7107400000;2,3562900000
202100031849;28;6;2021;08:30;1;69;69266;2;3;2;3;TOLSTOI (CR);45,7625326961;4,8785197735
202100031850;26;6;2021;11:00;1;67;67482;2;1;1;3;RACINE (AVENUE);48,5960100000;7,7002900000
202100031869;19;6;2021;12:30;1;42;42218;2;1;1;3;Rue Jean Huss;45,4503011816;4,4154333004
202100031872;28;6;2021;17:13;1;37;37233;2;3;2;6;FLORENCE (AVENUE DE);47,3768501677;0,7372869551
202100031873;8;6;2021;09:55;1;35;35288;2;1;1;6;SILLON (DU) CHAUSSEE;48,6543400000; -2,0092600000
202100031880;21;6;2021;19:10;1;17;17299;2;6;1;3;BEGON ROND POINT ET RUE;45,9433700000; -0,9602200000
202100031893;25;6;2021;16:38;1;05;05061;2;1;1;7;PAUL BERT ( RUE );44,5671100000;6,0908100000
202100031904;28;6;2021;20:30;2;75;75113;2;2;2;3;RUE DE PATAY;48,8286350000;2,3699230000
202100031907;28;6;2021;14:47;1;75;75108;2;7;1;3;PLACE DE LA CONCORDE;48,8666150000;2,3219610000
202100031918;28;6;2021;17:00;1;93;93048;2;2;1;3;Rue de Valmy / Rue Armand Carrel;48,8507600000;2,4182700000
202100031923;28;6;2021;16:30;1;92;92051;2;1;1;2;PARMENTIER (RUE);48,8823256710;2,2804757953
202100031930;8;6;2021;10:30;1;66;66021;2;6;1;3;Avenue de Lamans;42,7211800000;2,9322870000
202100031952;27;6;2021;21:10;1;75;75111;2;3;1;2;RUE DES TROIS BORNES;48,8661880000;2,3712290000
202100031976;27;6;2021;12:20;1;34;34003;2;3;1;1;COURPOURON (QUAI H.);43,2861100000;3,4450500000
202100031977;27;6;2021;19:45;1;33;33063;2;3;8;3;Cours de l'Yser;44,8287980000; -0,5687670000
202100031978;27;6;2021;22:15;5;31;31555;2;1;3;2;AV JEAN RIEUX;43,5853200000;1,4758800000
202100031979;27;6;2021;16:30;1;25;25056;2;1;1;2;GARNIER RUE LOUIS;47,2156318120;5,9685319662
202100031982;27;6;2021;15:25;1;14;14118;2;1;1;6;Place de la Gare;49,1758300000; -0,3493200000
202100032029;28;6;2021;17:45;1;14;14399;1;1;1;7;D286;49,2612080000;0,2444700000
202100032033;15;6;2021;08:10;1;24;24255;1;1;7;1;Route de Callabout;44,9387770000;1,1212520000
202100032047;24;6;2021;18:00;1;04;04019;2;2;1;3;RD 900 / RD 902;44,3867220000;6,6499040000
202100032081;25;6;2021;18:20;1;69;69149;2;2;1;3;BRIGNAIS (DE) (RTE);45,7243026945;4,7806942463
202100032083;26;6;2021;13:50;1;91;91549;2;6;2;3;ROGER PERRIAUD (PLACE);48,6409620000;2,3258190000
202100032133;25;6;2021;12:00;1;75;75116;2;5;1;3;AVENUE PAUL DOUMER;48,8597160000;2,2790270000
202100032136;25;6;2021;16:20;1;75;75115;2;7;1;6;RUE DU COMMERCE;48,8445070000;2,2937260000
202100032140;25;6;2021;18:35;1;75;75111;2;3;1;5;BOULEVARD BEAUMARCHAIS;48,8594910000;2,3676130000
202100032188;26;6;2021;13:40;1;18;18141;2;1;8;1;24 Rue de la Taille;47,1159560000;2,2093840000
202100032205;27;6;2021;07:00;1;971;97106;1;1;1;3;Route de Bellon;16,1828440000; -61,7821370000
202100032215;26;6;2021;16:30;1;26;26206;1;1;1;2;D538;44,8536020000;5,0072660000
202100032250;23;6;2021;19:15;1;78;78267;2;1;1;2;RUE GABRIEL PERI;48,9829300000;1,8104200000
202100032252;25;6;2021;13:25;1;76;76540;2;1;1;6;JEANNE D'ARC. RUE;49,4423600000;1,0907000000
202100032253;25;6;2021;04:40;5;76;76540;2;2;1;3;RONDEAUX. AVENUE JEAN;49,4343800000;1,0762000000
202100032257;25;6;2021;10:25;1;69;69115;1;6;1;1;ANSE (D') (RTE);45,9731500000;4,7172600000
202100032260;25;6;2021;09:45;1;64;64269;2;2;1;3;BEARN DU;43,3000000000; -0,2990000000
202100032261;25;6;2021;08:40;1;64;64445;2;6;1;3;DROITS DE L' HOMME DES;43,3130000000; -0,3689800000
202100032265;18;6;2021;17:00;1;59;59328;2;1;1;5;LILLE RUE DE;50,6521000000;3,0405800000
202100032267;24;6;2021;12:10;1;57;57463;2;2;2;3;JOFFRE  (AVENUE );49,1117100000;6,1710700000
202100032269;24;6;2021;14:10;1;56;56121;2;3;1;2;Avenue Ãtienne-FranÃ§ois de Choiseul;47,7511800000; -3,3580200000
202100032283;25;6;2021;21:50;1;33;33063;2;1;1;3;Avenue des Quarante Journaux;44,8786500000; -0,5686200000
202100032289;15;6;2021;17:55;1;29;29019;2;3;1;3;Rue GÃ©nÃ©ral GalliÃ©ni;48,3909027428; -4,5061773969
202100032291;24;6;2021;13:14;1;27;27229;1;1;1;3;VAL ITON (RUE DU);49,0342700000;1,1480200000
202100032300;25;6;2021;21:15;1;08;08409;2;9;1;3;ALSACE-LORRAINE (PLACE);49,7021800000;4,9445600000
202100032302;22;6;2021;13:41;1;06;06004;1;1;1;2;R.N.98 BORD DE MER SIESTA;43,5957750000;7,1254200000
202100032311;25;6;2021;19:20;1;75;75105;2;3;8;6;RUE DU FER A MOULIN;48,8389200000;2,3532380000
202100032317;25;6;2021;20:37;1;75;75109;2;2;1;3;BOULEVARD DE CLICHY;48,8837590000;2,3322820000
202100032322;25;6;2021;17:40;1;75;75113;2;2;1;6;RUE DE TOLBIAC;48,8257090000;2,3484060000
202100032326;25;6;2021;15:45;1;75;75110;2;1;2;3;BOULEVARD DE STRASBOURG;48,8713700000;2,3554330000
202100032366;20;6;2021;16:49;1;67;67403;1;1;2;7;departementale 791;48,8086020000;7,5631860000
202100032367;23;6;2021;13:30;1;67;67383;2;3;1;3;Rue Principale;48,6655460000;7,4763840000
202100032382;25;6;2021;15:40;1;65;65192;1;1;1;6;D923;42,7363990000; -0,0270690000
202100032385;26;6;2021;09:50;1;42;42192;1;1;1;2;M104;45,3840140000;4,1287140000
202100032387;2;6;2021;16:30;1;22;22248;2;9;1;7;Hent Ar Mor;48,6192150000; -3,0871210000
202100032393;26;6;2021;11:25;1;15;15076;1;1;1;7;D33;44,8620710000;2,1758510000
202100032399;26;6;2021;11:00;1;37;37130;1;2;1;3;Lieu Dit Chantepie;47,0164326224;0,8417402208
202100032407;25;6;2021;18:30;1;973;97311;2;1;1;3;Rue Jean-Claude Isaac;5,4701752597; -54,0339730807
202100032409;25;6;2021;16:36;1;84;84141;1;1;1;2;avenue charles de gaulle;43,9677570000;4,9214950000
202100032415;25;6;2021;13:45;1;42;42174;1;3;1;3;Route de Villedieu;45,7377150000;4,1635310000
202100032416;26;6;2021;17:15;1;38;38382;2;1;1;2;71 Avenue du General de Gaulle;45,2357680000;5,6755010000
202100032441;23;6;2021;08:00;1;974;97407;2;9;1;3;MONDON (AVENUE); -20,9345000000;55,3008000000
202100032446;23;6;2021;17:30;1;69;69286;2;3;1;3;STRASBOURG (DE) (RTE);45,8132600000;4,8875200000
202100032456;24;6;2021;19:30;1;91;91471;2;1;1;3;GUY MOQUET (RUE);48,7004200000;2,1917100000
202100032459;23;6;2021;18:05;1;91;91223;1;1;1;6;RUE DU LT COLONEL ARNAUD BELTRAME;48,4470000000;2,1379500000
202100032466;23;6;2021;15:40;1;78;78640;2;1;1;3;MORANE-SAULNIER (AVENUE);48,7854000000;2,2184700000
202100032468;23;6;2021;08:00;1;72;72181;2;1;1;3;MONTOISE (RUE);48,0090000000;0,1890000000
202100032471;23;6;2021;17:15;1;67;67482;2;8;8;3;GENERAL DE GAULLE (AVENUE DU);48,5773650000;7,7692260000
202100032476;16;6;2021;18:05;1;59;59350;2;1;1;2;FLANDRES PONT;50,6364200000;3,0770500000
202100032480;22;6;2021;16:19;1;54;54483;2;1;1;6;FRANCE (RUE ANATOLE);48,6323100000;6,3069400000
202100032481;23;6;2021;09:57;1;47;47001;2;2;1;3;COLMAR (AV. DE);44,1940200000;0,6409000000
202100032495;23;6;2021;16:45;1;22;22106;2;1;1;3;BREST (RUE DE);48,4948020000; -2,7152470000
202100032497;4;6;2021;16:55;1;22;22278;2;1;1;2;Robert Schuman (boulevard);48,5114587550; -2,7856349945
202100032498;18;6;2021;14:50;1;18;18279;2;3;1;3;MIRANDA DE EBRO (RUE );47,2100000000;2,0600000000
202100032499;24;6;2021;08:45;1;17;17333;2;6;1;3;JUIN (AVENUE MARECHAL);45,6128510000; -0,9911810000
202100032508;24;6;2021;16:50;1;75;75119;2;1;1;7;BOULEVARD DE LA VILLETTE;48,8756700000;2,3730170000
202100032511;23;6;2021;20:10;1;75;75116;2;2;1;3;BOULEVARD DE L AMIRAL BRUIX;48,8752220000;2,2795170000
202100032517;23;6;2021;08:15;1;75;75113;2;2;2;3;BOULEVARD KELLERMANN;48,8191470000;2,3594910000
202100032519;23;6;2021;23:30;5;75;75111;2;2;1;3;AVENUE DE LA REPUBLIQUE;48,8629650000;2,3871930000
202100032520;24;6;2021;19:13;1;75;75104;2;1;8;2;QUAI DE GESVRES;48,8570190000;2,3479110000
202100032526;24;6;2021;10:40;1;94;94081;2;9;1;3;Avenue Youri Gagarine;48,7878080000;2,3906170000
202100032540;24;6;2021;16:50;1;92;92019;2;1;1;3;MONNET JEAN (AVENUE DU);48,7708468596;2,2850275040
202100032546;24;6;2021;13:50;1;26;26301;1;3;2;3;Route de Romans;45,1196520000;4,9972720000
202100032562;25;6;2021;10:30;1;63;63295;2;1;1;3;rue du commerce;46,0139300000;3,3535230000
202100032567;23;6;2021;10:15;1;01;01457;2;2;1;3;Rue des Erables;46,2293200000;4,9928410000
202100032570;22;6;2021;07:35;1;06;06079;2;6;1;3;Avenue de la Mer;43,5345250000;6,9455240000
202100032599;24;6;2021;18:40;3;987;98722;1;1;2;3;PK 31+900; -17,5653610000; -149,3274590000
202100032611;24;6;2021;13:45;1;14;14258;2;1;1;2;D6;48,9063040000; -0,2083070000
202100032637;23;6;2021;10:50;1;69;69387;2;2;1;2;JEAN JAURES                         (AV);45,7473141509;4,8431666493
202100032638;14;6;2021;11:50;1;69;69387;2;2;1;6;DOMER (R);45,7478400000;4,8514300000
202100032655;22;6;2021;15:15;1;72;72181;2;1;1;6;MAILLETS (RUE DES) IMP 37 A 159;48,0162800000;0,2150300000
202100032676;23;6;2021;08:50;1;26;26362;2;1;1;3;92 Rue Montplaisir;44,9300300000;4,9083500000
202100032698;23;6;2021;12:56;1;75;75118;2;3;8;2;RUE GERMAIN PILON;48,8828620000;2,3361830000
202100032700;23;6;2021;20:45;1;75;75115;2;2;1;3;RUE DE L ABBE GROULT;48,8371800000;2,3001390000
202100032701;22;6;2021;09:35;1;75;75115;2;2;1;3;RUE DE VAUGIRARD;48,8327120000;2,2883910000
202100032703;22;6;2021;10:50;1;75;75113;2;1;1;2;RUE BRILLAT SAVARIN;48,8221810000;2,3486920000
202100032706;23;6;2021;08:25;1;75;75110;2;3;2;3;RUE DU FAUBOURG SAINT MARTIN;48,8803960000;2,3643050000
202100032707;23;6;2021;17:45;1;75;75101;2;3;8;6;RUE DE RIVOLI;48,8594760000;2,3451830000
202100032716;23;6;2021;16:50;1;93;93064;2;1;8;6;KENNEDY (AVENUE DU PRESIDENT);48,8809800000;2,4947600000
202100032724;23;6;2021;19:30;1;92;92044;2;9;1;6;JEAN JAURES(RUE) 1A55 ET 2A54;48,8930492497;2,2943047943
202100032749;23;6;2021;11:00;1;63;63229;1;2;1;3;Vassel (route de);45,7771620000;3,3504220000
202100032750;15;6;2021;14:05;1;61;61328;1;1;1;7;Lieu Dit la Hameliniere;48,7438810000;0,1204850000
202100032756;23;6;2021;10:00;1;25;25015;1;1;1;2;plaine d'AMANCEY;47,0356630000;6,0750100000
202100032761;24;6;2021;06:00;1;14;14654;1;2;1;3;D16;49,0299760000; -0,0255290000
202100032788;23;6;2021;17:20;1;38;38057;2;4;1;3;Rue de la Maritelle;45,1420790000;5,7411340000
202100032790;20;6;2021;09:30;1;31;31291;2;1;2;7;AllÃ©e de Castelnouvel;43,5993750000;1,2546700000
202100032791;23;6;2021;16:35;1;64;64430;2;6;1;3;rond point du portugal;43,4774460000; -0,7619220000
202100032823;22;6;2021;10:55;1;91;91657;2;2;1;3;AV DE LA CONCORDE;48,7050100000;2,4244800000
202100032844;16;6;2021;17:59;1;68;68066;2;3;1;3;ST PIERRE (BOULEVARD);48,0726500000;7,3571800000
202100032845;16;6;2021;10:15;1;68;68066;2;1;1;3;4IEME BATAILLON DU CHASSEURS A PIED;48,0819500000;7,3550600000
202100032846;21;6;2021;17:30;1;67;67482;2;3;8;3;SEBASTOPOL (RUE DE);48,5865500000;7,7429600000
202100032853;18;6;2021;14:53;1;66;66136;2;1;1;3;FLANDRES/DUNKERQUE (CARREFOUR);42,6866800000;2,9072300000
202100032855;22;6;2021;08:20;1;64;64445;2;1;1;3;TRESPOEY DE;43,2990100000; -0,3552100000
202100032861;21;6;2021;21:46;1;63;63113;2;2;1;3;BARBIER DAUBREE (AVENUE);45,7883500000;3,0955100000
202100032863;22;6;2021;19:00;1;59;59279;2;3;2;3;SIMONO (RUE MAURICE);50,7817380000;3,1220320000
202100032868;21;6;2021;14:22;1;54;54526;2;2;1;3;MILLENAIRE (BOULEVARD DU);48,6815000000;6,2160000000
202100032870;21;6;2021;08:45;1;54;54395;2;1;1;3;STRASBOURG (AVENUE DE);48,6789398145;6,1971477047
202100032887;22;6;2021;07:35;2;27;27375;2;3;2;3;VERTE (CHEMIN DE LA COTE);49,2117000000;1,1548100000
202100032889;22;6;2021;06:50;1;25;25056;2;6;2;3;LAFAYETTE RUE;47,2172000000;5,9677200000
202100032905;22;6;2021;11:27;1;75;75112;2;2;8;1;QUAI DE BERCY;48,8306530000;2,3863410000
202100032910;21;6;2021;23:20;5;75;75110;2;1;1;3;RUE LA FAYETTE;48,8790730000;2,3561470000
202100032912;16;6;2021;12:10;1;75;75104;2;3;1;3;BOULEVARD HENRI IV;48,8511640000;2,3625070000
202100032915;22;6;2021;14:00;1;94;94042;2;2;2;3;MARECHAL LECLERC (BD DU);48,8120500000;2,4686300000
202100032916;22;6;2021;17:45;1;94;94041;2;1;8;1;Rue BarbÃ¨s;48,8180700000;2,3736700000
202100032939;11;6;2021;23:15;5;92;92036;2;1;1;1;CABOEUFS (RUE DES) (103/291);48,9236760000;2,3104640000
202100032972;22;6;2021;11:00;1;971;97103;2;1;1;3;Chemin de Calvaire;16,2389040000; -61,6217140000
202100033007;21;6;2021;11:50;1;974;97411;1;3;1;3;DOMENJOD (ROUTE DE); -20,9121600000;55,5023500000
202100033011;4;6;2021;16:51;1;69;69383;2;1;1;3;VICTOR AUGAGNEUR (Q);45,7581700000;4,8408600000
202100033021;19;6;2021;20:30;1;84;84007;2;1;1;6;MOTTET (Rue Agathe);43,9314090000;4,8282420000
202100033024;12;6;2021;11:50;1;83;83123;2;1;1;3;Quai Charles de Gaulle;43,1177200000;5,8008800000
202100033034;4;6;2021;09:05;1;59;59350;2;2;1;3;FAUBOURG DE BETHUNE RUE;50,6175100000;3,0266400000
202100033049;18;6;2021;18:00;1;35;35288;2;9;1;3;BALUE (6 RUE DE LA);48,6291470000; -2,0057510000
202100033052;20;6;2021;20:45;2;35;35238;2;2;2;3;VOLCLAIR (BD LOUIS);48,0884590000; -1,6676330000
202100033073;21;6;2021;15:54;1;75;75105;2;1;1;3;RUE JUSSIEU;48,8469910000;2,3538360000
202100033075;21;6;2021;17:31;1;75;75120;2;5;1;3;AVENUE GAMBETTA;48,8716840000;2,4043770000
202100033079;20;6;2021;21:15;1;75;75119;2;3;1;1;QUAI DE LA GIRONDE;48,8924890000;2,3855530000
202100033082;21;6;2021;19:25;1;75;75117;2;1;1;3;AVENUE DE VILLIERS;48,8818020000;2,3141970000
202100033083;21;6;2021;14:30;1;75;75112;2;4;1;3;BOULEVARD DIDEROT;48,8461040000;2,3760130000
202100033103;21;6;2021;20:30;2;92;92012;2;2;1;3;ESCUDIER (RUE) 1/47 - 2/38;48,8433400000;2,2366200000
202100033104;21;6;2021;10:00;1;92;92012;2;6;1;3;RHIN ET DANUBE (ROND POINT);48,8406449313;2,2288875282
202100033119;22;6;2021;11:45;1;49;49030;1;1;1;2;Route de LonguÃ© RD 53;47,3823040000; -0,0854770000
202100033180;20;6;2021;01:34;5;95;95063;2;1;1;2;RUE JEAN JAURES;48,9264290000;2,2220950000
202100033181;20;6;2021;23:32;5;91;91421;2;1;1;3;GUE (RUE DU);48,7137600000;2,4502400000
202100033187;20;6;2021;18:30;1;56;56260;2;1;2;3;Place de la Madeleine;47,6590900000; -2,7726400000
202100033192;20;6;2021;12:55;1;37;37122;2;1;1;7;JEAN JAURES;47,3483353127;0,6601144373
202100033193;20;6;2021;17:05;1;35;35238;2;1;1;3;VILLEBOIS MAREUIL (BD);48,1044000000; -1,6501600000
202100033195;18;6;2021;21:00;1;34;34032;2;1;1;6;LANGUEDOC (BD DU);43,3637100000;3,2390100000
202100033209;20;6;2021;14:30;1;75;75118;2;1;1;1;BOULEVARD NEY;48,8984840000;2,3536140000
202100033211;20;6;2021;09:50;1;75;75116;2;1;1;1;ROUTE DES MOULINS;48,8645510000;2,2338330000
202100033212;19;6;2021;12:35;1;75;75116;2;5;1;6;RUE JEAN DE LA FONTAINE;48,8489920000;2,2662610000
202100033213;19;6;2021;21:00;1;75;75113;2;7;8;3;PLACE D ITALIE;48,8318810000;2,3558590000
202100033216;20;6;2021;12:00;1;75;75116;2;1;1;3;RUE DU RANELAGH;48,8546380000;2,2738260000
202100033217;15;6;2021;12:11;1;75;75108;2;7;1;6;PLACE DE LA CONCORDE;48,8641430000;2,3204000000
202100033218;20;6;2021;13:30;1;75;75101;2;3;1;3;RUE DE RIVOLI;48,8624770000;2,3362520000
202100033219;16;6;2021;08:30;1;75;75104;2;1;1;6;VOIE GEORGES POMPIDOU;48,8503100000;2,3611190000
202100033236;21;6;2021;10:50;1;38;38337;2;1;1;7;Avenue Jean Jaures;45,3517400000;5,5005400000
202100033253;20;6;2021;13:35;1;70;70037;2;4;1;3;43 rue des fontenis;47,5328060000;5,6957350000
202100033277;16;6;2021;10:23;1;38;38540;2;1;1;3;D1532;45,2682180000;5,6203570000
202100033297;19;6;2021;20:30;1;75;75111;2;1;2;6;RUE AMELOT;48,8629980000;2,3672300000
202100033301;14;6;2021;22:45;2;69;69387;2;3;1;1;BERTHELOT (AV);45,7407000000;4,8560200000
202100033304;14;6;2021;14:05;1;69;69383;2;2;1;3;MAZENOD (R);45,7586730000;4,8448230000
202100033313;14;6;2021;21:27;2;95;95574;2;1;1;1;RD 144;49,0071342347;2,2714394331
202100033322;12;6;2021;06:15;1;76;76351;2;1;1;6;JENNER (TUNNEL);49,5054900000;0,1341900000
202100033335;14;6;2021;18:15;1;59;59299;2;2;1;3;GUESDE (RUE JULES);50,6576600000;3,1925070000
202100033339;11;6;2021;12:35;1;56;56098;2;1;1;6;ETANG (RUE  DE L' );47,7663800000; -3,3203100000
202100033342;14;6;2021;12:35;1;44;44109;2;1;1;3;BOULEVARD JEAN PHILIPPOT;47,2119400000; -1,5553200000
202100033350;14;6;2021;17:50;1;33;33069;2;6;1;3;Avenue dâEysines;44,8606950000; -0,6124760000
202100033365;12;6;2021;14:20;1;10;10387;2;1;1;2;BLANQUI (RUE);48,3023600000;4,0519500000
202100033373;17;6;2021;16:29;1;57;57221;1;1;1;2;METZ (ROUTE DE);49,3200700000;6,1554600000
202100033376;18;6;2021;12:40;1;69;69383;2;2;1;3;VERLET HANUS (R);45,7579100000;4,8494300000