Num_Acc;jour;mois;an;hrmn;lum;dep;com;agg;int;atm;col;adr;lat;long
202100033378;19;6;2021;12:45;1;69;69386;2;2;1;3;MASSENA (R);45,7681700000;4,8544300000
202100033383;16;6;2021;19:00;1;69;69384;2;2;1;1;AIME BOUSSANGE (R);45,7754700000;4,8347500000
202100033384;18;6;2021;07:30;1;69;69149;2;2;1;3;SARRA (DE LA) (R);45,7103677795;4,8021654089
202100033410;19;6;2021;19:45;1;29;29019;2;3;1;6;Avenue Georges Clemenceau;48,3906450000; -4,4870460000
202100033423;18;6;2021;12:40;1;75;75118;2;4;1;3;RUE DE LA CHAPELLE;48,8908490000;2,3599210000
202100033425;19;6;2021;12:00;1;75;75117;2;3;1;3;AVENUE DE LA PORTE D ASNIERES;48,8910530000;2,3025280000
202100033429;19;6;2021;17:30;1;75;75115;2;3;3;2;RUE VIOLET;48,8446820000;2,2905410000
202100033436;19;6;2021;17:00;1;94;94071;2;4;1;3;Rue Albert Dru;48,7626260000;2,5198400000
202100033440;19;6;2021;13:50;1;93;93001;2;1;1;3;REPUBLIQUE (AVE DE LA ) => NO 41/50;48,9121120000;2,3838130000
202100033446;19;6;2021;14:23;1;92;92002;2;2;1;3;DIVISION LECLERC (1 A 29 -2 A 34);48,7513800000;2,3045000000
202100033467;19;6;2021;12:10;1;25;25434;2;3;1;3;2 Route de Montgesoye;47,1049120000;6,1584220000
202100033469;20;6;2021;09:30;1;29;29150;1;3;2;3;Lann Kerguip;47,8046880000; -3,6772120000
202100033493;17;6;2021;06:20;2;987;98722;1;3;1;3;Mahaena; -17,5667792268; -149,3269264698
202100033503;18;6;2021;17:25;1;31;31291;2;1;1;6;Avenue Carreli;43,6063130000;1,2311550000
202100033540;18;6;2021;11:00;1;69;69381;2;1;1;1;ROUVILLE (PL);45,7695800000;4,8254200000
202100033561;18;6;2021;15:35;1;64;64545;2;3;1;1;RUE MUNHOA;43,3459800000; -1,6932500000
202100033564;18;6;2021;18:05;1;64;64024;2;2;1;3;BAHINOS (ROUTE DE);43,5135500000; -1,5003900000
202100033569;18;6;2021;20:00;1;59;59512;2;1;1;1;DE GAULLE  (BOULEVARD DU GENERAL);50,6841820000;3,1713770000
202100033571;17;6;2021;09:15;1;59;59350;2;1;1;2;HEGEL RUE;50,6289000000;3,0181000000
202100033575;15;6;2021;09:18;1;56;56260;2;1;1;3;REMY(BOULEVARD DU COLONEL);47,6534200000; -2,7836400000
202100033576;17;6;2021;11:45;1;56;56162;1;1;2;7;Boulevard de lâAtlantique D152;47,7096000000; -3,4399200000
202100033580;17;6;2021;19:00;1;51;51454;2;1;2;1;Rue du Chanoine Hess;49,2888700000;4,0160630000
202100033584;13;6;2021;09:45;1;49;49099;1;1;1;6;RD 158;47,0677000000; -0,8115000000
202100033589;16;6;2021;00:40;3;44;44184;2;6;1;3;VILLES-MOLLÃ (ROUTE DE);47,2590700000; -2,2823700000
202100033592;17;6;2021;19:10;1;38;38421;2;1;1;3;Rue du Bourgamon;45,1650700000;5,7611700000
202100033599;14;6;2021;14:45;1;34;34032;2;6;1;3;NOGUERES HENRI (RD POINT);43,3533917661;3,2250532508
202100033602;17;6;2021;23:35;3;33;33119;2;1;2;2;Avenue Jean JaurÃ¨s;44,8535400000; -0,5380300000
202100033604;14;6;2021;18:55;1;33;33009;2;6;1;7;;44,6437000000; -1,1965900000
202100033613;18;6;2021;16:30;1;21;21231;2;4;1;3;3 Rue dâYork;47,3309957674;5,0590911054
202100033626;17;6;2021;14:45;1;75;75105;2;2;1;3;QUAI SAINT MICHEL;48,8530630000;2,3468210000
202100033629;18;6;2021;10:20;1;75;75119;2;1;1;1;RUE ARCHEREAU;48,8917340000;2,3745570000
202100033633;18;6;2021;17:40;1;75;75115;2;7;8;7;PLACE CHARLES VALLIN;48,8355980000;2,3023990000
202100033635;18;6;2021;10:15;1;75;75115;2;7;1;7;BOULEVARD GARIBALDI;48,8479670000;2,3018500000
202100033637;18;6;2021;17:10;1;75;75114;2;7;2;2;PLACE DENFERT ROCHEREAU;48,8333920000;2,3326470000
202100033638;18;6;2021;12:50;1;75;75113;2;1;1;3;BOULEVARD AUGUSTE BLANQUI;48,8310760000;2,3431720000
202100033642;18;6;2021;08:45;1;75;75111;2;2;1;6;AVENUE PARMENTIER;48,8699950000;2,3710480000
202100033644;18;6;2021;14:15;1;75;75110;2;3;1;3;BOULEVARD DE STRASBOURG;48,8706080000;2,3549910000
202100033647;18;6;2021;20:17;1;75;75107;2;2;1;3;AVENUE DU MARECHAL GALLIENI;48,8610470000;2,3132520000
202100033648;18;6;2021;15:50;1;75;75107;2;3;1;7;BOULEVARD DES INVALIDES;48,8536770000;2,3147460000
202100033649;18;6;2021;18:15;1;75;75103;2;2;1;6;BOULEVARD DE SEBASTOPOL;48,8662380000;2,3525350000
202100033651;16;6;2021;20:10;2;75;75101;2;1;1;1;VOIE GEORGES POMPIDOU;48,8571780000;2,3465870000
202100033654;14;6;2021;13:35;1;94;94041;2;1;1;2;MICHELET (R);48,8077900000;2,3773300000
202100033668;18;6;2021;18:30;1;93;93048;2;7;1;3;Rue Robespierre / Place de la Republique;48,8536100000;2,4235100000
202100033674;16;6;2021;23:40;5;92;92072;2;3;1;7;BRUYERES (RUE DES);48,8201398732;2,2184121609
202100033680;17;6;2021;14:09;1;92;92051;2;9;1;3;RICHARD WALLACE (BOULEVARD);48,8752063011;2,2506174445
202100033682;18;6;2021;12:15;1;92;92020;2;1;1;6;FORT RUE DU;48,7945121770;2,2718317062
202100033688;18;6;2021;20:45;1;92;92012;2;1;1;3;SILLY (RUE DE) 1/87 - 2/88;48,8383173150;2,2321665287
202100033692;19;6;2021;15:50;1;976;97610;2;6;1;3;Rond point du collÃ¨ge de Majicavo Lamir; -12,7516120000;45,2304150000
202100033696;18;6;2021;18:25;1;88;88349;1;3;1;3;Le Rudlin;48,1195260000;7,0418450000
202100033707;18;6;2021;21:15;1;81;81227;1;1;1;3;Chemin de la Rivierette;43,6443750000;2,2750490000
202100033721;19;6;2021;11:45;1;73;73124;2;1;7;6;D990 Route de ChambÃ©ry;45,6574280000;6,3501830000
202100033724;19;6;2021;08:00;1;07;07129;1;1;1;1;D236;44,9985380000;4,5661890000
202100033733;17;6;2021;19:05;1;06;06152;1;3;1;7;Route des Lucioles;43,6179800000;7,0571920000
202100033740;18;6;2021;09:15;1;84;84054;2;3;1;3;Chemin du Bosquet;43,9119070000;5,0679160000
202100033741;19;6;2021;10:25;1;83;83146;2;9;1;6;quartier sous ville;43,6363450000;5,9363480000
202100033781;14;6;2021;18:50;1;69;69149;2;1;1;3;FRANCISQUE JOMARD (R);45,7159596785;4,7968693531
202100033803;16;6;2021;07:30;1;71;71153;2;9;1;1;2 Rue du Docteur Rebillard;46,8072300000;4,4347160000
202100033805;17;6;2021;09:45;1;69;69290;2;2;7;3;GARIBALDI (R);45,6851000000;4,9456500000
202100033807;15;6;2021;18:40;1;67;67482;2;3;1;3;FINKMATT (QUAI);48,5870200000;7,7464900000
202100033816;17;6;2021;20:10;1;61;61001;2;3;2;7;VERDUN (RUE DE);48,4366500000;0,0993100000
202100033828;16;6;2021;16:05;1;45;45302;2;6;1;1;Giratoire GÃ©rondeau;47,9572822014;1,8906118870
202100033839;17;6;2021;08:15;1;35;35051;2;6;1;3;Rond-point du Taillis;48,1140740000; -1,6202550000
202100033851;16;6;2021;17:50;1;25;25056;2;3;1;3;NODIER  RUE CHARLES (inf 22);47,2334250000;6,0226640000
202100033864;12;6;2021;15:20;1;12;12202;2;4;1;3;DECAZEVILLE (AVENUE DE) RD 840;44,3653800000;2,5510300000
202100033875;17;6;2021;18:15;1;75;75119;2;1;1;3;RUE D HAUTPOUL;48,8822200000;2,3882390000
202100033876;15;6;2021;23:30;5;75;75115;2;3;1;3;RUE DE VAUGIRARD;48,8412730000;2,3072060000
202100033881;17;6;2021;08:25;1;75;75108;2;3;1;3;AVENUE DES CHAMPS ELYSEES;48,8692860000;2,3091760000
202100033885;16;6;2021;18:25;1;94;94068;2;1;1;2;Rue Leroux;48,8061200000;2,4722600000
202100033908;17;6;2021;21:05;1;92;92025;2;9;2;3;CHARLES DE GAULLE (BD);48,9143900000;2,2293450000
202100033909;17;6;2021;08:00;1;92;92004;2;2;1;7;DOCTEUR DERVAUX  ( QUAI DU );48,9091600000;2,2935200000
202100033924;17;6;2021;17:40;1;56;56186;2;6;1;3;Rue du Roch Priol;47,4823430000; -3,1061050000
202100033930;10;6;2021;16:00;1;12;12253;1;1;1;7;D243;44,1929300000;2,7839500000
202100033934;1;6;2021;16:00;1;01;01193;1;3;1;3;D992;45,6405680000;5,6440870000
202100033936;17;6;2021;11:45;1;72;72176;2;9;1;3;2 Avenue de la LibÃ©ration;47,6475056811;0,1529760363
202100033937;6;6;2021;11:00;1;14;14303;2;2;1;3;Chemin de Chambray;49,1218850000;0,2830540000
202100033949;18;6;2021;13:40;1;74;74067;1;1;1;7;568 Rte des Creuses;45,8794520000;6,0408820000
202100033961;14;6;2021;17:25;1;67;67194;2;3;7;3;rue haute vienne;48,7343400000;7,9107030000
202100033962;16;6;2021;07:03;1;67;67378;2;3;1;3;Rue de la Retraite;48,4715520000;7,7231100000
202100033993;10;6;2021;10:40;1;71;71076;2;1;1;6;CITADELLE (RUE DE LA );46,7853315747;4,8522545287
202100033997;14;6;2021;12:30;1;75;75116;2;1;1;2;ROUTE DES TRIBUNES;48,8604940000;2,2297510000
202100033998;14;6;2021;13:30;1;75;75120;2;1;1;6;RUE DU TELEGRAPHE;48,8713940000;2,4000870000
202100034002;16;6;2021;19:35;1;75;75113;2;3;1;6;RUE DE TOLBIAC;48,8271430000;2,3671620000
202100034013;16;6;2021;13:05;1;69;69386;2;1;1;6;SERBIE (DE) (Q);45,7718699086;4,8408164423
202100034014;16;6;2021;11:30;1;69;69386;2;2;1;2;MONTGOLFIER (R);45,7719900000;4,8499300000
202100034029;12;6;2021;12:10;1;78;78640;2;1;1;3;LOUIS BREGUET (AVENUE);48,7803500000;2,1898300000
202100034034;15;6;2021;20:30;1;76;76351;2;1;1;3;ESTIENNE D'ORVES (D');49,5154000000;0,0968000000
202100034035;15;6;2021;18:45;1;72;72181;2;1;1;3;GAMBETTA (RUE) NÂ° IMP 63 A 147;48,0072400000;0,1892200000
202100034050;16;6;2021;14:55;1;59;59350;2;6;1;3;FEBVRIER JACQUES PLACE;50,6178500000;3,0611100000
202100034051;10;6;2021;13:50;1;53;53201;1;1;1;2;Avenue Pierre de Coubertin;48,0790970000; -0,8202820000
202100034076;15;6;2021;09:13;1;17;17300;2;2;7;3;DELMAS   AVENUE MAURICE;46,1587900000; -1,1594900000
202100034077;16;6;2021;15:15;1;14;14437;2;6;1;3;D675;49,1709500000; -0,3090140000
202100034087;8;6;2021;14:51;1;02;02722;2;6;1;2;GAMBETTA ( BOULEVARD );49,3764500000;3,3297000000
202100034091;16;6;2021;17:50;1;75;75117;2;1;1;6;AVENUE MAC MAHON;48,8775270000;2,2943860000
202100034092;16;6;2021;17:40;1;75;75117;2;1;1;3;BOULEVARD DE COURCELLES;48,8800100000;2,3071520000
202100034093;16;6;2021;12:20;1;75;75116;2;1;1;3;RUE DE LONGCHAMP;48,8680240000;2,2758580000
202100034095;16;6;2021;09:45;1;75;75115;2;2;1;2;RUE DES MORILLONS;48,8321340000;2,3029950000
202100034097;15;6;2021;18:05;1;75;75113;2;2;1;3;BOULEVARD ARAGO;48,8356320000;2,3482870000
202100034100;16;6;2021;19:30;1;75;75110;2;3;1;7;QUAI DE VALMY;48,8742230000;2,3628630000
202100034101;16;6;2021;17:45;1;75;75110;2;2;1;3;RUE DU FAUBOURG SAINT MARTIN;48,8811000000;2,3651660000
202100034103;16;6;2021;09:46;1;75;75110;2;1;1;3;QUAI DE VALMY;48,8758860000;2,3638480000
202100034108;16;6;2021;12:00;1;75;75107;2;1;1;3;RUE DUVIVIER;48,8575580000;2,3066730000
202100034114;16;6;2021;18:10;1;94;94033;2;5;1;3;Rue des 4 Ruelles;48,8558910000;2,4575260000
202100034115;6;6;2021;17:00;1;94;94033;2;2;1;2;Avenue Louison Bobet;48,8525740000;2,4907850000
202100034130;13;6;2021;13:15;1;92;92040;2;2;1;3;PONCEAU (DU);48,8206293711;2,2469602525
202100034143;15;6;2021;09:30;1;01;01143;2;1;1;3;390 Rue d ArbÃ¨re;46,3477740000;6,1281260000
202100034144;16;6;2021;14:45;1;22;22032;1;2;1;3;Recouvrance;48,2906350000; -2,2063370000
202100034150;15;6;2021;14:15;1;61;61232;1;4;7;7;Oissel Sud;48,6272180000; -0,6628810000
202100034177;14;6;2021;09:35;1;84;84026;1;3;1;1;Route de Pertuis;43,7225851687;5,3928709030
202100034186;16;6;2021;16:15;1;44;44205;1;1;1;1;D23;47,4362810000; -1,4597260000
202100034206;24;3;2021;11:20;1;85;85194;2;2;1;3;VENDEE GLOBE (BOULEVARD DU);46,4997100000; -1,7569200000
202100034220;15;6;2021;08:45;1;69;69381;2;3;1;3;SAINT VINCENT (Q);45,7684500000;4,8260200000
202100034221;15;6;2021;08:45;1;971;97101;2;6;1;3;ROUTE DES ABYMES;16,2392606524; -61,5238022804
202100034225;13;6;2021;15:24;1;87;87114;1;1;1;7;PUY MOULINIER - LIEU DIT;45,8576900000;1,3251000000
202100034237;14;6;2021;15:00;1;76;76351;2;1;1;6;VERDUN (RUE DE);49,5012849989;0,1492971182
202100034240;15;6;2021;08:20;1;67;67482;2;8;1;3;KOENIGSHOFFEN (RUE DE);48,5806400000;7,7273800000
202100034254;15;6;2021;09:20;1;61;61397;2;1;1;2;GENERAL LECLERC (RUE DU);48,4230300000;0,0641100000
202100034255;16;6;2021;00:22;5;59;59350;2;2;1;3;SOLFERINO RUE NÂ°1 - 159;50,6302530000;3,0566480000
202100034268;10;6;2021;17:25;1;41;41018;2;1;2;3;CAVALIER (RUE DU);47,6022100000;1,3351800000
202100034272;15;6;2021;18:25;1;35;35238;2;3;1;3;STRASBOURG (BOULEVARD DE);48,1116700000; -1,6561200000
202100034277;15;6;2021;20:20;1;30;30007;2;3;1;3;ONZE NOVEMBRE 1918 (QUAI DU);44,1276500000;4,0732300000
202100034283;29;5;2021;18:30;1;22;22278;2;1;1;2;NOMINOE;48,5188200000; -2,7807400000
202100034309;15;6;2021;14:50;1;75;75117;2;2;1;3;BOULEVARD DES BATIGNOLLES;48,8829860000;2,3241070000
202100034312;15;6;2021;08:10;1;75;75112;2;5;1;3;RUE ABEL;48,8458710000;2,3742940000
202100034313;14;6;2021;22:15;1;75;75104;2;1;1;1;QUAI DES CELESTINS;48,8522540000;2,3607310000
202100034315;14;6;2021;14:15;1;94;94068;2;1;1;3;MOULIN (R DU);48,7907400000;2,5065400000
202100034334;14;6;2021;20:10;1;92;92023;2;1;1;1;CHAMPAGNE (RUE);48,7860096890;2,2484676540
202100034339;16;6;2021;15:45;1;52;52331;1;1;1;2;chemin de maurupt;48,4964280000;4,7726370000
202100034346;16;6;2021;09:10;2;56;56204;2;1;7;1;La Ville Bretonne;47,9185140000; -2,7272920000
202100034356;15;6;2021;16:00;1;44;44087;2;6;1;3;Intersection D72-D95;46,9788910000; -1,8039890000
202100034360;15;6;2021;09:00;1;29;29158;2;1;1;2;Rue de la corniche;47,7969530000; -4,3563580000
202100034381;15;6;2021;16:30;1;44;44213;1;9;1;3;pont de varades D 752 PR 002.000;47,3699100000; -1,0158760000
202100034427;14;6;2021;12:00;1;75;75120;2;3;1;3;RUE DE MENILMONTANT;48,8692010000;2,3919170000
202100034430;14;6;2021;20:00;1;75;75117;2;1;1;6;RUE DE LA JONQUIERE;48,8935420000;2,3245570000
202100034433;14;6;2021;15:15;1;75;75107;2;1;1;6;QUAI VOLTAIRE;48,8588180000;2,3315040000
202100034438;14;6;2021;12:35;1;75;75111;2;4;1;3;AVENUE DE LA REPUBLIQUE;48,8659950000;2,3707120000
202100034441;14;6;2021;19:30;1;94;94052;2;2;1;3;Rue Jacques KablÃ©;48,8358000000;2,4886000000
202100034451;13;6;2021;11:25;1;92;92072;2;1;1;3;EUROPE (AVENUE DE L');48,8231579333;2,2096332908
202100034457;13;6;2021;11:00;1;29;29277;2;1;1;6;Streat Ar Skol;48,3736247958; -4,0208406937
202100034458;15;6;2021;08:00;1;37;37193;1;1;7;3;112 Route de Bourgueil;47,2809403228;0,2008770884
202100034465;15;6;2021;04:20;4;10;10276;2;9;1;2;Rue d Aix;48,2342100000;3,7215490000
202100034472;15;6;2021;08:00;1;89;89373;2;3;7;1;86 Grande Rue;48,2131520000;3,3485070000
202100034473;13;6;2021;08:45;1;56;56078;1;3;7;7;Route de Keranna;47,7954850000; -3,4652850000
202100034474;15;6;2021;19:15;1;76;76035;2;5;1;1;Rue de Normandie;49,7675300000;1,7527300000
202100034475;15;6;2021;14:30;1;65;65470;1;3;1;3;Route d Argeles;43,0625257868; -0,0429609418
202100034477;15;6;2021;10:45;1;71;71414;1;1;1;2;Route Saint-FerrÃ©ol;47,0096588416;4,2952944362
202100034498;15;6;2021;08:10;1;64;64317;1;1;1;4;D932;43,3840060000; -1,4444230000
202100034501;14;6;2021;08:55;1;16;16106;2;3;7;1;rue de Lesterps;46,0146120000;0,6755490000
202100034505;14;6;2021;13:30;1;27;27284;2;6;1;3;d10;49,2762260512;1,7545284071
202100034514;15;6;2021;06:15;2;45;45049;1;1;1;4;D88-PR 2 + 700;47,8567390000;2,3522560000
202100034520;15;6;2021;13:00;1;68;68359;1;1;1;7;RD 5.3;47,8401800000;7,1663050000
202100034521;15;6;2021;11:00;1;68;68287;2;4;7;7;Rue de Pfaffenheim;47,9639650000;7,2935490000
202100034524;14;6;2021;20:15;1;69;69211;2;9;1;3;D337;46,1207808147;4,7376072407
202100034525;11;6;2021;15:50;1;69;69227;1;1;1;2;D2;45,6279940000;4,5308090000
202100034553;13;6;2021;21:50;2;69;69387;2;2;1;3;GARIBALDI (R);45,7464500000;4,8499300000
202100034564;13;6;2021;11:45;1;72;72181;2;3;1;3;VOLTAIRE (RUE) NÂ° PAIRS 2 A 102;48,0126100000;0,1897200000
202100034567;13;6;2021;17:35;1;69;69029;2;3;1;2;FERDINAND BUISSON (AV);45,7386600000;4,9171600000
202100034572;13;6;2021;11:01;1;64;64129;2;6;1;3;BAYONNE DE;43,3048900000; -0,4013800000
202100034577;12;6;2021;09:25;1;51;51454;2;2;1;3;Avenue dâEpernay;49,2318900000;4,0141400000
202100034579;12;6;2021;23:00;5;45;45147;2;1;1;4;18 Rue Marc Sangnier;47,9213900000;1,9130100000
202100034580;13;6;2021;11:40;1;44;44109;2;1;1;3;BELLAMY ( RUE PAUL );47,2208700000; -1,5554140000
202100034588;13;6;2021;11:00;1;27;27554;1;1;1;3;COTES (RUE DES);49,1042200000;1,4331800000
202100034591;13;6;2021;10:44;1;15;15014;2;6;1;3;PUPILLES DE LA NATION (AVENUE DES);44,9233700000;2,4405500000
202100034597;12;6;2021;11:15;1;13;13207;2;1;1;3;CATALANS (RUE DES);43,2907500000;5,3560200000
202100034599;13;6;2021;09:40;1;09;09122;2;9;1;3;FAURE (COURS GABRIEL);42,9643560000;1,6104110000
202100034609;13;6;2021;14:15;1;75;75119;2;2;1;6;RUE RIQUET;48,8892510000;2,3712750000
202100034614;12;6;2021;21:00;1;75;75114;2;7;1;3;AVENUE DU GENERAL LECLERC;48,8279100000;2,3268670000
202100034626;13;6;2021;21:00;2;93;93048;2;2;1;3;Boulevard Jeanne dâArc / Rue de la SolidaritÃ©;48,8528300000;2,4446800000
202100034627;13;6;2021;09:30;1;93;93048;2;2;1;3;Rue de Rosny / Avenue Walwein;48,8618400000;2,4465500000
202100034636;13;6;2021;06:40;2;26;26140;1;1;1;2;145 Chemin de la Croix;45,1173740000;5,1014910000
202100034638;13;6;2021;10:35;1;73;73091;2;9;1;3;D914 - route du bord du lac;45,7951620000;5,8181620000
202100034639;10;6;2021;16:30;1;71;71047;1;1;1;2;D192;46,5956040000;3,7930110000
202100034649;13;6;2021;22:30;3;71;71398;1;1;1;1;route de chalon;46,7558825327;4,9558815832
202100034654;13;6;2021;09:05;1;79;79226;1;1;1;7;Chemin la Pierre de la Justice;46,5602190000; -0,4432510000
202100034656;12;6;2021;18:15;1;80;80686;1;3;1;3;pk 14 D11;50,0264870000;2,3902990000
202100034663;9;6;2021;16:36;1;44;44036;2;1;1;1;Rue du Faubourg Saint-Michel;47,7182590000; -1,3698400000
202100034665;13;6;2021;18:40;1;29;29175;1;1;1;7;Le Venec;48,2659550000; -3,8102070000
202100034667;14;6;2021;10:30;1;31;31085;1;1;1;1;d44;42,9176210000;0,7575850000
202100034669;12;6;2021;09:45;1;84;84084;1;1;1;6;pk 17 D27;43,7583286313;5,5068111427
202100034677;14;6;2021;14:40;1;50;50591;1;1;1;3;976;48,5255901218; -0,9197777511
202100034678;13;6;2021;10:15;1;07;07292;1;1;1;3;route dÃ©partementale 6;45,1657000000;4,6557350000
202100034691;14;6;2021;15:45;1;69;69027;2;6;1;3;PAUL BOVIER-LAPIERRE (R);45,6744440000;4,7604260000
202100034702;14;6;2021;11:15;1;81;81105;2;9;7;3;Avenue Jules Ferry;43,7657670000;1,9797170000
202100034703;13;6;2021;09:30;1;81;81039;1;1;1;3;D631;43,7547560000;1,9309760000
202100034734;12;6;2021;23:30;5;69;69383;2;2;1;3;FELIX FAURE (AV);45,7546587568;4,8675549030
202100034735;12;6;2021;20:50;2;69;69386;2;2;1;5;MOLIERE (R);45,7648100000;4,8427500000
202100034736;12;6;2021;20:45;2;69;69383;2;2;1;3;VILLEROY (R);45,7548586730;4,8499465503
202100034739;12;6;2021;12:30;1;69;69081;2;1;1;3;MARIETTON (R);45,7746635917;4,7938035429
202100034748;12;6;2021;09:30;1;64;64545;2;3;1;3;11 Rue Paul GÃ©los;43,3784640000; -1,6708229000
202100034766;12;6;2021;17:33;1;17;17300;2;6;1;3;BEAUREGARD   RUE DE;46,1675700000; -1,1398300000
202100034781;12;6;2021;11:25;1;75;75115;2;3;1;3;RUE LEBLANC;48,8366800000;2,2792880000
202100034783;12;6;2021;12:00;1;75;75113;2;2;1;3;BOULEVARD MASSENA;48,8189940000;2,3595320000
202100034786;12;6;2021;15:00;1;75;75111;2;2;1;3;RUE DES BOULETS;48,8504690000;2,3905940000
202100034789;12;6;2021;00:55;5;75;75109;2;1;1;1;RUE LA FAYETTE;48,8769760000;2,3481110000
202100034791;12;6;2021;08:29;1;75;75107;2;2;1;3;RUE DE L UNIVERSITE;48,8609650000;2,3149640000
202100034792;10;6;2021;12:50;1;75;75103;2;2;1;3;BOULEVARD DE SEBASTOPOL;48,8686630000;2,3538900000
202100034804;12;6;2021;21:40;1;93;93001;2;1;1;3;JEAN JAURES  (AVE)  157 A 213;48,9094000000;2,3982000000
202100034807;12;6;2021;15:30;1;92;92022;2;1;1;2;SALENGRO (AVENUE ROGER);48,8141067404;2,1926978230
202100034856;12;6;2021;17:10;1;53;53096;2;2;7;5;Boulevard du CollÃ¨ge;48,2987050000; -0,9334090000
202100034861;12;6;2021;16:30;1;27;27318;2;4;1;6;Rue des Canadiens;49,1914330000;0,7804480000
202100034890;12;6;2021;16:05;1;68;68171;1;1;1;7;D27;47,9423940000;6,9709430000
202100034934;10;6;2021;11:00;1;95;95323;2;2;1;3;ECANCOURT (BOULEVARD D');49,0110000000;2,0501400000
202100034936;10;6;2021;08:40;1;91;91103;2;6;9;3;MARYSE BASTIE (AVENUE);48,6027680000;2,3060400000
202100034942;11;6;2021;08:25;1;87;87075;1;1;1;1;D74;45,7952600000;1,2017200000
202100034943;9;6;2021;15:01;1;87;87085;2;2;1;3;GAMBETTA (BOULEVARD);45,8285800000;1,2561600000
202100034964;8;6;2021;12:10;1;69;69266;2;4;1;3;4 AOUT 1789  (R);45,7662081957;4,9016216397
202100034969;10;6;2021;08:18;1;67;67482;2;3;1;3;MEINAU (ROUTE DE LA);48,5531860000;7,7469960000
202100034971;11;6;2021;07:57;1;65;65440;2;9;1;3;ALSACE LORRAINE (AVENUE);43,2395940000;0,0738250000
202100034975;11;6;2021;08:50;1;64;64024;2;3;1;3;BARRE (PROMENADE DE LA);43,4989200000; -1,5276300000
202100034991;10;6;2021;19:25;1;56;56121;2;1;1;3;CHOISEUL (AVE. DE);47,7530400000; -3,3541800000
202100034992;10;6;2021;10:55;1;56;56121;2;1;1;3;DE GAULLE ( AVE DU GENERAL );47,7399500000; -3,3772100000
202100034995;11;6;2021;17:30;1;51;51454;2;1;1;3;Rue Robert Sayen;49,2117800000;4,0264700000
202100034998;10;6;2021;15:05;1;49;49328;2;1;1;3;FUSILLES (AVENUE DES) N 147;47,2796900000; -0,0556000000
202100035003;10;6;2021;19:41;1;49;49007;2;1;1;3;GAULLE BOULEVARD CHARLES DE;47,4696500000; -0,5615200000
202100035005;11;6;2021;23:20;5;44;44109;2;1;1;3;STRASBOURG ( RUE DE );47,2164200000; -1,5516200000
202100035009;9;6;2021;10:00;1;37;37214;2;1;1;7;PORTILLON (QUAI);47,4005096959;0,6802377105
202100035019;9;6;2021;20:40;2;31;31555;2;1;1;3;AV DE RANGUEIL;43,5743472127;1,4576638038
202100035022;9;6;2021;14:00;1;29;29019;2;6;1;3;Rue du Huit Mai 1945;48,4125000000; -4,4756000000
202100035025;9;6;2021;17:13;1;17;17306;2;6;1;2;ROCHEFORT (DE)  (AVENUE);45,6389100000; -1,0250900000
202100035045;11;6;2021;08:43;1;06;06069;1;6;1;2;PAOUTE (ROUTE ET TRAVERSE DE LA);43,6316580000;6,9574960000
202100035052;10;6;2021;15:01;1;75;75115;2;2;1;3;BOULEVARD LEFEBVRE;48,8309150000;2,2923260000
202100035054;11;6;2021;09:37;1;75;75105;2;2;1;3;BOULEVARD SAINT MICHEL;48,8416580000;2,3377920000
202100035057;11;6;2021;09:00;1;75;75119;2;4;1;1;RUE DE L OURCQ;48,8935550000;2,3760220000
202100035062;10;6;2021;11:55;1;75;75116;2;2;1;3;AVENUE DE SAINT CLOUD;48,8625470000;2,2643320000
202100035063;11;6;2021;08:30;1;75;75115;2;3;1;6;RUE DES MORILLONS;48,8337920000;2,2978440000
202100035067;11;6;2021;15:00;1;75;75109;2;1;1;6;RUE DE ROCHECHOUART;48,8790600000;2,3455470000
202100035070;11;6;2021;19:05;1;75;75107;2;3;1;7;QUAI D ORSAY;48,8623870000;2,3092410000
202100035075;10;6;2021;19:10;1;94;94058;2;2;1;3;ALSACE LORRAINE (BD D);48,8491910000;2,4960960000
202100035079;11;6;2021;20:30;1;94;94028;2;6;1;3;POMPADOUR(CARREFOUR);48,7741600000;2,4396400000
202100035083;11;6;2021;18:00;1;93;93039;2;1;1;3;SEINE (QUAI DE );48,9370600000;2,3425600000
202100035087;11;6;2021;13:00;1;93;93048;2;2;1;3;Avenue Pasteur / Rue des Lilas;48,8693400000;2,4324500000
202100035101;9;6;2021;20:00;2;14;14207;2;1;1;1;Rue du BelvÃ©dÃ¨re;48,9971350000; -0,4476820000
202100035154;11;6;2021;20:20;5;971;97116;2;3;1;1;Route nationale 5, BosrÃ©don;16,3103270000; -61,4876510000
202100035173;10;6;2021;17:15;1;33;33080;2;3;1;3;Rue des Marguerites;44,7248870000; -0,5268450000
202100035209;9;6;2021;12:15;1;988;98818;2;1;1;2;PROMENADE PIERRE VERNIER; -22,2874800000;166,4575700000