Num_Acc;jour;mois;an;hrmn;lum;dep;com;agg;int;atm;col;adr;lat;long
202100035213;10;6;2021;22:40;5;69;69388;2;2;1;3;ALBERT THOMAS (CR);45,7455500000;4,8712100000
202100035214;10;6;2021;19:00;1;69;69387;2;2;1;3;VIENNE (DE) (RTE);45,7424642150;4,8506543040
202100035218;10;6;2021;20:05;1;69;69382;2;7;1;1;BELLECOUR (PL);45,7587800000;4,8309100000
202100035222;10;6;2021;20:20;1;95;95637;2;1;1;1;MENDâ¬S FRANCE (MAIL);49,0235340000;2,0251780000
202100035238;9;6;2021;18:00;1;79;79191;2;6;1;3;Rue de Ribray;46,3230600000; -0,4674100000
202100035242;10;6;2021;17:45;1;74;74012;2;1;1;3;TOURNELLES (RUE DES);46,1972900000;6,2426500000
202100035244;9;6;2021;16:20;1;72;72003;2;1;1;6;ARGENTON (RUE D');47,9650000000;0,1536000000
202100035246;10;6;2021;18:50;1;69;69266;2;3;7;1;EMILE ZOLA (CR);45,7691844140;4,8814272881
202100035254;9;6;2021;10:47;1;56;56260;2;6;1;3;CLISCOUET (GIRATOIRE);47,6399200000; -2,7693000000
202100035260;9;6;2021;13:30;1;44;44109;2;1;1;3;BOULEVARD MARTIN LUTHER KING;47,2595400000; -1,5573600000
202100035268;9;6;2021;21:00;2;33;33249;2;6;1;3;Avenue de Paris;44,8796400000; -0,5115400000
202100035275;8;6;2021;07:08;1;29;29019;2;1;1;3;Rue Alain Colas;48,3908700000; -4,4446600000
202100035276;9;6;2021;12:15;1;29;29019;2;7;8;3;Place de la LibertÃ©;48,3902000000; -4,4856000000
202100035281;9;6;2021;12:20;1;17;17461;2;2;1;1;DE GAULLE (BOULEVARD DU GAL);45,6478820000; -1,0612690000
202100035289;10;6;2021;11:00;1;13;13208;2;6;1;3;PIERRE GUERRE (ROND-POINT);43,2505040214;5,3891343981
202100035300;10;6;2021;19:20;1;75;75120;2;1;1;3;RUE D AVRON;48,8519920000;2,4021340000
202100035304;10;6;2021;09:14;1;75;75119;2;2;1;3;RUE DE MEAUX;48,8812590000;2,3732510000
202100035310;9;6;2021;11:00;1;75;75116;2;1;1;2;ROUTE DES TRIBUNES;48,8575930000;2,2286510000
202100035311;10;6;2021;21:30;2;75;75115;2;1;1;7;QUAI ANDRE CITROEN;48,8436510000;2,2746000000
202100035314;9;6;2021;13:15;1;75;75114;2;1;1;6;BOULEVARD SAINT JACQUES;48,8329040000;2,3364740000
202100035320;10;6;2021;20:28;2;75;75110;2;2;1;3;RUE DE CHABROL;48,8773590000;2,3496320000
202100035325;10;6;2021;09:49;1;75;75108;2;1;1;3;COURS ALBERT 1ER;48,8642670000;2,3030350000
202100035327;9;6;2021;23:40;5;75;75108;2;7;1;3;PLACE DE LA CONCORDE;48,8667950000;2,3220740000
202100035328;9;6;2021;23:33;5;75;75108;2;2;1;3;BOULEVARD DES BATIGNOLLES;48,8822200000;2,3203890000
202100035330;10;6;2021;10:50;1;75;75102;2;5;1;1;RUE DE CLERY;48,8673480000;2,3440040000
202100035331;9;6;2021;18:00;1;75;75104;2;2;1;3;RUE DU PONT LOUIS PHILIPPE;48,8558170000;2,3563600000
202100035332;9;6;2021;11:30;1;94;94081;2;1;1;3;JULES GUESDE (QU);48,8000000000;2,4100000000
202100035333;10;6;2021;11:20;1;94;94078;2;1;1;6;HENRI JANIN (R);48,7301700000;2,4483800000
202100035334;9;6;2021;18:12;1;94;94068;2;9;1;1;Rue du Pont de CrÃ©teil;48,8072500000;2,4712900000
202100035350;9;6;2021;14:10;1;92;92049;2;3;1;1;REPUBLIQUE AVENUE DE LA NÂ°2 A 90;48,8185068839;2,3196333647
202100035351;10;6;2021;19:45;1;92;92048;2;2;1;3;GARDES (ROUTE DES) NÂ° 5 A 51;48,8188247793;2,2346502542
202100035364;9;6;2021;17:00;1;71;71490;1;1;2;7;Route de Gueugnon;46,5436020000;4,1113970000
202100035368;10;6;2021;16:15;1;46;46021;1;1;1;5;D19;44,5813280000;1,9577340000
202100035375;11;6;2021;14:30;1;29;29228;1;1;1;3;Route de la Pointe du Raz;48,0297680000; -4,5978860000
202100035382;31;5;2021;09:30;1;45;45175;1;1;1;2;D7-PR 0+850;47,7555480000;1,8266940000
202100035389;11;6;2021;10:00;1;28;28071;1;1;1;7;D941;48,4106340000;1,0659600000
202100035407;11;6;2021;20:00;1;84;84119;1;1;1;2;Route de Pernes;43,9598350000;4,9411650000
202100035447;9;6;2021;17:30;2;988;98818;2;1;1;3;PROMENADE ROGER LAROQUE/PARKING HAUTEUR PISCINE MUNICIPALE; -22,3075600000;166,4501700000
202100035453;9;6;2021;15:45;1;69;69383;2;2;1;3;GAMBETTA (CR);45,7562644102;4,8403546214
202100035472;8;6;2021;16:30;1;67;67482;2;1;1;3;ROMAINS (ROUTE DES);48,5794600000;7,7106800000
202100035474;6;6;2021;16:20;1;67;67482;2;1;1;1;REMBRANDT (RUE);48,5661000000;7,7216700000
202100035478;8;6;2021;20:30;1;66;66136;2;1;1;3;ESCARGUEL (COURS LAZARE);42,6986600000;2,8873200000
202100035485;9;6;2021;07:49;1;63;63113;2;3;1;3;GRANDE BRETAGNE (AVENUE DE);45,7775300000;3,0952600000
202100035491;9;6;2021;17:12;1;51;51058;1;2;1;1;Route des Mesneux;49,2219700000;3,9840700000
202100035492;9;6;2021;15:05;1;51;51454;2;2;1;1;Boulevard General Leclerc;49,2572200000;4,0256300000
202100035493;8;6;2021;18:10;1;50;50129;2;1;1;3;VINGT CINQUIEME DE LIGNE (AVENUE DU);49,6448000000; -1,6346600000
202100035496;7;6;2021;17:12;1;49;49007;2;2;1;3;ARBRISSEL;47,4442500000; -0,5517500000
202100035501;2;6;2021;15:24;1;39;39198;2;1;1;3;28 Avenue de Northwich;47,0966740000;5,4975010000
202100035506;1;6;2021;17:20;1;34;34108;2;1;1;3;JAURES JEAN (AVENUE);43,4257718675;3,7311324477
202100035511;9;6;2021;19:15;1;25;25056;2;1;1;3;JOUCHOUX RUE AUGUSTE;47,2368700000;5,9884700000
202100035512;9;6;2021;09:15;1;25;25056;2;2;1;3;LAVOISIER RUE;47,2356300000;5,9825800000
202100035518;9;6;2021;18:00;1;13;13208;2;1;1;3;JULES CANTINI (AVENUE);43,2828908524;5,3892633319
202100035525;9;6;2021;08:44;1;07;07102;2;2;1;3;Avenue Georges CLEMENCEAU;44,9330900000;4,8630200000
202100035536;9;6;2021;16:10;1;75;75118;2;1;1;3;BOULEVARD NEY;48,8984480000;2,3662880000
202100035538;8;6;2021;21:45;5;75;75117;2;3;1;2;RUE JOUFFROY D ABBANS;48,8820500000;2,3010600000
202100035543;9;6;2021;18:30;1;75;75111;2;4;1;3;AVENUE DE LA REPUBLIQUE;48,8658500000;2,3715750000
202100035549;9;6;2021;19:30;1;75;75107;2;3;1;3;QUAI BRANLY;48,8574350000;2,2911050000
202100035550;9;6;2021;17:30;1;75;75107;2;1;1;7;QUAI D ORSAY;48,8628520000;2,3128410000
202100035552;9;6;2021;16:38;1;75;75104;2;1;7;6;RUE DE RIVOLI;48,8552680000;2,3608850000
202100035553;9;6;2021;14:00;1;75;75104;2;1;1;6;RUE DE RIVOLI;48,8552680000;2,3608850000
202100035554;8;6;2021;09:55;1;75;75103;2;2;1;3;RUE DE TURBIGO;48,8654590000;2,3561170000
202100035555;8;6;2021;18:10;1;94;94068;2;1;1;1;PETIT PARC (QU DU);48,8122100000;2,4853200000
202100035574;9;6;2021;14:46;1;92;92062;2;3;1;3;DE DION BOUTON (QUAI) DU 29 AU 65;48,8855351858;2,2514207661
202100035577;5;6;2021;20:50;1;92;92020;2;1;1;1;PARIS AVENUE DE NÂ° IMPAIRS;48,8074100000;2,2943400000
202100035579;9;6;2021;13:10;1;92;92044;2;2;1;6;ALSACE (RUE) NÂ°1 A 17 ET 2 A 18;48,8909592371;2,2947800159
202100035597;9;6;2021;10:45;1;51;51582;2;1;1;7;Grande Rue Saint Nicolas;49,2978240716;3,8950003128
202100035600;9;6;2021;17:15;1;80;80811;2;1;1;1;Rue du Haut;49,7714980000;2,9839200000
202100035602;9;6;2021;17:00;1;12;12052;1;1;1;7;D646;44,5496370000;2,0441010000
202100035609;10;6;2021;16:11;1;02;02820;1;2;7;3;intersection D1 / D429;49,6246540000;3,2713080000
202100035615;8;6;2021;14:25;1;45;45008;1;1;1;3;relais des muids, route nationale 20;48,0578570000;1,8760980000
202100035619;10;6;2021;16:48;1;53;53062;2;3;1;3;Chemin du Moulinet;47,8282180000; -0,7233270000
202100035620;8;6;2021;18:57;1;24;24009;1;1;1;7;lieu dit fontanelle;45,3199950000;1,1209100000
202100035621;8;6;2021;14:45;1;27;27693;2;3;1;3;4 Rue du Sacq;48,8947580000;1,0765640000
202100035638;10;6;2021;00:05;3;85;85083;2;1;1;6;D38;46,9842800000; -2,2724100000
202100035674;7;6;2021;18:00;1;95;95014;2;1;1;2;DOCTEUR SCHWEITZER  RUE DU;48,9967665625;2,2991895676
202100035681;6;6;2021;12:03;1;87;87050;2;1;1;6;LIMOGES (AVENUE DE);45,8764400000;1,2378100000
202100035686;7;6;2021;07:40;1;82;82121;2;3;1;3;ARDUS (AVENUE D');44,0379790000;1,3569350000
202100035692;8;6;2021;11:30;1;69;69290;2;9;1;3;ANATOLE FRANCE (R);45,6924416137;4,9337893724
202100035697;8;6;2021;08:40;1;65;65440;2;1;1;6;FORGES (AVENUE DES);43,2411720000;0,0782780000
202100035716;8;6;2021;17:10;1;35;35278;2;9;1;3;Rond point d'Uttenreuth;48,1584883248; -1,6872335225
202100035717;8;6;2021;08:20;1;35;35238;2;1;1;3;SAINT-CAST (QUAI);48,1108800000; -1,6858800000
202100035719;8;6;2021;10:00;1;33;33063;2;1;1;3;Rue Turenne;44,8487300000; -0,5926500000
202100035732;1;6;2021;17:00;1;22;22278;2;1;1;3;GARE (DE LA);48,5112060000; -2,7626490000
202100035737;7;6;2021;16:55;1;13;13028;2;1;1;3;ROVARCH (AVENUE PIERRE);43,1714600000;5,6058500000
202100035746;8;6;2021;17:55;1;75;75120;2;1;1;3;RUE DES PYRENEES;48,8718310000;2,3920470000
202100035749;8;6;2021;10:20;1;75;75120;2;2;1;3;AVENUE GAMBETTA;48,8649640000;2,3955370000
202100035751;8;6;2021;13:40;1;75;75118;2;3;1;6;RUE EUGENE CARRIERE;48,8924230000;2,3336070000
202100035758;8;6;2021;10:00;1;75;75112;2;2;1;3;BOULEVARD DIDEROT;48,8454980000;2,3712610000
202100035759;8;6;2021;17:40;1;75;75111;2;1;1;3;RUE DURANTI;48,8607563284;2,3842786252
202100035760;8;6;2021;12:34;1;75;75110;2;3;1;3;RUE DU FAUBOURG SAINT DENIS;48,8715730000;2,3536250000
202100035762;8;6;2021;09:30;1;75;75103;2;4;1;7;RUE DE TURBIGO;48,8663040000;2,3598050000
202100035763;7;6;2021;18:50;1;75;75103;2;1;1;1;BOULEVARD SAINT MARTIN;48,8680850000;2,3614530000
202100035772;7;6;2021;16:05;1;93;93050;2;1;1;3;Rue Martyrs de la Deportation;48,8564000000;2,5263100000
202100035781;7;6;2021;07:50;1;92;92050;2;1;1;3;HAVRE BOULEVARD DU;48,9198640620;2,2213089466
202100035783;8;6;2021;08:00;1;92;92048;2;1;1;2;JEAN JAURES (AVENUE) NÂ° 8 A 72;48,8121626842;2,2455775738
202100035805;8;6;2021;17:00;1;67;67066;2;3;1;3;Rue de la Gare;48,4783398570;7,2149464488
202100035806;7;6;2021;17:00;1;79;79202;2;1;1;3;7 Rue de lâYser;46,6390800000; -0,2409320000
202100035811;9;6;2021;08:00;1;42;42313;2;4;1;2;Route du Gros Pin;45,7266305789;4,0198681486
202100035813;8;6;2021;14:11;1;22;22365;1;1;1;3;Milin Coz Saint Georges;48,3376810026; -3,2685184479
202100035834;9;6;2021;09:00;1;83;83042;1;1;1;1;N 98;43,2452460000;6,5341030000
202100035835;9;6;2021;08:15;1;83;83068;1;1;1;2;RD 14;43,2696870000;6,5415000000
202100035837;8;6;2021;16:20;1;67;67131;2;3;1;3;Rue du Tramway;48,4815880000;7,7245260000
202100035838;8;6;2021;17:00;1;63;63263;2;1;1;7;D559 - route de durtol;45,8068051489;3,0133575544
202100035839;8;6;2021;18:00;1;69;69204;2;2;1;3;8 MAI 1945 (DU) (AV);45,6980120000;4,7946310000
202100035840;8;6;2021;17:45;1;81;81140;2;6;1;3;Route de Belcastel;43,6916920000;1,8003420000
202100035863;7;6;2021;19:00;1;79;79191;2;1;1;7;59 Rue Victor Hugo;46,3244300000; -0,4616900000
202100035869;6;6;2021;10:35;1;69;69387;2;1;1;3;GAMBETTA (CR);45,7546500000;4,8447400000
202100035870;6;6;2021;08:30;1;972;97213;1;1;1;5;ROUTE NATIONALE 1;14,6497800000; -60,9749000000
202100035885;5;6;2021;20:38;2;76;76351;2;1;1;6;ALBERT 1ER;49,4970641698;0,0925831497
202100035889;6;6;2021;22:59;3;67;67180;1;1;1;2;RD 1062;48,8289700000;7,7521300000
202100035892;19;4;2021;07:50;1;65;65440;2;6;1;3;FERRE (PLACE);43,2284500000;0,0758300000
202100035895;5;6;2021;14:57;1;63;63113;2;1;1;2;RECLUS (AVENUE ELISEE);45,7841300000;3,1429600000
202100035901;7;6;2021;07:15;1;59;59599;2;6;1;1;BETHUNE (RUE DE);50,7248360000;3,1323410000
202100035913;4;6;2021;20:10;1;44;44143;2;6;1;3;BOULEVARD LE CORBUSIER;47,1891000000; -1,5703300000
202100035915;7;6;2021;18:17;1;35;35238;2;1;1;3;BOURGEOIS (BOULEVARD LEON);48,0994600000; -1,6518300000
202100035932;7;6;2021;09:40;1;10;10343;2;6;7;3;CANAL (RUE DU);48,2721220000;4,0908570000
202100035940;7;6;2021;20:50;1;75;75105;2;4;1;1;BOULEVARD DE L HOPITAL;48,8431830000;2,3642690000
202100035941;7;6;2021;18:40;1;75;75120;2;2;1;6;RUE D AVRON;48,8518510000;2,4013820000
202100035942;7;6;2021;18:30;1;75;75119;2;3;1;3;BOULEVARD MACDONALD;48,8987780000;2,3741410000
202100035943;7;6;2021;14:30;1;75;75118;2;2;1;2;AVENUE DE LA PORTE DE MONTMARTRE;48,8991510000;2,3362640000
202100035947;7;6;2021;13:20;1;75;75111;2;1;1;3;BOULEVARD BEAUMARCHAIS;48,8583180000;2,3678980000
202100035949;7;6;2021;18:55;1;75;75114;2;1;1;3;RUE D ALESIA;48,8279950000;2,3262710000
202100035952;7;6;2021;16:45;1;94;94067;2;3;1;3;Avenue du GÃ©nÃ©ral de Gaulle;48,8350330000;2,4197830000
202100035954;7;6;2021;18:05;1;94;94042;2;9;1;3;Boulevard du MarÃ©chal Leclerc;48,8130060000;2,4684330000
202100035955;7;6;2021;18:30;1;94;94011;2;6;1;3;Route de lâOuest;48,7802700000;2,4760900000
202100035963;7;6;2021;18:10;1;93;93007;2;1;1;3;JACQUES DECOUR (SQUARE);48,9212300000;2,4753900000
202100035969;7;6;2021;08:15;1;92;92044;2;2;1;6;VIC. HUGO(RUE)091A113 ET 112A146;48,8959113116;2,2964617610
202100035975;7;6;2021;14:10;1;22;22234;1;1;1;7;st ignace;48,5059220000; -2,8952940000
202100035978;31;5;2021;18:30;4;974;97414;2;2;1;3;Rue Saint-Louis; -21,2878500000;55,4128400000
202100035985;8;6;2021;09:30;1;51;51030;2;3;1;1;Route d Epernay;49,0466340000;4,0899240000
202100035987;5;6;2021;16:45;1;76;76195;1;1;1;7;D479;49,7925700000;0,5567500000
202100036009;6;6;2021;11:20;1;53;53007;2;1;1;2;RD 32;48,0876440000; -0,6363430000
202100036027;29;5;2021;10:30;1;67;67442;2;1;1;3;18a Rue du ChÃ¢teau;48,5940200000;7,4965020000
202100036029;7;6;2021;18:45;1;64;64422;2;1;1;6;Rue LÃ©on Jouhaux;43,1989660000; -0,6120690000
202100036034;7;6;2021;16:30;1;35;35287;2;1;1;3;Rue de la Cote du Tertre;48,6312990000; -2,0997730000
202100036037;7;6;2021;13:00;1;59;59181;1;3;1;3;Route de Sars - Poteries;50,1751040000;3,9548550000
202100036064;6;6;2021;14:30;1;59;59350;2;9;1;1;LAMBRET OSCAR AVENUE;50,6144080000;3,0358570000
202100036066;6;6;2021;22:00;5;44;44109;2;1;1;3;ALLEE BACO;47,2154800000; -1,5463700000
202100036070;6;6;2021;10:20;1;32;32013;1;1;1;7;BALENT (CHEMIN DU);43,6477700000;0,6262600000
202100036073;6;6;2021;10:30;1;26;26198;2;1;1;3;Boulevard de lâEurope;44,5486630000;4,7567150000
202100036076;6;6;2021;16:30;1;13;13203;2;1;1;3;MIRABEAU (BOULEVARD);43,3139721491;5,3685856175
202100036077;6;6;2021;13:30;1;13;13207;2;1;1;1;Corniche John FitzgÃ©rald Kennedy;43,2739600000;5,3624200000
202100036093;6;6;2021;10:28;1;75;75116;2;1;1;4;ROUTE DES TRIBUNES;48,8606090000;2,2298510000
202100036096;6;6;2021;18:30;1;75;75113;2;1;1;3;PONT CHARLES DE GAULLE;48,8425400000;2,3690760000
202100036097;5;6;2021;21:49;5;75;75113;2;2;1;3;AVENUE D ITALIE;48,8261730000;2,3572750000
202100036098;6;6;2021;17:45;1;75;75111;2;4;1;3;AVENUE PHILIPPE AUGUSTE;48,8583290000;2,3897000000
202100036103;6;6;2021;19:10;1;75;75102;2;2;1;3;BOULEVARD DE SEBASTOPOL;48,8686680000;2,3538930000
202100036119;7;6;2021;10:20;1;26;26031;1;6;1;3;Route de MontÃ©limar;44,5551960000;4,8515260000
202100036127;6;6;2021;11:45;1;59;59326;1;1;1;6;34 Chemin Departemental 947;50,9474806525;2,5896546000
202100036134;6;6;2021;11:50;1;82;82031;2;2;1;3;3 chemin de Ronde;44,0286097031;1,0405482352
202100036136;5;6;2021;14:30;1;61;61075;1;1;1;7;Landisson;48,4640040000; -0,6416860000
202100036139;6;6;2021;10:50;1;44;44129;2;3;1;3;Place de l Eglise;47,4378010000; -2,0881370000
202100036142;6;6;2021;10:00;1;29;29218;1;1;1;4;Lieu Dit Lesverrien;48,0460740000; -4,5229880000
202100036145;6;6;2021;17:40;1;03;03021;2;1;8;7;Les Bignards;46,1183320000;3,1201390000
202100036163;31;5;2021;12:35;1;24;24150;1;1;1;1;Les Barges;44,7426400000;1,1877190000
202100036177;5;6;2021;21:30;2;68;68342;2;9;1;3;Rue du Bourg;47,8194800000;7,1772370000
202100036220;5;6;2021;14:15;1;69;69383;2;1;1;1;LAFAYETTE (CR);45,7636148237;4,8571720719
202100036223;5;6;2021;08:05;1;69;69034;2;3;2;3;FORTS (DES) (MO);45,7941825391;4,8327130079
202100036239;4;6;2021;14:20;1;54;54329;2;1;1;2;RUE DE LA POLOGNE;48,5807400000;6,5101200000
202100036240;5;6;2021;08:10;1;51;51454;2;6;1;3;Avenue Paul Marchandeau;49,2421900000;4,0245600000
202100036264;5;6;2021;19:00;1;75;75119;2;1;1;3;BOULEVARD MACDONALD;48,8988210000;2,3729390000
202100036265;5;6;2021;12:20;1;75;75119;2;3;8;3;RUE MANIN;48,8816970000;2,3810830000
202100036266;5;6;2021;20:30;1;75;75115;2;4;1;3;BOULEVARD GARIBALDI;48,8454800000;2,3095780000
202100036268;5;6;2021;17:50;1;75;75111;2;1;1;3;AVENUE PHILIPPE AUGUSTE;48,8528280000;2,3931640000
202100036285;5;6;2021;22:05;5;92;92044;2;1;1;3;VIC. HUGO(RUE)001A067 ET002A078;48,8936367110;2,2993470648
202100036300;5;6;2021;15:21;1;79;79163;2;3;1;3;Rue des Anciens Artisans;46,1535900000;0,0822420000
202100036306;13;5;2021;09:25;1;56;56027;1;2;1;5;Maigris;47,9231510000; -2,6760186000
202100036325;6;6;2021;10:00;1;06;06041;1;1;1;6;Route de Grasse;43,7700710000;6,9720270000
202100036368;4;6;2021;22:00;5;69;69388;2;8;2;3;CHALLEMEL LACOUR (R);45,7293800000;4,8505700000
202100036370;4;6;2021;19:35;1;69;69383;2;1;1;3;FREDERIC MISTRAL (R);45,7572600000;4,8763800000
202100036397;3;6;2021;18:00;1;67;67482;2;1;1;3;MONTAGNE VERTE (RUE DE LA);48,5699280000;7,7275360000
202100036407;3;6;2021;14:06;1;56;56121;2;4;1;3;METAYER (RUE JOSEPH);47,7568400000; -3,3716300000
202100036408;3;6;2021;08:23;1;56;56083;2;3;1;3;Avenue Salvador Allende;47,8053700000; -3,2607500000
202100036422;1;6;2021;15:10;1;49;49007;2;1;1;7;HARAS ALLEE ET RUE;47,4650100000; -0,5491900000
202100036424;3;6;2021;17:05;1;49;49007;2;1;1;6;ALLONNEAU(AUGUSTE) BOULEVARD;47,4840000000; -0,5269000000
202100036426;4;6;2021;17:20;1;38;38185;2;3;1;1;RUE MAURICE DODERO;45,1646800000;5,7304700000
202100036427;4;6;2021;12:10;1;38;38185;2;1;1;3;JEAN PERROT (AVENUE);45,1820800000;5,7340500000
202100036429;4;6;2021;15:09;1;37;37261;1;1;2;6;MAGINOT (AV. ANDRE);47,4137300000;0,6867100000
202100036431;4;6;2021;19:00;1;35;35238;2;6;7;3;CHATILLON (DE);48,0998900000; -1,6722000000
202100036436;4;6;2021;07:28;1;31;31555;2;1;1;3;AV DE CASTRES;43,5959300000;1,4851600000
202100036469;4;6;2021;14:15;1;75;75115;2;3;8;3;AVENUE DE LA MOTTE PICQUET;48,8495320000;2,2985400000
202100036484;4;6;2021;11:05;1;93;93055;2;9;1;6;EDOUARD VAILLANT DU 1 A FIN.;48,9020090000;2,3935850000
202100036487;4;6;2021;10:40;1;93;93048;2;1;1;1;GABRIEL PERI (AVENUE);48,8575400000;2,4395830000
202100036491;4;6;2021;19:00;1;92;92062;2;1;1;3;JAURES (RUE JEAN) DU 114 AU 2;48,8827021119;2,2405084611
202100036494;3;6;2021;17:30;1;92;92060;2;9;1;3;GALILEE (AVENUE);48,7739700000;2,2448800000
202100036495;4;6;2021;12:30;1;92;92012;2;2;8;6;ANDRE MORIZET (AVENUE) 1/47 - 2/52;48,8350111549;2,2412806749
202100036497;5;6;2021;09:30;1;95;95313;2;1;1;3;Avenue de Paris;49,1114577856;2,2217327356
202100036498;5;6;2021;19:30;1;95;95487;2;1;1;3;Rue Gambetta;49,1489350000;2,2690420000
202100036505;4;6;2021;13:20;1;06;06033;1;1;1;1;1104 Route de GattiÃ¨res;43,7841780000;7,1772290000
202100036506;1;6;2021;14:45;1;74;74180;2;1;1;6;56 R du Veret;46,3520450000;6,2985780000
202100036513;4;6;2021;16:50;1;38;38167;2;1;1;1;Route du Pilon;45,4677860000;5,3213630000
202100036539;4;6;2021;08:15;1;2B;2B042;2;1;1;3;Avenue de Borgo;42,5577000000;9,4414720000
202100036542;4;6;2021;14:10;1;89;89257;1;4;1;1;D377;47,9583370000;3,5040650000
202100036594;1;6;2021;18:25;1;74;74010;2;9;1;6;FRANCE (AVENUE)(SECTEUR 310);45,9172000000;6,1328000000
202100036599;2;6;2021;22:00;5;67;67482;2;3;1;3;ROMAINS (ROUTE DES);48,5800500000;7,6971700000
202100036600;2;6;2021;16:50;1;67;67482;2;1;1;1;DOME (RUE DU);48,5835000000;7,7501900000
202100036609;2;6;2021;07:02;1;49;49015;2;1;2;1;MENDES FRANCE AVENUE PIERRE;47,4936700000; -0,5761000000
202100036612;3;6;2021;11:00;1;44;44109;2;1;1;3;COURS JOHN KENNEDY;47,2153100000; -1,5477900000
202100036615;1;6;2021;10:45;1;42;42183;2;9;1;3;Rue de la BÃ©raudiÃ¨re;45,4144023094;4,3752567619
202100036616;2;6;2021;08:45;1;37;37261;2;2;2;6;NATIONALE (RUE);47,3929303241;0,6876774878
202100036636;2;6;2021;15:21;1;10;10387;2;1;1;1;QUATORZE JUILLET (RUE DU);48,2948600000;4,0801100000
202100036645;3;6;2021;12:50;1;75;75117;2;3;1;6;AVENUE DE CLICHY;48,8849370000;2,3267550000
202100036653;3;6;2021;21:40;2;94;94017;2;6;1;1;MAURICE THOREZ (AV);48,8115200000;2,5366100000
202100036654;3;6;2021;12:00;1;94;94002;2;1;1;3;VERON (R);48,8009300000;2,4223100000
202100036662;3;6;2021;13:15;1;93;93048;2;1;1;3;Rue du Docteur Calmette;48,8673930000;2,4401410000
202100036671;3;6;2021;07:10;1;92;92012;2;2;1;3;POINT DU JOUR (QUAI DU);48,8281505782;2,2537026554
202100036679;3;6;2021;13:00;1;2A;2A024;1;1;1;6;D69;41,7751840000;9,0893840000
202100036685;4;6;2021;10:00;1;04;04102;1;1;1;6;RD 954 - CimetiÃ¨re Village noyÃ© de l'Ubaye;44,4635790000;6,3621700000
202100036686;29;5;2021;14:35;1;51;51009;2;1;1;7;Promenade de l'Aube;48,5824520000;3,8118050000
202100036688;31;5;2021;14:15;1;56;56204;2;2;1;3;D11;47,9190530000; -2,7206400000
202100036697;3;6;2021;19:00;1;03;03293;2;2;1;3;RD 2144;46,6267770000;2,5895170000
202100036710;4;6;2021;18:30;1;33;33005;2;6;1;3;giratoire D215/ D3E8;44,7526990000; -1,0782320000
202100036711;4;6;2021;15:00;1;91;91461;2;2;1;3;Avenue d'Ãgly;48,5859570000;2,2211210000
202100036718;2;6;2021;18:00;1;67;67028;2;1;1;3;26 Rue EugÃ¨ne Dischert;48,3662650000;7,5905120000
202100036763;1;6;2021;19:00;1;69;69385;2;1;1;7;CHEMIN NEUF (DU)                    (MO);45,7594000000;4,8242000000
202100036768;2;6;2021;17:15;1;90;90010;2;1;3;3;ANCIEN THEATRE (RUE DE L');47,6374600000;6,8627600000
202100036770;1;6;2021;18:55;1;83;83126;2;9;2;6;ANCIENS COMBATANTS D'INDOCHINE (AV DES);43,1054200000;5,8565040000
202100036783;2;6;2021;08:50;1;64;64024;2;6;1;3;BUTTE AUX CAILLES (ROND POINT DE LA);43,4969400000; -1,5097500000
202100036789;1;6;2021;15:50;1;59;59560;2;1;1;3;BOUVRY ROGER RUE;50,5480851378;3,0279886464
202100036793;2;6;2021;09:50;1;54;54395;2;1;1;3;PHALSBOURG (RUE DE);48,6839200714;6,1808502674
202100036807;2;6;2021;16:00;1;29;29232;2;6;1;1;Rond Point du 18 Juin 1940;48,0059117241; -4,0975025296
202100036811;2;6;2021;14:00;1;17;17300;2;2;1;3;CHAUDRIER   RUE;46,1607300000; -1,1532700000
202100036813;2;6;2021;08:48;1;17;17200;2;6;1;3;VENDOME   RUE DU MOULIN  DE;46,1782000000; -1,1530100000
202100036822;28;5;2021;20:21;2;11;11262;2;6;1;3;CARNOT (AVENUE);43,2005000000;3,0193600000
202100036823;29;5;2021;16:20;1;11;11262;2;1;1;6;Rue de Saint-Salvayre;43,1855200000;2,9894300000
202100036824;1;6;2021;13:59;1;11;11069;2;1;8;7;BARBES BD ET PROMENADE-PAIRS-;43,2104700000;2,3495200000
202100036831;2;6;2021;14:15;1;75;75106;2;1;1;2;BOULEVARD SAINT MICHEL;48,8431110000;2,3384690000
202100036835;2;6;2021;19:00;1;75;75117;2;3;1;3;RUE CARDINET;48,8902390000;2,3172200000
202100036836;31;5;2021;18:08;1;75;75116;2;3;1;3;ALLEE DE LONGCHAMP;48,8772650000;2,2785770000
202100036837;2;6;2021;14:30;1;75;75115;2;1;1;3;RUE DE LA CROIX NIVERT;48,8473860000;2,3007960000
202100036838;2;6;2021;09:10;1;75;75115;2;1;1;3;RUE DE CRONSTADT;48,8338860000;2,3016180000
202100036842;1;6;2021;17:25;1;75;75112;2;1;1;3;RUE DE REUILLY;48,8415600000;2,3935120000
202100036843;2;6;2021;18:40;1;75;75107;2;1;1;2;QUAI BRANLY;48,8577230000;2,2915550000
202100036863;31;5;2021;08:20;1;93;93029;2;1;1;3;Avenue Henri Barbusse;48,9200500000;2,4513900000
202100036867;2;6;2021;12:10;1;93;93001;2;1;1;6;PILIER (RUE DU);48,9087730000;2,3699350000