Num_Acc;jour;mois;an;hrmn;lum;dep;com;agg;int;atm;col;adr;lat;long
202100036868;2;6;2021;10:50;1;92;92046;2;1;1;6;Charles de gaulle;48,8216368732;2,2976419330
202100036870;2;6;2021;09:45;1;92;92050;2;1;1;3;PONT DE BEZONS;48,9196334802;2,2216066718
202100036873;2;6;2021;21:51;4;92;92044;2;1;1;3;ALSACE (RUE) NÂ°1 A 17 ET 2 A 18;48,8901800564;2,2931331396
202100036880;3;6;2021;12:00;1;31;31382;1;2;1;3;Chemin de Beaufort;43,4508240000;1,0742250000
202100036887;2;6;2021;18:50;1;51;51389;1;2;1;3;D19;49,1330250000;4,3371860000
202100036899;2;6;2021;10:00;1;25;25559;1;1;1;6;Le Trou de Chaux;47,2597840000;6,8557910000
202100036924;2;6;2021;18:40;1;57;57260;2;1;1;6;Rue du cimetiÃ¨re;49,1619510000;7,0315930000
202100036953;1;6;2021;17:05;1;69;69383;2;3;1;3;VICTOR AUGAGNEUR (QU);45,7572500000;4,8408100000
202100036954;1;6;2021;14:50;1;69;69388;2;1;1;3;FRERES LUMIERE (DES) (AV);45,7448700000;4,8670900000
202100036972;1;6;2021;13:43;1;76;76498;2;6;1;3;NERUDA. RUE PABLO;49,4259030000;1,0590110000
202100036980;29;5;2021;11:00;1;67;67482;2;3;1;3;BAN DE LA ROCHE (RUE DU);48,5749720000;7,7301850000
202100036981;29;5;2021;10:20;1;67;67482;2;1;1;3;MOLIERE (AVENUE);48,5949380000;7,7074320000
202100036999;30;5;2021;20:53;1;49;49007;2;1;1;1;POISSONNERIE;47,4726096868; -0,5565744638
202100037006;31;5;2021;11:00;1;37;37208;2;1;1;7;ARCOLE (PONT D');47,3730723909;0,7159285506
202100037008;1;6;2021;09:25;1;35;35238;2;6;1;3;GAYEULLES (AVENUE DES);48,1351000000; -1,6523200000
202100037011;1;6;2021;17:15;1;33;33063;2;3;1;3;Cours de lâYser;44,8232500000; -0,5707200000
202100037019;1;6;2021;09:30;1;25;25056;2;3;1;2;MONTJOUX  AVENUE DE;47,2521600000;6,0147800000
202100037020;1;6;2021;13:28;1;24;24037;1;1;1;2;RD13;44,8684800000;0,4463900000
202100037021;12;5;2021;07:40;1;22;22106;2;1;1;3;DOUVENANT (RUE DE);48,5010710000; -2,7287230000
202100037025;30;5;2021;17:40;1;14;14341;2;1;1;2;Boulevard MoliÃ¨re;49,1524500000; -0,3510200000
202100037044;1;6;2021;09:20;1;75;75116;2;1;1;3;RUE DE LONGCHAMP;48,8649420000;2,2912190000
202100037054;1;6;2021;18:20;1;75;75108;2;7;1;7;PLACE DE LA CONCORDE;48,8640780000;2,3201430000
202100037056;31;5;2021;21:35;5;75;75103;2;7;1;3;PLACE DE LA REPUBLIQUE;48,8671490000;2,3637250000
202100037058;31;5;2021;18:00;1;94;94068;2;1;1;3;Rue du Pont de CrÃ©teil;48,8094500000;2,4709900000
202100037061;1;6;2021;18:20;1;94;94041;2;4;1;3;Rue Westermeyer;48,8180500000;2,3948900000
202100037063;31;5;2021;17:30;1;94;94002;2;1;1;3;ETIENNE DOLET (R);48,7946100000;2,4254900000
202100037099;2;6;2021;09:07;1;29;29072;2;1;8;7;Rue de Men Meur;47,7933440000; -4,2883370000
202100037104;1;6;2021;08:00;1;43;43135;2;3;1;3;18 Rue Langlade;44,9407100000;3,9934770000
202100037111;22;5;2021;17:35;1;35;35131;1;2;1;3;D125;48,1300970000; -1,8051430000
202100037122;31;5;2021;14:50;1;88;88196;2;3;1;3;Boulevard de Colmar;48,0808080000;6,8964450000
202100037128;2;6;2021;07:55;1;62;62861;2;4;1;3;D917;50,3682950000;2,7998940000
202100037183;31;5;2021;08:30;1;89;89387;2;3;1;1;Rue Henri Dunant;48,2008700000;3,2918900000
202100037188;30;4;2021;17:55;1;87;87075;1;1;1;3;ECUREUILS (CHEMIN DES);45,8073600000;1,2027300000
202100037196;31;5;2021;19:15;1;77;77394;1;1;1;3;D.306;48,5522670000;2,6678970000
202100037203;3;5;2021;18:30;1;71;71105;2;6;1;3;CLUNY (ROUTE DE);46,3127900000;4,7857600000
202100037207;18;5;2021;10:20;1;69;69290;2;2;1;3;GARE (DE LA) (AV);45,6877800000;4,9348500000
202100037214;31;5;2021;17:10;1;64;64335;2;2;1;3;MAURICE COUSTEAU;43,3341400000; -0,4199500000
202100037226;31;5;2021;11:00;1;59;59648;2;1;1;3;14 JUILLET AVENUE DU;50,5855733182;3,0460635410
202100037229;28;5;2021;18:20;1;56;56121;2;6;1;3;FAOUEDIC ( AVE DU );47,7478300000; -3,3648900000
202100037230;28;5;2021;12:05;1;56;56121;2;1;1;3;MULLER ( DU COLONEL JEAN );47,7633400000; -3,3943900000
202100037248;31;5;2021;18:15;1;35;35238;2;6;1;2;Loriettes (Rue des);48,0838700000; -1,6773400000
202100037250;31;5;2021;08:30;1;33;33281;2;1;1;3;Avenue de Verdun;44,8406800000; -0,6413700000
202100037261;4;5;2021;13:55;1;27;27554;2;2;1;3;MONT VERNON (ROND POINT);49,0937997661;1,3860303868
202100037274;29;5;2021;12:15;1;08;08105;2;3;1;3;AURIOL PRESIDENT (AVENUE);49,7545330000;4,7223760000
202100037283;30;5;2021;20:09;1;75;75116;2;1;1;1;RUE NICOLO;48,8598620000;2,2787580000
202100037285;30;5;2021;18:50;1;75;75115;2;2;1;3;RUE DE LA CONVENTION;48,8372240000;2,2963300000
202100037290;31;5;2021;18:40;1;75;75112;2;1;1;2;RUE FABRE D EGLANTINE;48,8471780000;2,3956960000
202100037292;31;5;2021;12:00;1;75;75112;2;3;1;5;ROUTE DE CEINTURE DU LAC DAUMESNIL;48,8274630000;2,4193850000
202100037295;31;5;2021;17:40;1;75;75107;2;2;1;7;AVENUE DE BRETEUIL;48,8516400000;2,3125240000
202100037296;31;5;2021;08:11;1;75;75107;2;2;1;6;RUE DE VARENNE;48,8549210000;2,3199620000
202100037297;31;5;2021;14:20;1;75;75103;2;3;1;2;RUE DU TEMPLE;48,8671390000;2,3630650000
202100037298;30;5;2021;21:22;2;75;75103;2;3;1;3;RUE DE TURENNE;48,8599660000;2,3645470000
202100037305;31;5;2021;18:46;1;94;94071;2;5;1;3;VILLENEUVE (R DE);48,7677000000;2,5084500000
202100037315;31;5;2021;07:50;1;93;93001;2;1;1;3;VALMY (RUE DE);48,9223340000;2,3808230000
202100037321;31;5;2021;19:13;1;92;92040;2;2;1;1;PAIX (AVENUE DE LA);48,8173615735;2,2737246596
202100037322;31;5;2021;12:10;1;92;92009;2;1;7;3;AGENT SARRE (AV DE L');48,9261469679;2,2712546368
202100037323;30;5;2021;19:45;1;92;92025;2;2;1;3;CHARLES DE GAULLE (BD);48,9180395151;2,2243076563
202100037325;31;5;2021;18:30;1;92;92024;2;1;1;3;MARTRE (RUE) DE (59 A 109)   (58 A 120);48,9024664446;2,3067158461
202100037327;1;6;2021;06:00;3;974;97415;2;1;1;1;Rue Louis Desjardin; -20,9788710000;55,3315530000
202100037329;1;6;2021;14:25;1;73;73218;1;1;1;7;D921;45,8476130000;5,8074120000
202100037336;31;5;2021;17:05;1;33;33140;2;1;1;5;;44,7719425679; -0,3510586223
202100037346;30;5;2021;19:00;1;26;26353;2;1;1;1;route nationale 7;44,6641810000;4,7911230000
202100037354;1;6;2021;10:55;1;53;53128;2;6;1;3;2 Rue d'Anjou;47,9418480000; -1,0844600000
202100037366;1;6;2021;07:55;1;91;91461;2;1;1;6;Route de Limours;48,6000410000;2,2364150000
202100037367;30;5;2021;10:00;1;78;78193;1;1;1;3;Voie communale des essarts;48,7082950000;1,9779250000
202100037373;31;5;2021;14:00;1;68;68178;1;1;1;7;D431;47,9056990000;7,0896150000
202100037405;30;5;2021;15:49;1;69;69386;2;2;1;1;ANATOLE FRANCE                      (BD);45,7707500000;4,8569300000
202100037417;29;5;2021;17:00;1;83;83034;2;1;1;1;CHEMIN DU CANNEBAS;43,0909511629;6,0605665530
202100037427;30;5;2021;18:25;1;42;42207;2;3;1;3;Place Louis Comte;45,4573755716;4,5047198832
202100037443;30;5;2021;14:00;1;01;01451;2;1;1;6;CHAMBIERE ( RUE DE LA );46,2116000000;5,2136000000
202100037446;30;5;2021;12:30;1;75;75116;2;7;1;3;PONT D IENA;48,8603890000;2,2912580000
202100037451;30;5;2021;11:15;1;75;75108;2;1;1;3;AVENUE DE WAGRAM;48,8761960000;2,2968010000
202100037453;30;5;2021;15:45;1;75;75104;2;1;1;6;PONT SAINT LOUIS;48,8527660000;2,3527360000
202100037454;30;5;2021;07:50;1;75;75101;2;2;1;7;RUE SAINT DENIS;48,8587990000;2,3474580000
202100037461;30;5;2021;15:20;1;92;92047;2;1;1;3;RAYMOND POINCARE;48,8381000000;2,1754000000
202100037462;29;5;2021;21:40;2;92;92048;2;1;1;6;PARIS (RUE DE) NÂ° 1 A 15BIS;48,8174401537;2,2486835718
202100037463;30;5;2021;21:30;2;92;92024;2;4;1;3;PIERRE BEREGOVOY (RUE);48,9009600911;2,2925537825
202100037478;31;5;2021;07:55;1;74;74234;1;2;1;1;chemin de la chapelle de cons;45,7569690000;6,3175250000
202100037480;30;5;2021;18:30;1;80;80334;1;1;1;1;Route de Neuville;49,7953150000;2,1889990000
202100037485;29;5;2021;16:35;1;42;42224;1;1;1;7;Route du Chateau du Bois;45,3438834187;4,4435725585
202100037493;31;5;2021;15:47;1;58;58151;2;1;1;3;50 Avenue de la Republique;46,8906600000;3,4669160000
202100037494;31;5;2021;14:00;1;66;66124;2;1;1;3;Avenue d'Espagne;42,5061480000;2,0312850000
202100037532;30;5;2021;08:40;1;22;22376;1;1;1;2;Le ChÃ¢tel;48,2202760000; -2,7677000000
202100037579;28;5;2021;19:45;1;69;69256;2;1;1;3;CONDORCET (R);45,7784200000;4,9187600000
202100037596;29;5;2021;13:40;1;25;25056;2;9;1;3;SIFFERT  AVENUE CHARLES;47,2399600000;6,0150600000
202100037607;29;5;2021;11:45;1;75;75119;2;2;1;3;RUE RIQUET;48,8896960000;2,3681290000
202100037609;29;5;2021;16:30;1;75;75117;2;1;1;3;RUE JOUFFROY D ABBANS;48,8845510000;2,3060560000
202100037612;28;5;2021;16:50;1;75;75116;2;4;1;1;ROUTE DE LA MUETTE A NEUILLY;48,8645180000;2,2665120000
202100037617;29;5;2021;17:45;1;75;75110;2;7;1;5;PLACE JACQUES BONSERGENT;48,8712770000;2,3605500000
202100037619;28;5;2021;19:35;1;75;75108;2;2;1;3;RUE JEAN MERMOZ;48,8702130000;2,3110500000
202100037621;29;5;2021;21:20;4;75;75104;2;1;1;2;RUE DU RENARD;48,8580390000;2,3517520000
202100037622;29;5;2021;18:00;1;75;75101;2;3;1;7;BOULEVARD DE SEBASTOPOL;48,8624710000;2,3504410000
202100037623;29;5;2021;15:30;1;75;75102;2;2;1;7;BOULEVARD DE SEBASTOPOL;48,8670320000;2,3529740000
202100037624;29;5;2021;11:00;1;94;94041;2;2;1;3;JEAN COMPAGNON (QU);48,8195800000;2,3980500000
202100037646;28;5;2021;17:55;1;59;59462;2;6;1;2;Place Jean-Baptiste Coget;50,5169950000;3,0178980000
202100037693;30;5;2021;15:30;1;77;77005;1;1;1;1;D45;48,9223550000;2,7242020000
202100037701;29;5;2021;15:00;1;68;68171;1;1;1;3;D27;47,9434620000;6,9800920000
202100037708;30;5;2021;09:26;1;22;22168;2;1;1;7;Rue de Pleumeur-bodou;48,8047220000; -3,4746190000
202100037733;28;5;2021;14:15;1;974;97407;2;2;1;3;JEAN MOULIN (RUE) - RIV. DES GALETS; -20,9588800000;55,3174300000
202100037736;28;5;2021;19:00;1;69;69387;2;3;1;3;CLAUDE BERNARD (Q);45,7529800000;4,8378300000
202100037766;27;5;2021;08:10;1;67;67482;2;1;1;6;LAZARET (RUE DU);48,5640406399;7,7552675289
202100037771;28;5;2021;20:45;1;59;59599;2;1;1;3;PIATS (RUE DES);50,7214850000;3,1704610000
202100037778;28;5;2021;19:30;1;51;51454;2;1;1;1;Rue Coquebert;49,2616630518;4,0390285067
202100037794;27;5;2021;13:45;1;37;37261;2;1;1;6;SEBASTOPOL (RUE);47,3882778068;0,6847160825
202100037796;28;5;2021;06:45;1;35;35238;2;1;1;6;Rue DE ST MALO;48,1237200000; -1,6847100000
202100037807;26;5;2021;16:15;1;14;14118;2;3;1;3;D7;49,2060100000; -0,3616280000
202100037808;27;5;2021;10:20;1;14;14181;2;1;1;3;Rue du Sieur de Bras;49,1536000000; -0,3283000000
202100037815;28;5;2021;13:30;1;13;13005;2;6;1;3;NATIONALE 8 DE PARIS A TOULON (ROUTE);43,2838600000;5,5935900000
202100037829;28;5;2021;19:15;1;75;75119;2;2;1;3;AVENUE DE FLANDRE;48,8840320000;2,3688410000
202100037830;28;5;2021;08:50;1;75;75118;2;3;1;3;BOULEVARD NEY;48,8978120000;2,3334890000
202100037840;28;5;2021;21:45;5;75;75111;2;1;1;3;RUE SEDAINE;48,8582080000;2,3775520000
202100037841;28;5;2021;12:45;1;75;75109;2;1;1;3;RUE MAYRAN;48,8772330000;2,3451900000
202100037857;28;5;2021;09:09;1;93;93070;2;2;1;3;MICHELET(AV):NÂ°1AU 103;48,9054700000;2,3440500000
202100037863;27;5;2021;14:15;1;93;93029;2;4;1;2;FERNAND PENA;48,9183400000;2,4359100000
202100037868;28;5;2021;16:40;1;92;92072;2;4;1;6;LECLERC (AVENUE DE LA DIVISION);48,8233927569;2,2206920385
202100037888;29;5;2021;12:25;1;2B;2B207;1;1;1;1;Aja Rossa;42,4460630000;9,4730470000
202100037890;27;5;2021;12:40;1;65;65473;1;1;1;2;D913;42,9539060000; -0,0649950000
202100037894;26;5;2021;18:57;1;12;12145;1;1;8;6;D809 ;44,0207110000;3,1477870000
202100037897;28;5;2021;17:30;1;34;34101;1;6;1;3;D28;43,3613750000;3,4876580000
202100037903;29;5;2021;16:30;1;15;15215;1;1;1;2;Lieu Dit Oyez;44,9768100000;2,5192490000
202100037916;29;5;2021;11:00;1;48;48176;1;1;1;6;D 996;44,1915590000;3,2361600000
202100037919;28;5;2021;19:39;3;973;97307;1;1;1;2;route nationale 2 PK 8;4,8157730000; -52,3500250000
202100037924;29;5;2021;12:00;1;34;34238;1;1;1;7;lieu dit les prats;43,8479300000;3,6463450000
202100037925;29;5;2021;09:30;1;84;84138;2;3;1;6;Route de Baume-de-transit;44,3719070000;4,9661800000
202100037931;29;5;2021;18:30;1;63;63470;1;1;1;2;D986;45,8705290000;3,0257250000
202100037938;22;4;2021;11:40;1;22;22093;1;3;1;3;D28;48,4849620000; -2,4605030000
202100037962;23;5;2021;13:15;1;69;69259;2;1;1;6;TURFISTES (DES)                     (BD);45,7162866664;4,9013417289
202100037971;9;3;2021;16:50;1;84;84007;1;1;1;3;MONCLAR (Avenue);43,9405900000;4,8063400000
202100037980;27;5;2021;07:30;1;73;73065;2;1;1;3;COMTE VERT (AVENUE DU);45,5703546899;5,9152953847
202100037992;27;5;2021;10:25;1;64;64348;2;1;1;3;avenue des Martyrs du Pont Long;43,3479000000; -0,3800400000
202100038010;26;5;2021;13:00;1;35;35238;2;9;2;3;CUCILLE (AVENUE DE);48,1286930000; -1,6983320000
202100038017;26;5;2021;17:50;1;31;31555;2;1;1;3;AV DE L HERS;43,6139000000;1,4799500000
202100038021;26;5;2021;14:50;1;26;26198;2;1;1;3;4 Place du Roubion;44,5552650000;4,7520380000
202100038040;27;5;2021;15:21;1;75;75111;2;1;1;3;BOULEVARD BEAUMARCHAIS;48,8579150000;2,3679920000
202100038044;27;5;2021;22:30;5;75;75105;2;2;1;7;RUE DU PETIT PONT;48,8523560000;2,3482280000
202100038046;27;5;2021;08:00;1;75;75103;2;2;1;3;RUE DE TURBIGO;48,8654610000;2,3561130000
202100038047;26;5;2021;15:20;1;94;94068;2;1;2;3;Avenue Foch;48,8018800000;2,4933600000
202100038049;27;5;2021;05:29;2;94;94046;2;9;1;2;GALLIENI (BD);48,7967500000;2,4308800000
202100038050;27;5;2021;21:15;5;94;94043;2;1;1;3;FONTAINEBLEAU (AV DE);48,8120000000;2,3613800000
202100038062;26;5;2021;12:40;1;92;92063;2;2;1;3;HABY SOMMER (RUE);48,8762818126;2,1857978404
202100038073;27;5;2021;16:53;1;86;86132;1;1;1;2;D675;46,5163420000;1,0222290000
202100038077;28;5;2021;15:15;1;56;56078;1;1;1;2;Route de Gestel;47,8055870000; -3,4706500000
202100038090;27;5;2021;17:20;1;38;38058;1;3;1;1;Rue de la Vie de Lariot;45,3520400000;5,3157700000
202100038096;27;5;2021;13:50;1;70;70085;1;1;1;2;RD33 PK 3;47,3766740000;6,0096930000
202100038097;27;5;2021;11:20;1;26;26183;2;3;1;3;890 Chemin du Canal;44,7157170000;5,0978490000
202100038156;26;5;2021;17:44;1;91;91549;2;6;1;3;TOUSSAINT L'OUVERTURE;48,6382500000;2,3453300000
202100038161;26;5;2021;13:15;1;74;74012;2;1;1;3;FLORISSANT (AVENUE);46,1966200000;6,2413300000
202100038163;26;5;2021;18:30;1;69;69290;2;3;1;3;CORDIERE (DE LA) (R);45,6925900000;4,9556700000
202100038168;22;5;2021;14:15;1;67;67482;2;1;8;3;INDRE (RUE DE L );48,5518110000;7,7661780000
202100038169;22;5;2021;12:00;1;67;67447;2;1;8;3;GENERAL DE GAULLE (ROUTE DU);48,6086154096;7,7348227573
202100038177;26;5;2021;08:20;1;45;45234;2;1;3;3;26 Rue Saint Marc;47,9047539284;1,9227960741
202100038181;26;5;2021;18:35;1;35;35238;2;1;1;3;SAINT-MARTIN (CANAL);48,1231000000; -1,6773000000
202100038184;26;5;2021;08:45;1;35;35238;2;6;2;3;GRIMAULT (BD LEON);48,0913100000; -1,6506600000
202100038185;26;5;2021;07:55;1;35;35238;2;2;2;3;NANTES (RUE DE);48,0945400000; -1,6903600000
202100038221;25;5;2021;10:12;1;75;75114;2;4;8;1;RUE ALAIN;48,8359980000;2,3153190000
202100038228;25;5;2021;22:00;5;75;75101;2;2;2;2;BOULEVARD DE SEBASTOPOL;48,8600730000;2,3490870000
202100038241;26;5;2021;11:00;1;92;92026;2;6;1;6;JEAN MERMOZ (SQUARE ET PLACE);48,9024800000;2,2749000000
202100038260;26;5;2021;10:45;1;65;65447;2;3;1;3;Rue Lestrade;43,1843510000;0,2427770000
202100038268;23;5;2021;14:50;1;72;72199;1;1;1;3;D39;48,2485100000;0,0681600000
202100038281;25;5;2021;14:40;1;987;98714;1;3;1;3;Anau -  la traversiÃ¨re; -16,5219810000; -151,7253760000
202100038291;27;5;2021;10:25;1;55;55122;2;2;1;1;Rue de la Trace;48,7570858650;5,5879479647
202100038298;19;5;2021;10:30;1;22;22161;2;1;1;3;Rue de l Armor;48,5655960000; -3,1450400000
202100038299;27;5;2021;09:00;1;59;59449;2;1;1;3;Rue Claude Jean;50,4706750000;3,2481930000
202100038316;25;5;2021;19:45;5;973;97302;2;1;1;1;MADELEINE (ROUTE DE LA);4,9196015577; -52,3218114826
202100038318;25;5;2021;15:45;1;69;69386;2;2;1;3;BOSSUET (R);45,7675500000;4,8475300000
202100038319;25;5;2021;11:50;1;69;69387;2;1;1;6;GAMBETTA (CR);45,7512600361;4,8545756936
202100038329;22;5;2021;18:25;1;87;87085;2;3;1;7;BUISSON (RUE FERDINAND);45,8245400000;1,2549700000
202100038333;21;5;2021;06:04;1;74;74012;2;6;1;1;LECLERC (AVENUE DU MARECHAL);46,1896300000;6,2492900000
202100038345;21;5;2021;13:05;1;63;63113;2;1;1;3;LIONDARDS (RUE DES);45,7642030717;3,0920617278
202100038367;25;5;2021;12:20;1;35;35238;2;3;1;2;GUEHENNO (JEAN);48,1173460000; -1,6738190000
202100038371;25;5;2021;15:00;1;33;33318;2;3;1;3;Avenue Pasteur;44,8024900000; -0,6445900000
202100038381;19;5;2021;16:30;1;22;22215;2;1;1;3;CHATELETS (RUE DES);48,4681340389; -2,7948188782
202100038386;24;5;2021;19:29;1;06;06088;2;1;1;5;ANGLAIS (A PARTIR DU NÂ° 351);43,6672800000;7,2162400000
202100038392;25;5;2021;13:30;1;75;75120;2;2;1;6;RUE PELLEPORT;48,8646850000;2,4041470000
202100038398;25;5;2021;15:35;1;75;75115;2;3;1;6;RUE DE VAUGIRARD;48,8424570000;2,3110650000
202100038401;25;5;2021;20:15;2;75;75109;2;7;1;6;BOULEVARD DE CLICHY;48,8822030000;2,3377020000
202100038421;21;5;2021;09:00;1;92;92026;2;3;1;3;STRASBOURG;48,8908900000;2,2476700000
202100038428;25;5;2021;14:45;1;40;40296;1;1;1;1;Route de Vieux Boucau;43,7085550000; -1,4174510000
202100038442;26;5;2021;13:45;1;38;38384;1;2;1;3;D518;45,3427430000;5,3334060000
202100038446;25;5;2021;16:30;1;06;06148;1;1;1;7;Route de Grasse;43,7111420000;6,9976850000
202100038451;25;5;2021;18:30;1;07;07007;1;1;1;1;Route de Saint Peray;44,9230510000;4,7263100000
202100038454;24;5;2021;07:40;2;28;28280;2;1;2;1;Place du 11 Aout;48,3222490000;0,8170120000
202100038470;23;5;2021;18:20;1;69;69013;1;1;1;2;D306;46,0312774389;4,7175848889
202100038503;30;5;2021;17:52;1;47;47001;2;1;1;3;MONNET (AV. JEAN);44,1921600000;0,6126700000
202100038513;24;5;2021;06:35;2;83;83144;2;1;2;2;LIBERATION (AVE DE LA);43,1425337978;5,9952724783
202100038530;24;5;2021;17:00;1;75;75111;2;5;8;3;AVENUE DE LA REPUBLIQUE;48,8651550000;2,3749220000
202100038531;24;5;2021;11:40;1;75;75110;2;1;1;3;RUE DES ECLUSES SAINT MARTIN;48,8766540000;2,3672050000
202100038544;24;5;2021;16:15;1;92;92050;2;9;2;3;PROVINCES FRANCAISES BD DES;48,9011323539;2,2166593373
202100038564;24;5;2021;12:20;1;61;61153;2;1;2;6;Rue des 3 Freres Terrier;48,7179510000; -0,1243530000
202100038600;23;5;2021;10:50;1;974;97407;1;6;1;3;SACRE COEUR (RD POINT) -RIV. DES GALETS ; -20,9557000000;55,3121000000
202100038604;22;5;2021;23:00;5;69;69383;2;2;2;3;GARIBALDI (R);45,7570100000;4,8526300000
202100038618;22;5;2021;16:20;1;83;83034;2;6;1;3;CHEMIN DU CANNEBAS;43,0955226226;6,0692384968
202100038646;23;5;2021;20:30;2;75;75119;2;3;1;2;RUE DE BELLEVILLE;48,8734990000;2,3830080000
202100038647;23;5;2021;13:08;1;75;75119;2;3;1;3;BOULEVARD D INDOCHINE;48,8871800000;2,3961170000
202100038688;22;5;2021;16:30;1;06;06148;2;1;1;7;Route de Provence;43,7143600000;7,0653570000
202100038700;22;5;2021;18:10;1;33;33090;2;1;1;6;Chemin de Barbicadge;44,7660960000; -0,6534500000
202100038711;23;5;2021;10:30;1;69;69163;1;2;1;2;GRAND VEISSIEUX (DU) (RTE);45,9209610000;4,7557180000
202100038713;23;5;2021;18:35;1;79;79049;2;6;1;3;Boulevard de Thouars;46,8532360000; -0,4561260000
202100038715;23;5;2021;14:50;1;85;85002;1;1;1;3;La GuiteliÃ¨re;46,6565500000; -1,8508300000
202100038733;22;5;2021;16:25;1;974;97407;2;9;1;7;MASCAREIGNES(BOULEVARD); -20,9337100000;55,3076100000
202100038760;21;5;2021;18:00;1;27;27554;2;1;2;1;D64;49,0958590000;1,3784840000
202100038762;21;5;2021;12:05;1;27;27375;2;6;1;1;PORTE DE L'EAU (PLACE DE LA);49,2154500000;1,1721600000
202100038764;14;5;2021;15:12;1;13;13208;2;1;1;3;CLOT BEY (AVENUE);43,2588480000;5,3846860000
202100038772;22;5;2021;19:48;1;75;75113;2;4;1;2;BOULEVARD DE L HOPITAL;48,8388740000;2,3609990000
202100038779;22;5;2021;11:40;1;75;75111;2;4;1;3;RUE FAIDHERBE;48,8511820000;2,3840480000
202100038784;21;5;2021;22:45;5;94;94018;2;1;1;2;Ile Martinet;48,8192100000;2,4052900000
202100038786;22;5;2021;11:00;1;94;94017;2;1;1;3;Rue Jean JaurÃ¨s;48,8157920000;2,5038080000
202100038811;23;5;2021;10:25;1;51;51571;1;1;1;2;D8;49,1911485098;4,1964184870
202100038814;23;5;2021;16:00;1;80;80713;2;1;2;7;13 rue du bout d'Amont;50,2824060000;1,5969970000
202100038825;23;5;2021;13:15;1;06;06079;1;1;1;3;Rue Capitaine de Corvette Marche;43,5188590000;6,9397220000
202100038831;23;5;2021;10:00;1;37;37041;1;1;1;6;route du plessis;47,6278811168;0,5492552518
202100038851;23;5;2021;18:30;1;74;74185;1;1;1;7;Rte des 3 Lacs;46,1583430000;6,2010310000
202100038856;21;5;2021;09:10;1;86;86095;2;3;1;3;D15;46,7028740000;0,4354130000
202100038876;20;5;2021;08:50;1;974;97407;2;1;1;3;ROND POINT BUTTE CITRONNELLE; -20,9316900000;55,2968400000
202100038880;21;5;2021;15:36;1;972;97213;1;1;1;3;ROUTE DEPARTEMENTALE 3;14,5980600000; -60,9972400000
202100038901;11;4;2021;12:30;1;70;70550;1;2;1;3;COURTOIS (RUE GUSTAVE);47,6266410000;6,1390580000
202100038904;20;5;2021;12:00;1;67;67482;2;8;8;3;COLMAR (AVENUE DE);48,5527700000;7,7441500000
202100038909;20;5;2021;15:25;1;63;63113;2;2;1;3;REPUBLIQUE (AVENUE DE LA);45,7875600000;3,1057500000
202100038918;19;5;2021;13:00;1;47;47323;2;2;1;3;JUILLET (BOULEVARD DU 14);44,4092991878;0,7023951709
202100038922;18;5;2021;12:10;1;35;35238;2;2;1;6;LIBERTE (BD DE LA);48,1079200000; -1,6821400000
202100038937;21;5;2021;20:40;2;13;13002;2;1;8;7;HENRI TASSO (BOULEVARD);43,3385000000;5,4767400000
202100038958;20;5;2021;13:05;1;75;75119;2;3;8;3;BOULEVARD MACDONALD;48,8988460000;2,3781150000
202100038966;21;5;2021;16:20;1;75;75112;2;1;1;7;ROUTE ROYALE DE BEAUTE;48,8341890000;2,4427960000
202100038970;21;5;2021;15:18;1;75;75109;2;3;1;3;RUE DROUOT;48,8732690000;2,3405510000
202100038973;21;5;2021;19:30;1;75;75104;2;1;1;7;QUAI HENRI IV;48,8473670000;2,3647630000
202100038975;21;5;2021;13:17;1;94;94041;2;9;1;2;Avenue Georges Gosnat;48,8134500000;2,3885900000
202100038985;21;5;2021;19:15;1;93;93039;2;9;1;3;Boulevard Marcel Paul;48,9196590000;2,3273350000
202100038994;21;5;2021;21:00;5;92;92046;2;3;1;7;Paul vaillant couturier;48,8170500000;2,2919100000
202100038995;21;5;2021;08:35;1;92;92073;2;1;1;3;FUSILLES DE LA RESISTANCE 1940-1945 (ROU;48,8787202496;2,2174036503
202100038998;21;5;2021;19:05;1;92;92044;2;1;1;2;VILLIERS(RUE DE)  54A86;48,8914858044;2,2782978415
202100038999;21;5;2021;19:37;2;92;92040;2;4;2;7;VERDUN (AVENUE DE) DU 152 AU 226;48,8188294152;2,2436839342
202100039002;21;5;2021;08:20;1;92;92012;2;3;1;3;PARIS (RUE DE) 1/97 - 2/114;48,8411539340;2,2401796281
202100039022;21;5;2021;19:30;1;58;58083;2;1;1;2;Avenue Saint-jean;47,2539510000;3,6783330000
202100039028;21;5;2021;19:30;5;987;98734;2;1;1;3;PK 37+300; -17,7233790000; -149,5057300000
202100039031;21;5;2021;11:50;1;91;91661;2;2;1;3;Avenue de la Plesse;48,7009670000;2,2524650000
202100039055;20;5;2021;10:14;1;93;93053;2;3;1;3;Rue du Parc / Rue LÃ©o Lagrange;48,8934580000;2,4443560000