Num_Acc;jour;mois;an;hrmn;lum;dep;com;agg;int;atm;col;adr;lat;long
202100039061;20;5;2021;15:10;1;69;69387;2;1;1;2;JEAN JAURES                         (AV);45,7488600000;4,8440300000
202100039062;20;5;2021;14:45;1;69;69383;2;2;1;3;FELIX FAURE                         (AV);45,7540900000;4,8636100000
202100039066;20;5;2021;17:15;1;69;69384;2;2;1;3;PHILIPPE DE LASSALLE (R);45,7795928519;4,8204544951
202100039071;12;5;2021;10:09;1;91;91570;2;1;1;3;MONTLHERY (RUE);48,6341600000;2,2971100000
202100039072;20;5;2021;12:00;1;91;91477;2;2;1;3;VALLEE (CHEMIN DE LA);48,7238100000;2,2382600000
202100039086;19;5;2021;19:10;1;67;67482;2;3;8;3;MARGUERITE YOURCENAR (RUE);48,5974770000;7,7038700000
202100039090;20;5;2021;19:45;1;64;64445;2;1;1;3;TOURASSE;43,3110000000; -0,3621000000
202100039110;20;5;2021;10:10;1;35;35051;2;6;1;3;TAILLIS (ROND-POINT DU);48,1145000000; -1,6200000000
202100039118;20;5;2021;05:50;2;24;24037;2;9;1;3;PASTEUR (AVENUE);44,8569200000;0,4919200000
202100039119;24;4;2021;15:45;1;22;22187;2;2;1;3;RUE DU G.DE GAULLE;48,5402790000; -2,7711200000
202100039125;19;5;2021;17:10;1;15;15014;2;1;1;3;Cours dâAngouleme;44,9301000000;2,4499100000
202100039127;20;5;2021;13:30;1;13;13207;2;2;1;3;ENDOUME (RUE D');43,2861100000;5,3603200000
202100039140;20;5;2021;21:15;2;75;75120;2;2;1;2;RUE D AVRON;48,8527030000;2,4061090000
202100039141;20;5;2021;20:00;2;75;75116;2;2;1;3;AVENUE THEOPHILE GAUTIER;48,8499380000;2,2722440000
202100039145;20;5;2021;18:00;1;75;75111;2;3;1;2;RUE DE LA ROQUETTE;48,8579910000;2,3815800000
202100039147;20;5;2021;14:30;1;75;75107;2;2;1;1;RUE DE LILLE;48,8600450000;2,3245750000
202100039148;18;5;2021;15:40;1;75;75104;2;2;2;6;RUE DE RIVOLI;48,8585040000;2,3482150000
202100039165;19;5;2021;15:06;1;92;92020;2;1;2;3;VANVES BOULEVARD DE NÂ° PAIRS;48,8099300000;2,2825900000
202100039173;18;5;2021;16:30;1;91;91665;2;1;1;7;Rue de Gaillard;48,6586190000;2,2705650000
202100039175;16;5;2021;14:30;1;62;62580;2;1;1;1;Rue de Saint Pol;50,3989800000;2,4325330000
202100039189;12;5;2021;16:26;1;31;31553;1;2;1;1;CD 1;43,7154030000;1,1683060000
202100039251;19;5;2021;15:15;1;974;97416;2;6;1;3;DONAT (AVENUE LUC); -21,3385000000;55,4586000000
202100039254;19;5;2021;14:10;1;973;97302;2;1;2;2;CABASSOU (ROUTE DE);4,9203700000; -52,3207700000
202100039255;19;5;2021;17:30;1;69;69388;2;2;8;3;TUILIERS (DES) (R);45,7473200000;4,8650200000
202100039267;17;5;2021;14:50;1;80;80021;2;1;1;2;JULES FERRY (CHAUSSEE);49,8810100000;2,3308000000
202100039272;19;5;2021;17:15;1;69;69266;2;3;1;3;GEORGE SAND (R);45,7555700000;4,8901300000
202100039273;4;5;2021;20:05;1;69;69266;2;4;1;3;TOLSTOI (CR);45,7613700000;4,8833300000
202100039274;19;5;2021;17:45;1;64;64129;2;3;1;3;BAYONNE DE;43,3042500000; -0,4003000000
202100039281;18;5;2021;11:30;1;51;51454;2;2;1;3;Boulevard des Belges;49,2762900000;4,0268700000
202100039310;19;5;2021;16:50;1;07;07281;2;1;1;7;GROSS-UMSTADT (AVENUE DE);44,9450200000;4,8555900000
202100039339;18;5;2021;17:05;2;972;97210;1;1;1;3;Faurien Montaou;14,5858210000; -60,9145810000
202100039362;20;5;2021;17:00;1;85;85047;2;3;1;1;Route de Cholet;46,8497600000; -1,8647100000
202100039375;20;5;2021;08:00;1;91;91461;2;1;1;6;Rue de la Maison Rouge;48,5955040000;2,2274350000
202100039382;20;5;2021;07:30;1;33;33060;1;4;1;1;Le Sourd-est;44,5626610000; -0,3426630000
202100039440;17;5;2021;11:45;1;60;60463;2;2;1;2;Rue Alexandre Ribot;49,2686500000;2,4774800000
202100039448;18;5;2021;17:05;1;50;50218;2;1;1;3;MATIGNON (AV DES);48,8379800000; -1,5780700000
202100039450;17;5;2021;08:56;1;49;49007;2;1;2;7;SAINT MICHEL BOULEVARD;47,4735300000; -0,5424300000
202100039456;18;5;2021;08:45;1;35;35238;2;1;1;2;DANTON;48,1182000000; -1,6540900000
202100039457;18;5;2021;17:55;1;33;33063;2;1;1;3;Cours de lâYser;44,8275032953; -0,5690255420
202100039458;18;5;2021;15:25;1;33;33069;2;3;1;3;AllÃ©e de Boutaut;44,8680040185; -0,5761106882
202100039459;18;5;2021;15:00;1;33;33529;2;6;1;3;Avenue du GÃ©nÃ©ral Leclerc;44,6483500000; -1,1525000000
202100039462;18;5;2021;16:15;1;13;13207;2;1;1;3;Corniche John FitzgÃ©rald Kennedy;43,2765910000;5,3579750000
202100039474;18;5;2021;18:30;1;75;75119;2;1;2;3;AVENUE DE FLANDRE;48,8881940000;2,3739110000
202100039476;18;5;2021;06:40;1;75;75117;2;5;1;3;RUE DE COURCELLES;48,8875250000;2,2947350000
202100039478;18;5;2021;19:45;1;75;75112;2;7;1;7;PLACE DU CARDINAL LAVIGERIE;48,8320020000;2,4038590000
202100039495;18;5;2021;18:55;1;67;67078;2;1;1;3;Place de l'Eglise;48,6589270000;7,4278690000
202100039499;14;5;2021;17:40;1;69;69088;2;1;1;1;JEAN-BAPTISTE SIMON (Q);45,8330350000;4,8467140000
202100039502;18;5;2021;15:10;1;49;49029;2;1;1;3;Rue du Chaudron;47,3986720000; -0,4205440000
202100039508;10;5;2021;09:30;1;84;84148;1;1;6;7;departementale 1;44,0768110000;5,2630520000
202100039509;11;5;2021;16:50;1;03;03082;2;6;2;2;D998 - Rond-Point des Forges;46,2881960000;2,7554230000
202100039528;19;5;2021;19:40;2;66;66065;2;9;1;1;Avenue Narcisse Planas;42,6048850000;2,9687690000
202100039532;23;3;2021;15:35;1;73;73285;2;1;1;3;D1090 R de la Liberation;45,6241570000;6,7968590000
202100039561;14;5;2021;13:13;1;87;87085;2;2;1;2;VALIN (AVENUE DU GENERAL MARTIAL);45,8109200000;1,2743400000
202100039563;17;5;2021;13:14;1;72;72181;2;1;2;2;EDISON THOMAS (RUE);48,0248000000;0,1790900000
202100039578;16;5;2021;09:25;1;37;37261;2;1;8;6;PAILHOU (PLACE GASTON);47,3915548631;0,6807392836
202100039579;7;4;2021;08:00;1;36;36044;2;3;1;3;Boulevard Arago;46,8049500000;1,6882500000
202100039581;16;5;2021;11:15;1;35;35238;1;1;2;3;TAUPINAIS (CHEMIN DE LA);48,0978000000; -1,7190000000
202100039601;17;5;2021;18:40;1;75;75120;2;4;8;6;RUE BELGRAND;48,8645950000;2,4059200000
202100039607;17;5;2021;14:30;1;75;75115;2;2;8;3;RUE DE VAUGIRARD;48,8429960000;2,3127970000
202100039610;17;5;2021;17:15;1;75;75111;2;2;1;6;RUE DE LA ROQUETTE;48,8543430000;2,3714640000
202100039611;17;5;2021;08:38;1;75;75110;2;2;8;6;RUE DU FAUBOURG SAINT MARTIN;48,8737760000;2,3583160000
202100039619;16;5;2021;11:20;1;92;92064;2;1;2;1;GRANDE RUE;48,8265322782;2,2190830510
202100039651;28;4;2021;17:45;1;17;17347;2;1;1;1;Boulevard Joseph Lair;45,9461770000; -0,5221910000
202100039691;16;5;2021;14:39;1;54;54395;2;2;1;6;BAZIN (RUE HENRI) + (SENTIER);48,6970700000;6,1949000000
202100039692;16;5;2021;09:50;1;54;54395;2;1;1;3;FOCH (AVENUE 2 A 16;48,6893473664;6,1761865765
202100039706;16;5;2021;21:05;2;75;75120;2;2;2;3;BOULEVARD DE BELLEVILLE;48,8690540000;2,3807010000
202100039713;16;5;2021;16:20;1;75;75115;2;1;8;6;BOULEVARD GARIBALDI;48,8453230000;2,3101440000
202100039719;16;5;2021;14:05;1;75;75108;2;1;2;3;RUE SAINT LAZARE;48,8753700000;2,3250300000
202100039728;16;5;2021;14:10;1;93;93048;2;2;1;3;KLEBER (RUE);48,8549320000;2,4349190000
202100039732;16;5;2021;22:00;5;92;92024;2;2;1;3;MARTRE (RUE) DE (59 A 109)   (58 A 120);48,9008500000;2,3081200000
202100039739;14;5;2021;14:40;1;30;30014;1;1;1;7;D982;44,0011040000;4,3855190000
202100039742;11;5;2021;16:25;1;79;79204;2;2;1;3;Route de MairÃ©;46,1803580000; -0,2410660000
202100039757;14;5;2021;10:15;1;68;68375;2;3;1;3;rue de Mulhouse;47,8084640000;7,2397430000
202100039762;13;5;2021;21:30;3;988;98821;1;1;1;1;RT1 - la tontouta; -22,0218300000;166,2292440000
202100039766;17;5;2021;17:40;1;78;78263;2;1;2;3;Rue de l''Eglise;48,7742260000;1,6711290000
202100039768;13;5;2021;16:30;1;66;66008;1;1;1;2;Route du Littoral;42,5811470000;3,0326340000
202100039774;8;4;2021;11:00;1;38;38111;2;1;1;7;Avenue de la LibÃ©ration;45,1202610000;5,6956820000
202100039804;15;5;2021;15:07;1;69;69382;2;2;2;1;FRANKLIN (R);45,7519000000;4,8310900000
202100039807;15;5;2021;08:45;1;91;91103;2;9;2;3;RUE DU POITOU;48,5884300000;2,3006500000
202100039812;14;5;2021;17:40;1;74;74012;2;7;1;3;CLOS FLEURY (RUE DU);46,1922200000;6,2320000000
202100039816;23;4;2021;14:30;1;57;57606;2;1;1;3;LORRAINE (BOULEVARD DE);49,1074055000;6,7099288000
202100039819;15;5;2021;15:20;1;51;51454;2;3;2;1;Rue Gambetta;49,2464578404;4,0393157317
202100039848;15;5;2021;11:40;1;94;94038;2;3;2;3;Rue Albert 1er;48,7791760000;2,3311190000
202100039850;14;5;2021;13:10;1;93;93032;2;2;2;3;PAUL VAILLANT COUTURIER (RUE);48,8766100000;2,5493300000
202100039855;15;5;2021;15:50;1;92;92012;2;1;4;2;ANATOLE FRANCE (BOULEVARD) 5/FIN;48,8501400000;2,2385400000
202100039873;15;5;2021;17:55;1;54;54256;1;1;3;7;D110;48,5312560000;6,3291980000
202100039888;16;5;2021;11:10;1;71;71060;1;3;3;3;le carge, PK 09+600;46,3059640000;4,1469180000
202100039923;14;5;2021;11:00;1;72;72181;2;6;1;2;ROSTOV SUR LE DON (RUE) NÂ° PAIRS;48,0077700000;0,1985300000
202100039926;12;5;2021;18:40;1;67;67482;2;3;1;3;LIEPVRE (RUE DE);48,5714934159;7,7701325984
202100039931;12;5;2021;18:35;1;63;63113;2;1;1;6;JOUHAUX (BD LEON);45,7916504591;3,1153103167
202100039933;14;5;2021;12:00;1;60;60159;2;6;1;3;carrefour Juchat;49,4196300000;2,8203400000
202100039940;14;5;2021;18:00;1;44;44135;2;1;1;2;CRIQUE ( RUE DE LA CRIQUE );47,2816410000; -2,4291180000
202100039943;14;5;2021;17:53;1;37;37261;2;2;1;6;SEBASTOPOL (RUE);47,3886352111;0,6845994042
202100039948;14;5;2021;17:35;1;29;29039;1;6;8;3;RD 783;47,8857200000; -3,9133300000
202100039959;13;5;2021;12:22;1;05;05061;1;1;1;7;D994;44,5481600000;6,0382200000
202100039992;15;5;2021;16:00;1;63;63385;1;4;3;1;D578;45,8106970000;2,8425190000
202100039996;15;5;2021;10:10;1;84;84017;1;1;2;2;RD 974;44,1204350000;5,2287200000
202100040002;7;4;2021;15:15;1;52;52093;2;1;1;3;rue de la libÃ©ration;47,8036610000;5,4398360000
202100040032;13;5;2021;23:40;5;69;69387;2;3;1;3;MARCEL MERIEUX (R);45,7266100000;4,8305000000
202100040035;11;5;2021;16:34;1;95;95277;2;1;1;2;EUROPE (ROUTE DE L');48,9880524355;2,4816226959
202100040037;13;5;2021;12:30;1;91;91549;2;1;1;3;JEAN MOULIN (AVENUE);48,6479100000;2,3418700000
202100040053;12;5;2021;12:10;1;31;31149;2;1;1;6;LAURAGAIS (ALLEE DU);43,6089117703;1,3354121288
202100040056;13;5;2021;17:20;1;26;26198;1;1;1;3;Av la Federation de Montelimar;44,5747700000;4,7334900000
202100040074;12;5;2021;13:30;1;94;94052;2;1;1;3;Boulevard de Strasbourg;48,8451070000;2,4889530000
202100040079;13;5;2021;16:00;1;92;92049;2;3;1;2;PERI RUE GABRIEL NÂ°38 A 82;48,8190800000;2,3163200000
202100040088;14;5;2021;18:05;1;65;65447;2;1;1;1;Rue de l'Arros;43,1873740000;0,2448320000
202100040094;13;5;2021;18:45;1;22;22251;1;1;1;7;La Ruelle;48,5564720000; -2,8516980000
202100040104;12;5;2021;16:10;1;45;45014;2;3;1;3;rue de la vallÃ©e;48,1959810000;2,3830570000
202100040118;13;5;2021;10:30;1;29;29233;2;1;8;2;Rue de Kervail;47,8718420000; -3,5767040000
202100040122;12;5;2021;11:48;1;38;38068;1;1;1;6;RN85;45,0980790000;5,7187270000
202100040128;14;5;2021;10:00;1;27;27213;2;3;8;6;Impasse du Moulin;49,1833650000;1,6638390000
202100040136;13;5;2021;09:00;1;988;98818;1;6;1;3;VOIE DE DEGAGEMENT EST/RUE DE PRONY; -22,2709100000;166,4698200000
202100040141;12;5;2021;17:40;1;69;69387;2;9;8;3;CLAUDE BERNARD (Q);45,7529800000;4,8378800000
202100040149;11;5;2021;07:46;1;87;87085;2;3;2;6;RUBEN (AVENUE ERNEST);45,8235400000;1,2511500000
202100040162;12;5;2021;17:50;1;64;64445;2;3;2;3;CARNOT;43,2991600000; -0,3702600000
202100040174;10;5;2021;10:57;1;56;56098;2;2;1;3;CROIZAT ( AVE AMBROISE );47,7744200000; -3,3466900000
202100040177;12;5;2021;15:01;1;51;51454;2;1;1;3;Rue du Pdt Franklin Roosevelt;49,2625800000;4,0275600000
202100040178;11;5;2021;14:06;1;49;49007;2;1;1;7;PIAF;47,4528000000; -0,5274200000
202100040180;11;5;2021;12:46;1;49;49007;2;3;1;3;CARNOT;47,4753400000; -0,5485500000
202100040189;12;5;2021;06:10;5;35;35238;2;1;1;3;SAINT-HELIER;48,1062300000; -1,6675100000
202100040193;12;5;2021;15:03;1;32;32013;2;3;8;3;YSER (AVENUE DE L');43,6531100000;0,5952400000
202100040198;12;5;2021;16:05;1;27;27229;2;3;2;1;ARTOIS (RUE D');49,0330100000;1,1389000000
202100040202;12;5;2021;18:30;1;14;14167;2;1;1;3;D226;49,2022210000; -0,3065700000
202100040224;12;5;2021;15:20;1;75;75109;2;7;8;2;BOULEVARD HAUSSMANN;48,8731390000;2,3315190000
202100040226;12;5;2021;06:42;1;75;75104;2;2;1;3;BOULEVARD DU PALAIS;48,8561950000;2,3464820000
202100040237;12;5;2021;16:00;1;92;92024;2;1;1;3;JEAN JAURES (BD) DE 47 A 109)   (56 A 14;48,9020485809;2,3045727611
202100040238;12;5;2021;15:15;1;92;92023;2;2;1;3;PORTE DE TRIVAUX (RUE DE) NÂ°57 A 197 ET;48,7848109699;2,2380142319
202100040240;6;5;2021;19:40;1;92;92012;2;2;1;3;CHARLES DE GAULLE (AVENUE) - COTE PAIR;48,8503100000;2,2377500000
202100040244;12;5;2021;18:37;1;68;68300;2;7;1;1;9 AllÃ©e des Alouettes;47,7924690000;7,3800870000
202100040253;12;5;2021;08:55;1;63;63180;1;3;1;2;D20 Route de Joze/ VC;45,8604171087;3,3184200928
202100040262;12;5;2021;22:45;3;01;01145;2;1;1;1;Chemin du Mas Vernon;46,0685560000;5,2043220000
202100040311;11;5;2021;08:20;1;69;69386;2;2;2;3;DUQUESNE (R);45,7724600000;4,8431000000
202100040313;10;5;2021;22:00;5;69;69385;2;1;3;7;CHEMIN NEUF (DU)                    (MO);45,7620500000;4,8260200000
202100040321;11;5;2021;12:40;1;74;74010;2;1;2;3;JOSEPH DESSAIX;45,9091300000;6,1246300000
202100040322;11;5;2021;13:15;1;69;69282;2;3;1;3;JEAN JAURES (R);45,7775700000;5,0209100000
202100040331;8;5;2021;15:25;1;63;63113;2;1;1;6;AULTERIBE (RUE);45,8123800000;3,1281100000
202100040339;9;5;2021;11:13;1;49;49007;2;1;1;3;COMMERCE;47,4750900000; -0,5498100000
202100040342;11;5;2021;18:45;1;35;35238;2;3;1;3;SOLFERINO (BD);48,1044800000; -1,6686400000
202100040348;11;5;2021;08:45;1;29;29019;2;6;1;3;Avenue de Tallinn;48,3895100000; -4,5202200000
202100040349;11;5;2021;08:40;1;26;26198;2;6;2;3;178 Route de Chateauneuf;44,5279000000;4,7345000000
202100040364;10;5;2021;12:00;1;75;75106;2;1;1;6;BOULEVARD DU MONTPARNASSE;48,8443090000;2,3225430000
202100040366;9;5;2021;13:10;1;75;75120;2;3;1;3;RUE D AVRON;48,8531810000;2,4088120000
202100040371;11;5;2021;17:40;1;75;75109;2;3;1;6;RUE D AMSTERDAM;48,8812670000;2,3270840000
202100040373;11;5;2021;09:00;1;75;75108;2;2;1;3;AVENUE DES CHAMPS ELYSEES;48,8677930000;2,3139130000
202100040374;11;5;2021;08:26;1;75;75108;2;2;1;3;AVENUE DES CHAMPS ELYSEES;48,8705450000;2,3052920000
202100040377;10;5;2021;17:00;1;94;94028;2;1;1;2;Rue de Brie;48,7845415008;2,4699446253
202100040378;11;5;2021;15:10;1;94;94022;2;1;2;7;Boulevard de Stalingrad;48,7681600000;2,4030400000
202100040396;11;5;2021;19:00;1;56;56118;2;1;1;7;Rue FranÃ§ois le LevÃ©;47,7243480000; -3,3397740000
202100040414;11;5;2021;14:45;1;30;30179;2;1;1;6;avenue du gÃ©nÃ©ral de Gaulle;43,8741100000;4,5924990000
202100040422;12;5;2021;12:30;1;38;38558;1;1;1;1;D123;45,6032480000;4,9197240000
202100040441;10;5;2021;14:15;1;974;97411;2;1;1;3;MOUFIA (ROUTE DE); -20,8972800000;55,4914000000
202100040447;10;5;2021;18:00;1;69;69383;2;1;3;3;LACASSAGNE                          (AV);45,7491796200;4,8771670225
202100040450;10;5;2021;13:20;1;69;69381;2;3;3;7;GENERAL GIRAUD (DU) (CR);45,7697600000;4,8169300000
202100040455;9;5;2021;10:00;1;90;90001;2;9;1;3;MONTBELIARD (ROUTE DE);47,6006280000;6,8624870000
202100040457;8;5;2021;18:53;1;87;87085;2;3;1;3;PUY REJEAUD (RUE DU);45,8441100000;1,2237300000
202100040477;9;5;2021;09:55;1;54;54395;2;2;1;3;Marcel BROT (Rue et Rond-Point );48,6867299549;6,2011174389
202100040478;9;5;2021;18:30;1;38;38185;2;2;1;3;COURS BERRIAT;45,1882323797;5,7162165642
202100040484;10;5;2021;08:20;1;33;33281;2;3;1;3;Avenue de Magudas;44,8571300000; -0,6577000000
202100040489;9;5;2021;08:39;1;29;29232;2;1;1;3;Route de Pont lâAbbe;47,9811700000; -4,1212000000
202100040497;7;5;2021;17:00;1;05;05061;2;3;1;3;ABBE PASCAL  ( RUE );44,5559300000;6,0758100000
202100040501;10;5;2021;14:26;1;75;75112;2;2;7;3;RUE DE CHARENTON;48,8372920000;2,3912270000
202100040503;10;5;2021;11:00;1;75;75120;2;1;1;3;AVENUE DU PROFESSEUR ANDRE LEMIERE;48,8551680000;2,4152260000
202100040504;10;5;2021;15:15;1;75;75119;2;7;8;3;PLACE AUGUSTE BARON;48,9007550000;2,3870180000
202100040506;10;5;2021;12:55;1;75;75119;2;1;1;3;RUE DE TANGER;48,8872310000;2,3699890000
202100040513;10;5;2021;11:45;1;75;75101;2;4;1;3;RUE ETIENNE MARCEL;48,8638440000;2,3490820000
202100040514;10;5;2021;12:20;1;75;75101;2;3;1;1;BOULEVARD DE SEBASTOPOL;48,8612070000;2,3497180000
202100040528;10;5;2021;14:15;1;92;92075;2;1;1;7;PASTEUR (RUE);48,8246500000;2,2926600000
202100040536;30;4;2021;18:45;1;92;92004;2;3;1;6;JEAN DUSSOURD;48,9070900000;2,2915000000
202100040539;8;5;2021;10:50;1;73;73085;1;1;1;7;D914 Route de Portout;45,8068099831;5,8463194319
202100040546;11;5;2021;17:19;1;38;38373;2;2;3;3;D12a;45,3662450000;5,5530100000
202100040551;7;4;2021;19:45;1;65;65062;2;1;1;2;D817;43,2006160000;0,1307900000
202100040565;10;5;2021;13:25;1;33;33005;2;9;1;3;Avenue de Gascogne;44,7320060000; -1,0776420000
202100040570;11;5;2021;18:15;1;88;88219;2;9;2;3;D19;48,4500480000;5,6791380000
202100040589;4;5;2021;16:23;1;988;98818;2;3;2;3;RUE AUGUSTE BENEBIG/RUE ALBERT 1ER; -22,2714900000;166,4515500000
202100040590;9;5;2021;13:40;1;974;97409;1;1;1;3;CAMBUSTON (rue de); -20,9323221000;55,6509089470
202100040592;9;5;2021;19:57;2;69;69383;2;2;1;3;ALBERT THOMAS (CR);45,7466782260;4,8681208491
202100040599;9;5;2021;15:30;1;95;95019;2;1;1;3;JAURES JEAN (RUE);48,9949300000;2,4193800000
202100040610;9;5;2021;18:25;1;33;33529;2;1;3;7;;44,6054600000; -1,2006200000
202100040626;9;5;2021;11:20;1;75;75119;2;2;1;3;RUE DE BELLEVILLE;48,8754630000;2,3990100000
202100040633;9;5;2021;15:00;1;93;93031;2;1;1;3;Avenue Joffre;48,9607340000;2,2973650000
202100040648;8;5;2021;17:30;1;58;58213;1;1;1;7;Villaines;47,4177360000;3,0253170000
202100040663;9;5;2021;12:00;1;25;25104;1;1;1;7;Rue de Bartherans;47,0073870000;5,9036280000
202100040669;10;5;2021;09:50;1;50;50032;1;2;1;5;Les Chasses;49,1149780000; -1,0022370000
202100040673;9;5;2021;10:25;1;73;73010;1;1;1;6;D49 Rte de Saint Girod (Mognard);45,7520030000;5,9420180000
202100040683;8;5;2021;15:50;1;37;37052;2;1;1;3;102 route d'Amboise;47,4482299544;0,9000688027
202100040695;8;5;2021;09:45;1;68;68223;2;3;1;3;route du Gascnhey;48,0273470000;7,0793260000
202100040700;8;4;2021;15:00;1;31;31421;1;1;1;2;d820;43,4837950000;1,3911310000
202100040722;8;5;2021;14:35;1;69;69383;2;2;1;1;LACASSAGNE (AV);45,7528000000;4,8696600000
202100040746;8;5;2021;12:20;1;38;38151;2;1;1;3;Avenue Victor Hugo;45,1531000000;5,7113000000
202100040747;8;5;2021;05:00;5;38;38185;2;1;1;3;Rue AimÃ© Pupin;45,1610700000;5,7239500000
202100040768;8;5;2021;18:15;1;75;75115;2;3;1;3;RUE MAUBLANC;48,8392810000;2,3003880000
202100040772;8;5;2021;18:50;1;75;75104;2;3;1;7;RUE SAINT ANTOINE;48,8548190000;2,3624390000
202100040773;8;5;2021;18:15;1;75;75101;2;3;1;3;BOULEVARD DE SEBASTOPOL;48,8629350000;2,3507150000
202100040775;8;5;2021;17:05;1;94;94016;2;1;1;6;Avenue de la Division Leclerc;48,7865500000;2,3296000000
202100040778;8;5;2021;12:20;1;92;92072;2;1;1;3;EUROPE (AVENUE DE L');48,8237100000;2,2112200000
202100040780;7;5;2021;16:50;1;92;92025;2;1;1;3;HENRI BARBUSSE (AV);48,9210188057;2,2526156902
202100040786;8;5;2021;15:15;1;51;51559;2;1;1;1;Avenue du GÃ©nÃ©ral de Gaulle;49,1213900000;4,5424820000
202100040793;9;5;2021;16:45;1;74;74236;1;1;1;1;1180 Av du Mont Paccard;45,9024390000;6,7116080000
202100040813;8;5;2021;17:40;1;64;64316;1;1;1;7;RD 19 PK 4+500;43,0209330000; -0,9934690000
202100040817;8;5;2021;17:30;1;43;43163;1;1;1;7;D184;45,2335278597;4,4326829910
202100040822;8;5;2021;10:55;1;85;85114;2;3;1;3;Rue des Calines;46,4151760000; -1,5670380000
202100040824;9;5;2021;10:30;1;30;30236;1;1;1;7;DÃ©partementale 57;44,0464230000;3,8705400000
202100040835;9;5;2021;09:35;1;95;95039;2;1;1;6;22 Rue de Pontoise;49,0696085427;2,1406134646
202100040847;8;5;2021;18:55;1;01;01249;2;2;1;3;MontÃ©e Neuve;45,8253380000;4,9421200000
202100040849;8;5;2021;15:30;1;69;69054;2;1;1;2;NAPOLEON (RTE);46,1686640000;4,4907370000
202100040865;21;2;2021;10:45;1;75;75116;2;1;1;1;ROUTE DE LA SEINE A LA BUTTE MORTEMART;48,8515540000;2,2379880000
202100040878;7;5;2021;19:00;2;91;91692;2;9;1;3;CHAMPS LASNIERS (AVENUE);48,6845510000;2,1697420000
202100040888;3;5;2021;18:15;1;77;77122;2;1;1;3;AV JEAN JAURES;48,6559100000;2,5629800000
202100040894;4;5;2021;20:10;2;67;67447;2;1;2;1;GENERAL DE GAULLE (ROUTE DU);48,6031500000;7,7382100000
202100040895;7;5;2021;16:52;1;64;64445;2;3;1;2;ARSENE D'ARSONVAL;43,3085200000; -0,3634000000
202100040896;6;5;2021;07:55;1;64;64445;2;3;1;3;LYAUTEY;43,3044000000; -0,3673000000
202100040901;7;5;2021;10:20;1;56;56260;2;6;1;3;HERRIOT(AVENUE EDOUARD);47,6548960000; -2,7396000000
202100040902;3;5;2021;14:20;1;54;54167;1;1;1;6;RD909;48,6645580000;5,9557270000
202100040907;7;5;2021;07:35;1;51;51454;2;6;1;3;Avenue FranÃ§ois Mauriac;49,2337300000;3,9994100000
202100040909;2;5;2021;12:30;1;50;50602;2;1;1;3;CARNOT (RUE);49,6459000000; -1,5918800000
202100040912;7;5;2021;15:55;1;47;47031;2;6;1;3;RIOLS (ALLEE DE);44,1800686559;0,6254972745
202100040927;3;5;2021;16:55;1;33;33013;2;3;1;3;Avenue de Virecourt;44,8557600000; -0,4963300000
202100040941;6;5;2021;17:01;1;11;11262;2;9;1;3;PECLET (RUE);43,1899900000;3,0161800000
202100040944;7;5;2021;16:30;1;06;06069;2;1;1;3;CHENES (CHEMIN DES);43,6408000000;6,9171700000
202100040946;7;5;2021;10:50;1;75;75118;2;1;1;3;RUE BOUCRY;48,8943270000;2,3612820000
202100040948;7;5;2021;13:25;1;75;75117;2;1;1;2;PLACE DE LA PORTE DE CHAMPERRET;48,8858550000;2,2896770000
202100040954;22;2;2021;09:16;1;75;75110;2;7;1;3;RUE DU FAUBOURG DU TEMPLE;48,8677450000;2,3643570000
202100040955;7;5;2021;17:15;1;75;75107;2;2;1;3;AVENUE DE BRETEUIL;48,8515680000;2,3117400000
202100040956;7;5;2021;16:55;1;75;75107;2;3;1;7;QUAI ANATOLE FRANCE;48,8624160000;2,3198510000
202100040959;7;5;2021;18:00;1;94;94068;2;1;1;3;BEAUBOURG (R);48,8143471135;2,4726436830
202100040980;7;5;2021;15:05;1;92;92025;2;1;1;1;CHARLES DE GAULLE (BD);48,9152234477;2,2282129526
202100040981;8;5;2021;15:20;1;39;39183;1;1;1;3;;46,7529420000;5,7953090000
202100040984;8;5;2021;17:00;1;14;14027;1;1;1;1;D106;48,9852370000; -0,6404790000
202100040988;7;5;2021;16:45;1;80;80186;2;1;7;2;Rue de Picardie;49,8190360000;2,7933760000
202100040990;8;5;2021;15:10;1;89;89464;2;4;1;2;Rue de Dixmont;48,0861599348;3,2982874877
202100040999;7;5;2021;14:18;1;05;05017;1;1;1;3;RN94 - PK 77-755;44,5739000000;6,1713120000
202100041014;7;5;2021;09:35;1;974;97415;1;6;1;3;Route Nationale (hermitage); -21,0611740000;55,2235400000
202100041023;7;5;2021;18:45;1;67;67529;2;3;1;3;rue de la gare;48,7178110000;7,7977960000
202100041025;26;4;2021;14:30;1;57;57550;1;1;1;3;Rue de Saint-avold;49,1505981173;6,6671778701