Num_Acc;jour;mois;an;hrmn;lum;dep;com;agg;int;atm;col;adr;lat;long
202100041055;3;5;2021;16:00;1;69;69386;2;2;1;3;VENDOME (R);45,7658200000;4,8455900000
202100041060;5;5;2021;19:45;3;971;97113;1;3;1;3;Morne Salines;16,2085700000; -61,4420300000
202100041078;6;5;2021;20:40;1;76;76681;2;3;1;3;RASPAIL. RUE FRANCOIS;49,4157800000;1,0947500000
202100041083;4;5;2021;18:22;1;66;66136;2;3;1;3;SCHWEITZER (AVENUE DU DOCTEUR ALBERT);42,7210400000;2,8843000000
202100041097;6;5;2021;07:55;1;51;51454;2;1;1;6;Rue Gerbert;49,2503600000;4,0393500000
202100041104;6;5;2021;15:39;1;45;45068;2;1;3;7;36 bis Rue Roger Salengro;48,0171230000;2,7153330000
202100041106;20;4;2021;17:00;1;42;42044;2;1;1;1;Place Jean JaurÃ¨s;45,3966800000;4,3244900000
202100041114;30;4;2021;19:05;1;29;29019;2;1;1;3;Quai Commandant Malbert;48,3790897328; -4,4859745176
202100041115;4;5;2021;06:28;2;29;29019;2;6;2;2;Boulevard de la Marine;48,3826968393; -4,4921513647
202100041117;4;5;2021;13:10;1;29;29019;2;6;2;3;Rue Emile Rousse;48,3816433921; -4,5272039977
202100041132;30;4;2021;12:45;1;01;01053;2;2;2;3;SAMARITAINE ( RUE);46,2047225805;5,2274948816
202100041138;6;5;2021;20:15;5;75;75116;2;2;2;3;ALLEE DE LONGCHAMP;48,8725270000;2,2644360000
202100041145;6;5;2021;10:15;1;75;75112;2;1;2;3;RUE DE CHARENTON;48,8513280000;2,3723060000
202100041147;6;5;2021;13:10;1;75;75108;2;2;2;3;RUE CAMBACERES;48,8732340000;2,3179260000
202100041160;6;5;2021;19:05;1;92;92046;2;1;2;7;MARECHAL LECLERC (AVENUE DU);48,8208568776;2,3102134466
202100041161;6;5;2021;18:10;1;92;92046;2;1;8;1;Charles de gaulle;48,8232970000;2,2998140000
202100041162;6;5;2021;08:55;1;92;92073;2;1;2;7;ROOSVELT (AVENUE FRANKLIN);48,8749340569;2,2198873758
202100041172;7;5;2021;16:20;1;95;95487;2;1;1;3;109 Avenue Jacques Vogt;49,1534900000;2,2712170000
202100041173;6;5;2021;14:23;1;06;06161;2;1;1;1;Boulevard des Italiens;43,6401790000;7,1402440000
202100041198;7;5;2021;08:45;1;60;60029;1;6;1;3;RD981 - Le point du jour;49,3635460000;1,9729040000
202100041210;7;5;2021;19:00;1;57;57160;2;2;1;1;rue des Jonquilles/rue de la Houve;49,2147900000;6,6940320000
202100041217;7;5;2021;12:00;1;22;22070;2;1;1;7;Rue du Grand Trotrieux;48,5604980000; -3,1513600000
202100041241;4;5;2021;21:30;5;60;60665;2;3;1;3;Rue AndrÃ© Mellenne;49,4140000000;2,8000000000
202100041244;5;5;2021;18:30;3;974;97416;1;3;1;1;RN3 (3); -21,3152500000;55,4929600000
202100041249;5;5;2021;07:50;1;69;69387;2;2;2;3;BERTHELOT                           (AV);45,7417200000;4,8528300000
202100041267;5;5;2021;08:34;1;65;65440;2;6;2;3;FERRE (PLACE);43,2283801177;0,0758276618
202100041286;3;5;2021;20:14;1;34;34172;2;2;1;3;JUVENAL (PONT);43,6058900000;3,8940900000
202100041287;4;5;2021;17:50;1;33;33281;2;9;1;3;Avenue Roland Garros;44,8245600000; -0,6863300000
202100041294;5;5;2021;08:10;1;25;25056;2;1;1;3;GAULLE BOULEVARD CHARLES;47,2300000000;6,0100000000
202100041319;5;5;2021;07:40;1;75;75113;2;4;1;2;BOULEVARD DE L HOPITAL;48,8399790000;2,3617640000
202100041324;4;5;2021;11:35;1;75;75103;2;2;1;3;RUE DU TEMPLE;48,8618970000;2,3569210000
202100041326;2;5;2021;10:10;1;94;94068;2;3;1;1;Quai de Champignol;48,8094200000;2,5106000000
202100041331;5;5;2021;09:00;1;93;93055;2;1;1;6;ANATOLE FRANCE (AVENUE);48,8923360000;2,4235700000
202100041337;5;5;2021;13:05;1;92;92035;2;1;1;6;Veuve Lacroix ( rue );48,9044819710;2,2360423207
202100041351;5;5;2021;09:40;1;51;51052;1;1;2;7;D980;49,2737160000;4,1590550000
202100041358;27;4;2021;10:00;1;44;44158;1;2;1;3;La Musse;47,2319400000; -1,7869520000
202100041410;4;5;2021;19:41;1;75;75108;2;2;1;3;AVENUE WINSTON CHURCHILL;48,8677470000;2,3139770000
202100041413;4;5;2021;13:00;1;75;75101;2;1;1;6;RUE DE RIVOLI;48,8630320000;2,3344910000
202100041423;3;5;2021;13:55;1;92;92046;2;6;1;3;CAMELINAT;48,8159600000;2,2953300000
202100041456;2;4;2021;13:15;1;07;07201;1;1;1;3;D 111;44,4289530000;4,3318960000
202100041459;4;5;2021;12:35;1;52;52058;1;2;2;3;D44;48,2042730000;5,1488170000
202100041497;3;5;2021;08:45;1;69;69386;2;1;1;7;LAFAYETTE (CR);45,7637308357;4,8651060462
202100041498;3;5;2021;08:05;1;69;69276;2;2;1;3;HECTOR BERLIOZ                          ;45,6681000000;4,8529900000
202100041507;30;4;2021;16:50;1;87;87085;2;1;1;6;LECLERC (AVENUE DU GENERAL);45,8401900000;1,2586100000
202100041516;3;5;2021;19:50;1;71;71153;2;1;1;3;MONTCENIS (ROUTE DE);46,8008000000;4,4116000000
202100041539;3;5;2021;07:10;2;28;28085;2;1;7;2;MERMOZ (RUE JEAN);48,4502700000;1,5093800000
202100041559;3;5;2021;09:00;1;75;75108;2;7;1;1;PLACE DU CANADA;48,8649210000;2,3103220000
202100041561;2;5;2021;10:35;1;75;75101;2;2;7;6;RUE DE RIVOLI;48,8637300000;2,3322340000
202100041564;3;5;2021;16:00;1;94;94016;2;1;1;6;Avenue de la Division Leclerc;48,7849800000;2,3285300000
202100041577;3;5;2021;21:00;2;92;92046;2;1;1;1;LOUIS GIRARD (RUE);48,8139200000;2,2815700000
202100041585;3;5;2021;10:30;1;62;62030;2;1;1;7;Rue Jules Lefebvre;50,1390090000;2,3950360000
202100041589;3;5;2021;16:50;1;89;89096;2;2;1;3;Rue Charles de Gaulle;47,8989880000;3,5618450000
202100041590;3;5;2021;15:00;1;61;61214;2;1;1;6;23 Rue des Vaux;48,7560370000;0,6269770000
202100041591;3;5;2021;08:55;2;42;42097;2;2;1;1;M1082;45,4982520000;4,3174660000
202100041610;1;5;2021;11:45;1;84;84054;2;6;3;3;Route de Carpentras;43,9266290000;5,0631740000
202100041615;26;3;2021;13:25;1;73;73261;2;6;1;3;D1006 R du Temple;45,2199380000;6,4647840000
202100041680;30;4;2021;21:10;5;75;75110;2;2;1;3;RUE DU FAUBOURG SAINT DENIS;48,8793250000;2,3570960000
202100041683;2;5;2021;11:15;1;75;75116;2;1;1;3;ROUTE DES TRIBUNES;48,8604010000;2,2298640000
202100041695;2;5;2021;18:25;1;94;94018;2;1;1;6;GRAVELLE (AV DE);48,8291700000;2,4034550000
202100041711;13;4;2021;18:45;1;35;35099;2;4;1;1;Les Faroulais;48,0865870000; -1,5521940000
202100041714;30;4;2021;15:30;1;72;72051;2;1;1;3;Rue du LÃ©ard;47,8237740000;0,0862810000
202100041716;3;5;2021;08:00;1;14;14020;2;6;7;3;Rue de la Gare;49,1210890000; -0,1741440000
202100041732;2;5;2021;10:45;1;95;95355;2;6;1;3;RD 983;49,1469234618;1,7879419768
202100041738;2;5;2021;12:30;1;53;53175;1;1;1;3;La Sumeraine;48,0325990000; -0,6714110000
202100041767;15;4;2021;18:15;1;91;91345;2;1;1;3;RUE PDT FRANCOIS MITTERRAND;48,6910000000;2,2895500000
202100041778;26;3;2021;07:15;1;971;97101;1;9;1;6;ROUTE DE CHAZEAU;16,2826600000; -61,4871300000
202100041790;30;4;2021;17:11;1;65;65440;2;1;2;2;ADOUR (QUAI DE L');43,2302760000;0,0878420000
202100041794;30;4;2021;17:10;1;59;59317;1;1;1;2;BRUNE  (RUE);50,6887500000;2,9306600000
202100041798;1;5;2021;14:15;1;35;35278;2;6;1;3;RENNES (ROND POINT DE);48,1375700000; -1,6862600000
202100041810;1;5;2021;14:15;1;75;75118;2;3;8;3;RUE MARX DORMOY;48,8861150000;2,3594790000
202100041811;1;5;2021;09:00;1;75;75118;2;2;8;3;RUE DU MONT CENIS;48,8912130000;2,3436410000
202100041815;1;5;2021;17:30;1;75;75112;2;6;1;1;CARREFOUR DE PATTE D OIE;48,8223100000;2,4422400000
202100041817;1;5;2021;01:40;5;75;75111;2;1;1;6;RUE DU CHEMIN VERT;48,8605330000;2,3793690000
202100041818;1;5;2021;17:05;1;75;75110;2;1;2;6;BOULEVARD DE STRASBOURG;48,8728160000;2,3561890000
202100041855;30;4;2021;12:20;1;67;67112;2;1;2;3;39 Rue du General de Gaulle;48,5223020000;7,5685690000
202100041873;30;4;2021;16:50;1;69;69385;2;1;8;7;CHOULAND (DE) (MO);45,7519837471;4,8170596361
202100041880;30;4;2021;12:30;1;86;86194;2;3;1;6;Rue Gaston Hulin;46,5826170000;0,3405470000
202100041889;30;4;2021;18:35;1;59;59378;2;5;8;3;REPUBLIQUE AV DE LA (NÂ°829-931);50,6621500000;3,0962700000
202100041894;24;4;2021;11:10;1;53;53130;2;1;1;7;FERME DE BOIS GAMATS ( CHEMIN DE LA );48,0523680000; -0,7836550000
202100041895;29;4;2021;17:55;1;52;52121;2;1;1;3;VAL BARIZIEN (RUE DU);48,1071700000;5,1328100000
202100041901;30;4;2021;10:40;1;37;37261;2;1;1;6;JOLIVET (RUE);47,3933600000;0,7039000000
202100041902;3;4;2021;10:27;1;36;36044;2;6;1;3;Avenue Charles de Gaulle;46,8101000000;1,6877300000
202100041905;30;4;2021;12:40;1;35;35051;2;6;1;3;BRAY (RUE DE);48,1087900000; -1,6032400000
202100041910;28;4;2021;08:30;1;21;21231;2;9;1;3;Avenue Jean JaurÃ¨s;47,3074055800;5,0247920256
202100041925;30;4;2021;09:05;1;75;75118;2;4;1;3;BOULEVARD DE LA CHAPELLE;48,8845050000;2,3642120000
202100041927;30;4;2021;11:08;1;75;75115;2;1;1;3;RUE FONDARY;48,8464790000;2,2973780000
202100041928;30;4;2021;15:30;1;75;75114;2;3;1;6;AVENUE REILLE;48,8244710000;2,3383490000
202100041929;30;4;2021;16:45;1;75;75112;2;1;1;3;BOULEVARD DE PICPUS;48,8459690000;2,4007860000
202100041930;30;4;2021;09:30;1;75;75110;2;7;1;3;PLACE DU COLONEL FABIEN;48,8776320000;2,3703910000
202100041940;30;4;2021;19:27;1;94;94028;2;1;1;6;Chemin du Bras du Chapitre;48,7912000000;2,4695100000
202100041943;30;4;2021;09:15;1;94;94071;2;1;1;2;Avenue Charles de Gaulle;48,7665400000;2,5322900000
202100041948;30;4;2021;18:50;1;93;93048;2;2;1;3;PRESIDENT WILSON (AVENUE DU);48,8556608490;2,4395569358
202100041955;30;4;2021;09:45;1;92;92044;2;2;1;3;PDTWILSOO(RUE)151A159 ET 146A170;48,9004200000;2,2832600000
202100041981;26;3;2021;18:15;2;81;81099;2;1;2;2;Avenue Marechal Juin;43,9049450000;1,8942720000
202100041982;1;5;2021;11:30;1;33;33077;2;1;8;2;;44,6022560000; -0,5555490000
202100042010;28;4;2021;17:25;1;79;79191;2;2;1;3;Rue Laurent Bonnevay;46,3156400000; -0,4813400000
202100042015;28;4;2021;17:15;1;67;67482;2;8;8;3;MARIA MONTESSORI (RUE);48,5611890000;7,7518260000
202100042030;29;4;2021;08:34;1;44;44109;2;3;1;1;ROUTE DE RENNES;47,2503400000; -1,5768000000
202100042032;28;4;2021;17:50;1;35;35238;2;1;1;3;SERBIE (PLACE DE);48,0881200000; -1,6590200000
202100042037;29;4;2021;08:25;1;29;29019;2;7;1;3;Avenue 1Ã¨re D.f.l.;48,3763650428; -4,5528267771
202100042043;29;4;2021;13:35;1;17;17300;2;1;1;3;CARNOT   AVENUE;46,1645400000; -1,1782500000
202100042052;29;4;2021;13:15;1;75;75119;2;3;1;3;QUAI DE LA SEINE;48,8853350000;2,3718210000
202100042055;28;4;2021;12:20;1;75;75116;2;3;1;6;QUAI LOUIS BLERIOT;48,8393250000;2,2668610000
202100042057;29;4;2021;18:30;1;75;75111;2;1;1;3;PASSAGE THIERE;48,8540400000;2,3737650000
202100042060;29;4;2021;11:20;1;75;75107;2;1;1;3;RUE SAINT DOMINIQUE;48,8585960000;2,3216660000
202100042061;28;4;2021;15:45;1;75;75104;2;3;1;3;RUE DE RIVOLI;48,8555440000;2,3597020000
202100042062;28;4;2021;11:00;1;75;75102;2;2;1;7;RUE DE RICHELIEU;48,8705400000;2,3393710000
202100042063;28;4;2021;16:45;1;94;94068;2;3;1;3;COMMANDANT GUILBAUD (AV DU);48,8061700000;2,4697700000
202100042072;28;4;2021;17:15;1;93;93063;2;2;1;3;REPUBLIQUE RUE DE LA;48,8819300000;2,4394800000
202100042080;27;4;2021;09:40;1;92;92024;2;6;1;3;REPUBLIQUE (PLACE DE LA);48,9031299945;2,3132818937
202100042099;28;4;2021;15:45;1;44;44213;2;2;1;2;Place Jeanne d'Arc;47,3848500000; -1,0291530000
202100042103;30;4;2021;15:30;1;50;50582;1;1;1;1;Les Boussardieres;48,7020290000; -0,9273950000
202100042108;30;4;2021;12:30;1;27;27511;2;3;1;3;D66;49,1449660000;0,9953030000
202100042109;29;4;2021;10:00;1;27;27576;2;1;1;3;Route du Chateau;49,1649670000;0,8473630000
202100042125;29;4;2021;18:05;1;89;89289;2;1;1;3;34 Rue du Pilori;47,9539100000;3,3681130000
202100042133;29;4;2021;17:45;1;44;44047;2;1;1;2;Rue de la MinÃ©e;47,2345590000; -1,6724700000
202100042151;27;4;2021;07:12;2;974;97411;2;9;3;1;Boulevard Jean JaurÃ¨s; -20,8974500000;55,4757400000
202100042153;28;4;2021;18:40;1;69;69388;2;2;1;3;FRERES LUMIERE (DES) (AV);45,7433500000;4,8742400000
202100042170;27;4;2021;17:00;1;67;67482;2;3;1;3;CHARMILLE (RUE DE LA);48,5809900000;7,7188900000
202100042172;28;4;2021;01:31;5;63;63113;2;2;1;3;CLOS NOTRE DAME (RUE DU);45,7837000000;3,0766900000
202100042173;28;4;2021;18:30;1;62;62193;2;1;1;2;ST EXUPERY (AVENUE);50,9461000000;1,8813400000
202100042183;28;4;2021;17:20;1;37;37122;2;3;1;6;BRANLY (RUE EDOUARD);47,3580024761;0,6810997725
202100042186;28;4;2021;18:55;1;35;35238;2;3;1;6;CHATEAUGIRON (DE);48,0974400000; -1,6420300000
202100042187;28;4;2021;16:10;1;33;33032;2;3;1;6;Rue de Rome;44,8962990000; -0,5201960000
202100042189;28;4;2021;07:30;2;33;33529;2;1;8;3;Avenue de BisseriÃ©;44,6265634590; -1,1412256817
202100042195;28;4;2021;16:28;1;17;17300;2;1;1;3;NORMANDIN   RUE EMILE;46,1494100000; -1,1447000000
202100042202;27;4;2021;19:01;1;10;10387;2;6;1;3;ROBERT GALLEY (RUE);48,2899800000;4,0677600000
202100042210;28;4;2021;20:20;1;75;75118;2;2;1;3;BOULEVARD BARBES;48,8855610000;2,3495300000
202100042211;28;4;2021;14:50;1;75;75116;2;2;1;3;AVENUE DE VERSAILLES;48,8452950000;2,2715910000
202100042212;28;4;2021;13:50;1;75;75115;2;7;1;6;RUE DU COMMERCE;48,8448320000;2,2939800000
202100042215;27;4;2021;12:45;1;75;75104;2;7;1;1;PLACE DE LA BASTILLE;48,8532510000;2,3686120000
202100042216;27;4;2021;09:00;1;75;75103;2;2;1;3;RUE REAUMUR;48,8654590000;2,3561230000
202100042221;28;4;2021;18:52;1;93;93070;2;7;2;2;DOCTEUR BAUER(RUE DU) :NÂ°  75 AU 129;48,9054600000;2,3440300000
202100042230;24;4;2021;13:30;1;92;92063;2;2;1;3;BUZENVAL (PLACE DE);48,8572200000;2,1901500000
202100042231;28;4;2021;14:00;1;92;92051;2;1;1;3;CHARLES DE GAULLE (AVENUE,NÂ°118 A 192 +;48,8829150991;2,2664384544
202100042233;28;4;2021;07:15;1;92;92026;2;1;1;3;CIRCULAIRE (BOULEVARD);48,8908900000;2,2476700000
202100042264;29;4;2021;08:45;1;81;81099;2;7;2;3;Intersection place de la libÃ©ration - D 988;43,8999180000;1,8985530000
202100042315;27;4;2021;09:10;1;35;35055;2;6;1;3;LANDES (RUE DES);48,0930500000; -1,6179800000
202100042323;27;4;2021;13:45;1;29;29232;2;3;1;3;Rue le Dean;47,9935900000; -4,0958900000
202100042344;27;4;2021;17:20;1;75;75119;2;1;1;2;AVENUE SIMON BOLIVAR;48,8807040000;2,3739630000
202100042347;27;4;2021;15:35;1;75;75117;2;5;1;3;RUE LEGENDRE;48,8832680000;2,3127450000
202100042352;27;4;2021;17:15;1;75;75115;2;2;1;3;AVENUE EMILE ZOLA;48,8468790000;2,2924140000
202100042355;27;4;2021;10:20;1;75;75111;2;3;1;3;BOULEVARD VOLTAIRE;48,8630510000;2,3713020000
202100042359;15;4;2021;17:00;1;75;75107;2;3;1;7;QUAI D ORSAY;48,8627790000;2,3116580000
202100042368;27;4;2021;20:00;1;93;93066;2;9;1;3;SAINT JUST (ALLEE);48,9085279601;2,3615913099
202100042370;26;4;2021;08:30;1;93;93063;2;1;1;3;NOISY ROUTE DE;48,8948200000;2,4299600000
202100042379;27;4;2021;18:50;1;92;92012;2;2;1;6;VICTOR HUGO (AVENUE) DEBUT/47 BIS- DEBUT;48,8373100000;2,2457900000
202100042380;27;4;2021;19:30;1;92;92014;2;3;1;2;MARECHAL JOFFRE (BD DU) (1 A 41 - 2 A 56;48,7824656822;2,3147892952
202100042426;26;4;2021;06:00;3;974;97411;2;6;1;3;Boulevard Jean JaurÃ¨s; -20,9010600000;55,4965000000
202100042428;26;4;2021;19:30;1;69;69387;2;3;1;3;BRIGADIER VOITURET (DU) (R);45,7465700000;4,8465000000
202100042433;26;4;2021;16:45;1;91;91691;2;1;1;2;CONCY(RUE);48,7138500000;2,4890900000
202100042448;25;4;2021;14:30;1;76;76351;2;1;1;6;GUSTAVE FLAUBERT;49,4967450000;0,1068500000
202100042451;25;4;2021;12:00;1;69;69013;2;6;1;3;RN6 (CHARTONNIERE);46,0082600000;4,7198200000
202100042453;24;4;2021;10:20;1;67;67482;2;1;1;2;ALTENHEIM (ROUTE D );48,5365880000;7,7707990000
202100042454;23;4;2021;20:20;2;67;67482;2;3;1;3;ZELLENBERG (RUE DE);48,5644900000;7,7664150000
202100042457;4;3;2021;13:20;1;65;65047;2;3;1;3;MAI (RUE DU 8);43,2474453298;0,0869691802
202100042461;26;4;2021;09:40;1;59;59328;2;1;1;6;DUNKERQUE AVENUE DE;50,6391962646;3,0208110809
202100042462;23;4;2021;19:05;1;59;59043;1;8;1;6;VINCENT (CHEMIN);50,7191900000;2,7710100000
202100042463;24;4;2021;17:50;1;56;56121;2;3;1;3;CHENAILLER DIT COLONEL MAURICE ( AV. );47,7365700000; -3,3903200000
202100042468;26;4;2021;09:45;1;44;44162;2;1;1;3;BOULEVARD SALVADOR ALLENDE;47,2190800000; -1,6216000000
202100042472;26;4;2021;17:10;1;37;37261;2;3;1;6;PORT BRETAGNE (RUE);47,3951820079;0,6753475070
202100042473;24;4;2021;12:20;1;37;37261;2;6;1;6;LOUIS XI (ROND-POINT);47,3746900000;0,6708900000
202100042478;26;4;2021;18:20;1;27;27701;2;1;1;3;FALAISES (ROUTE DES) NATION A ANDELLE;49,2727360000;1,2208500000
202100042494;26;4;2021;19:25;1;75;75119;2;1;1;2;RUE DE JOINVILLE;48,8898630000;2,3800430000
202100042507;26;4;2021;08:00;1;75;75102;2;2;1;7;RUE D ABOUKIR;48,8685870000;2,3497300000
202100042508;25;4;2021;13:10;1;75;75104;2;2;1;3;QUAI DE L HOTEL DE VILLE;48,8543930000;2,3549860000
202100042509;26;4;2021;18:00;1;94;94016;2;2;1;3;Boulevard de la Vanne;48,7855590000;2,3379030000
202100042523;27;4;2021;11:00;1;80;80835;1;1;1;1;D259;49,9743850000;2,1124490000
202100042527;24;4;2021;17:50;1;61;61446;1;1;1;7;D230;48,7566950000;0,4789600000
202100042528;24;4;2021;19:00;1;49;49180;2;2;1;3;Place du Champ de Foire;47,3757290000; -0,1107830000
202100042531;26;4;2021;17:30;1;68;68349;2;2;1;3;100 Rue du GÃ©nÃ©ral de Gaulle;47,6055950000;7,5711790000
202100042537;27;4;2021;11:55;1;05;05127;1;1;1;7;D3;44,4861760000;6,2734350000
202100042544;26;4;2021;18:10;1;28;28057;2;1;1;3;8 Impasse du Presbytere;48,2591840000;1,3754260000
202100042551;23;4;2021;18:00;1;84;84065;1;6;1;3;D973;43,7456150000;5,3072660000
202100042555;26;4;2021;12:50;1;88;88173;1;1;1;7;D55;48,3594710000;6,2435390000
202100042557;26;4;2021;15:00;1;49;49301;1;1;1;6;Le Petit Quarteron (tilliÃ¨res);47,1564910000; -1,1638700000
202100042560;27;4;2021;17:00;1;22;22364;2;1;7;3;D776;48,4372020000; -2,1121220000
202100042595;23;4;2021;13:40;1;29;29232;2;1;1;1;Avenue de la Liberation;47,9925300000; -4,0824700000
202100042597;25;4;2021;17:55;1;27;27229;2;1;1;2;CONCHES (ROUTE DE);49,0193100000;1,1189500000
202100042599;24;4;2021;10:40;1;13;13028;2;1;1;6;BEAU RIVAGE (BOULEVARD);43,1870050000;5,6230460000
202100042600;24;4;2021;16:00;1;07;07019;1;6;1;3;RN 102;44,6132270000;4,4082430000
202100042601;25;4;2021;02:40;5;75;75120;2;2;1;3;RUE DE MENILMONTANT;48,8683070000;2,3881800000
202100042603;25;4;2021;10:45;1;75;75112;2;2;1;3;AVENUE DAUMESNIL;48,8358910000;2,4056710000
202100042606;25;4;2021;19:30;1;94;94033;2;9;1;1;Rue des 4 Ruelles;48,8552000000;2,4531800000
202100042612;25;4;2021;11:42;1;92;92077;2;1;1;7;PRIEURE (ROUTE DU);48,8198632234;2,1596503258
202100042613;25;4;2021;15:15;1;92;92064;2;1;1;7;PARC SAINT CLOUD;48,8363310000;2,2106710000
202100042626;24;4;2021;18:30;1;57;57706;1;1;1;2;Route DÃ©partementale 38;48,8250230000;6,7697940000
202100042630;26;4;2021;12:15;1;69;69133;1;1;8;1;TOUR (DE LA) (COT);45,6336652610;4,7907040791
202100042640;25;4;2021;10:06;1;64;64495;2;6;8;3;D918;43,3512950000; -1,5494800000
202100042643;21;4;2021;11:49;1;974;97410;2;6;1;3;Rond-point des 4 bornes; -21,0488710000;55,7135800000
202100042684;24;4;2021;22:15;5;54;54395;2;4;1;3;FAUBOURG DES TROIS MAISONS (RUE DU);48,7011791434;6,1768108606
202100042699;22;4;2021;13:10;1;75;75116;2;1;1;4;AVENUE DE L HIPPODROME;48,8636420000;2,2370930000
202100042700;22;4;2021;11:15;1;75;75116;2;7;1;3;PLACE DE LA PORTE MAILLOT;48,8783322045;2,2810739279
202100042703;24;4;2021;12:20;1;75;75112;2;1;1;3;AVENUE DE NOGENT   VINCENNES;48,8444030000;2,4402000000
202100042704;24;4;2021;10:45;1;75;75112;2;1;1;3;ROUTE ROYALE DE BEAUTE;48,8342390000;2,4424640000
202100042705;24;4;2021;19:00;1;75;75111;2;4;1;3;BOULEVARD VOLTAIRE;48,8528225019;2,3884873746
202100042708;24;4;2021;15:45;1;75;75101;2;5;1;2;RUE DE ROHAN;48,8631640000;2,3355330000
202100042729;24;4;2021;12:01;1;01;01353;1;1;1;2;D936;45,9832160000;4,7901250000
202100042734;23;4;2021;18:00;1;74;74256;2;1;1;1;107 rue pasteur;45,9372580000;6,6283180000
202100042783;24;4;2021;16:00;1;01;01313;2;2;1;3;Route Bellevue;46,2597720000;6,0808030000
202100042791;24;4;2021;14:50;1;62;62089;1;1;1;2;departementale d237;50,8298710000;1,6555710000
202100042808;23;4;2021;19:30;1;69;69199;2;2;7;3;YVES FARGES (BD);45,6886594149;4,8616433144
202100042809;23;4;2021;17:15;1;69;69386;2;2;1;1;VITTON (CR);45,7700974430;4,8596745729
202100042817;23;4;2021;17:40;1;91;91345;2;1;1;6;BD DU DOC CATHELIN;48,6885100000;2,2886800000
202100042820;17;2;2021;14:05;1;88;88160;1;1;1;7;;48,1324480000;6,4350330000
202100042826;22;4;2021;14:20;1;78;78322;2;2;1;3;LIBERATION (RUE DE LA);48,7636700000;2,1667400000
202100042834;23;4;2021;20:15;1;72;72181;2;1;1;3;FLEURUS (RUE DE) NÂ° IMP;47,9965800000;0,1956500000
202100042837;23;4;2021;18:20;1;69;69266;2;3;1;3;BOURGCHANIN (R);45,7671968944;4,9024813641
202100042838;4;4;2021;10:50;1;68;68297;2;2;1;3;CHAMPS ( RUE DES );47,5712010000;7,5561950000
202100042849;23;4;2021;09:45;1;64;64545;2;1;1;3;RD810;43,3747000000; -1,6791700000
202100042850;23;4;2021;18:45;1;64;64348;2;6;1;3;SANTONA DE;43,3228100000; -0,3995400000
202100042851;23;4;2021;16:20;1;64;64445;2;3;1;3;TOURASSE;43,3084400000; -0,3402400000
202100042853;23;4;2021;12:30;1;64;64122;2;6;1;3;LA NEGRESSE (CARREFOUR DE LA);43,4602800000; -1,5479200000
202100042855;23;4;2021;14:40;1;62;62193;2;1;1;1;ROYALE;50,9573690000;1,8495010000
202100042895;23;4;2021;16:10;1;10;10081;2;3;1;3;JEAN MOULIN (RUE);48,3083000000;4,0353400000
202100042897;23;4;2021;10:37;1;10;10362;2;1;1;3;CHANTELOUP (CD);48,2955800000;4,0436700000
202100042907;23;4;2021;09:40;1;75;75105;2;1;1;2;RUE JUSSIEU;48,8468580000;2,3540440000
202100042914;23;4;2021;09:45;1;75;75108;2;2;1;2;RUE BEAUJON;48,8748490000;2,3018010000
202100042915;22;4;2021;22:10;5;75;75107;2;3;1;2;RUE DE SEVRES;48,8473890000;2,3182050000
202100042920;23;4;2021;18:50;1;94;94068;2;2;1;3;Avenue Louis Blanc;48,7921010000;2,4971460000
202100042921;23;4;2021;18:05;1;94;94042;2;3;1;1;Quai de Polangis;48,8296050000;2,4734750000
202100042923;23;4;2021;08:30;1;94;94076;2;2;1;4;Av du President Salvador Allende;48,7949760000;2,3543310000
202100042937;23;4;2021;15:00;1;92;92048;2;1;1;1;VAUGIRARD (ROUTE DE);48,8206200000;2,2371100000
202100042942;23;4;2021;17:51;1;31;31418;2;1;1;1;72 route du fouet;43,6221120000;1,5236230000
202100042943;16;4;2021;18:30;1;68;68038;2;1;1;1;grand rue;48,0963010000;7,4368720000
202100042952;24;4;2021;12:00;1;51;51149;2;2;1;3;Rue Hubert Boullez;48,9002000000;4,4406120000
202100042964;22;4;2021;15:25;1;35;35071;1;1;1;6;CD 798 lieu dit ville courte;48,4451660000; -1,2458860000
202100042976;24;4;2021;07:45;1;13;13032;1;1;1;4;Route de Pelissanne;43,5779040000;5,3365450000
202100042981;22;4;2021;14:30;1;06;06128;1;1;7;3;616 chemin des salettes;43,6917820000;7,1182660000
202100042986;24;4;2021;15:37;1;64;64230;2;1;1;7;Chemin de Berdoulou;43,2090680000; -0,3954240000
202100042987;23;4;2021;11:20;1;33;33554;1;3;1;3;;44,8864350000; -0,4693440000
202100043008;21;4;2021;13:45;1;78;78640;2;1;1;3;PETIT CLAMART (RUE DU);48,7820800000;2,2261800000
202100043025;22;4;2021;16:57;1;51;51454;2;6;1;3;Avenue Paul Marchandeau;49,2421371036;4,0244113972
202100043026;22;4;2021;13:35;1;50;50129;2;4;1;3;MILLET (AVENUE JEAN-FRANCOIS);49,6338340000; -1,6223180000
202100043046;22;4;2021;13:23;1;10;10387;2;3;1;3;JULES GUESDE (RUE);48,2940000000;4,0818500000