Num_Acc;jour;mois;an;hrmn;lum;dep;com;agg;int;atm;col;adr;lat;long
202100043054;22;4;2021;19:40;1;75;75105;2;5;1;2;BOULEVARD SAINT MICHEL;48,8473390000;2,3408520000
202100043055;22;4;2021;08:50;1;75;75120;2;2;1;6;RUE DES HAIES;48,8529480000;2,4007790000
202100043062;21;4;2021;13:55;1;75;75110;2;1;1;6;BOULEVARD DE MAGENTA;48,8696270000;2,3620340000
202100043063;22;4;2021;18:00;1;75;75101;2;3;1;7;RUE DE L AMIRAL DE COLIGNY;48,8589890000;2,3398790000
202100043064;22;4;2021;13:45;1;94;94068;2;1;1;7;BAC (AV DU);48,7948870000;2,5104820000
202100043065;21;4;2021;18:30;1;94;94068;2;6;2;3;MARECHAL LYAUTEY (AV DU);48,7933260000;2,4866850000
202100043076;12;4;2021;10:55;1;92;92063;2;6;1;3;ROOSEVELT (BOULEVARD FRANKLIN);48,8799409228;2,1681033075
202100043087;22;4;2021;15:20;1;74;74208;2;6;1;3;Rond point du faubourg;45,9212590000;6,7136500000
202100043090;22;4;2021;14:15;1;32;32160;1;1;1;2;D 531;43,6026540000;1,1543370000
202100043091;22;4;2021;17:20;1;47;47195;2;1;1;2;Avenue De lattre de tassigny;44,1347518763;0,3400436145
202100043098;23;4;2021;17:24;1;05;05132;2;3;1;1;Route de la Motte;44,6842850000;6,0751930000
202100043106;23;4;2021;15:50;1;41;41008;1;1;1;3;D70;47,7412170000;1,5432680000
202100043107;15;4;2021;16:10;1;66;66008;1;1;1;3;traverse San PÃ¨re;42,5506140000;2,9996430000
202100043110;22;4;2021;13:20;1;33;33519;1;1;1;1;Avenue de Soulac;44,8959360000; -0,6692220000
202100043113;18;4;2021;10:00;1;29;29103;2;6;1;3;Rue du Roual;48,4385680000; -4,2683550000
202100043132;21;4;2021;14:44;1;69;69382;2;1;8;6;SMITH (R);45,7456016201;4,8248311242
202100043133;21;4;2021;09:05;1;69;69081;2;6;1;3;PROFESSEUR PAUL SANTY (DU) (AV);45,7737494097;4,7727334499
202100043147;21;4;2021;17:20;1;64;64102;2;1;1;3;BASQUE (AVENUE DU GRAND);43,4916900000; -1,4539900000
202100043148;21;4;2021;17:30;1;64;64024;2;6;1;1;RAYON VERT (ROND POINT DU);43,5010000000; -1,5384200000
202100043150;21;4;2021;08:10;1;61;61397;2;2;1;3;GUE DE GESNE (RUE DU );48,4224900000;0,0830800000
202100043155;20;4;2021;16:10;1;56;56083;2;1;1;7;REPUBLIQUE ( AV. DE LA );47,7984100000; -3,2948600000
202100043157;20;4;2021;18:00;1;56;56098;2;1;1;3;PERGAUD (IMP LOUIS);47,7675700000; -3,3429500000
202100043163;21;4;2021;12:20;1;45;45234;2;3;1;2;Rue du Faubourg Bannier;47,9105600000;1,9005400000
202100043173;21;4;2021;18:10;1;31;31149;2;1;1;3;OUEST (BOULEVARD DE L');43,6121000000;1,3223200000
202100043190;21;4;2021;16:53;1;06;06088;2;9;1;3;POMPIDOU (BD GEORGES);43,6677800000;7,2042700000
202100043200;21;4;2021;16:10;1;75;75111;2;5;1;3;AVENUE DE LA REPUBLIQUE;48,8628690000;2,3872830000
202100043201;21;4;2021;14:10;1;75;75111;2;4;1;3;BOULEVARD VOLTAIRE;48,8559010000;2,3833060000
202100043203;21;4;2021;13:00;1;75;75109;2;1;1;3;RUE BALLU;48,8818770000;2,3300910000
202100043205;21;4;2021;12:30;1;75;75108;2;1;1;6;RUE D AMSTERDAM;48,8824470000;2,3271310000
202100043213;21;4;2021;10:30;1;92;92049;2;2;1;3;BROSSOLETTE AVENUE PIERRE;48,8176956235;2,3078852892
202100043218;21;4;2021;19:50;1;92;92026;2;2;1;3;CIRCULAIRE (BOULEVARD);48,8908743007;2,2476415336
202100043220;21;4;2021;07:30;1;92;92012;2;2;1;3;TRANSVAAL (RUE DU);48,8483590540;2,2372359037
202100043225;21;4;2021;18:55;1;17;17425;2;1;1;3;Rue de l'Enclouse Ã  Masson;45,6101570000; -0,9238230000
202100043233;21;4;2021;13:00;1;41;41190;1;1;1;2;D92;47,8094800000;1,1576310000
202100043244;22;4;2021;16:50;1;39;39528;1;1;1;1;;47,2550650000;5,6128660000
202100043247;20;4;2021;17:20;1;29;29108;2;2;1;3;Rue du SacrÃ© Coeur;48,0010540000; -4,3356410000
202100043252;22;4;2021;15:50;1;54;54238;2;1;1;7;7 Rue de Nancy;48,4081878552;6,2547826776
202100043255;21;4;2021;14:00;1;45;45196;2;3;1;3;Rue du Gris Meunier;47,8465979978;1,7914614036
202100043256;22;4;2021;18:15;1;18;18013;1;1;1;7;route de la Tour;46,7607010000;2,5562200000
202100043259;19;4;2021;10:20;1;07;07319;2;6;1;3;N102;44,5537990000;4,6883160000
202100043261;21;4;2021;10:20;1;04;04004;1;1;1;7;RD 15;43,8068680000;6,0065070000
202100043278;20;4;2021;15:35;1;88;88172;2;1;1;7;Rue de la XavÃ©e;48,1839680000;6,7147790000
202100043282;20;4;2021;16:00;1;26;26250;1;1;1;3;Route des 7 Chemins;45,0326520000;4,8929930000
202100043289;22;4;2021;19:30;1;59;59534;1;2;1;3;D962;50,1227910000;3,8935240000
202100043297;20;4;2021;17:20;1;69;69259;2;1;1;2;DIVISION LECLERC (DE LA) (AV);45,6956290542;4,8678445816
202100043298;20;4;2021;15:50;1;69;69388;2;2;1;3;AUGUSTE CHOLLAT (R);45,7371300000;4,8503200000
202100043306;17;4;2021;13:00;1;87;87085;2;1;1;7;TURGOT (RUE);45,8317100000;1,2578700000
202100043315;20;4;2021;18:35;1;68;68224;2;9;1;3;GAY-LUSSAC (RUE);47,7437700000;7,3293300000
202100043324;20;4;2021;12:10;1;53;53130;2;2;1;3;TRAPPISTINES ( BOULEVARD DES );48,0598500000; -0,7760600000
202100043327;16;4;2021;17:40;1;49;49099;2;1;1;3;RICHELIEU (BOULEVARD DE);47,0460700000; -0,8771200000
202100043328;20;4;2021;17:14;1;49;49007;2;1;1;7;LETANDUERE;47,4574330000; -0,5540870000
202100043331;20;4;2021;11:50;1;38;38185;2;3;1;6;Place Victor Hugo;45,1896400000;5,7248300000
202100043334;19;4;2021;20:25;2;30;30189;1;1;1;2;ANDUZE (ROUTE OU ANCIENNE ROUTE);43,8692000000;4,2856000000
202100043341;19;4;2021;08:30;1;10;10387;2;2;1;3;SALOMON RACHI (RUE);48,2888089915;4,0804553032
202100043342;20;4;2021;16:34;1;08;08105;2;3;1;3;ARAGON LOUIS.(BOULEVARD);49,7402000427;4,7234058380
202100043351;20;4;2021;09:20;1;75;75115;2;2;1;3;BOULEVARD PASTEUR;48,8403870000;2,3151320000
202100043352;20;4;2021;12:20;1;75;75108;2;1;1;6;AVENUE DES CHAMPS ELYSEES;48,8667220000;2,3172410000
202100043355;20;4;2021;19:10;1;94;94044;2;6;1;7;Avenue de Valenton;48,7427370000;2,4933210000
202100043356;19;4;2021;20:15;1;94;94041;2;1;1;3;Rue Raspail;48,8093910000;2,3895940000
202100043369;20;4;2021;09:00;1;93;93005;2;1;1;3;MAXIMILIEN ROBESPIERRE (RUE);48,9481700000;2,5020600000
202100043373;20;4;2021;17:15;1;92;92024;2;1;1;3;MARTRE (RUE) DE (59 A 109)   (58 A 120);48,9042372137;2,3049241304
202100043375;20;4;2021;17:35;1;92;92023;2;1;1;3;PORTE DE TRIVAUX (RUE DE LA) NÂ°1 A 55 ET;48,7877868225;2,2481197357
202100043381;20;4;2021;15:45;1;49;49050;2;1;1;6;Rue de RollÃ©e BRISSAC QUINCE;47,3542340000; -0,4502840000
202100043428;17;4;2021;12:15;1;76;76305;2;3;1;2;SAINT LAURENT (ROUTE DE);49,5236700000;0,2252100000
202100043429;16;4;2021;12:10;1;67;67482;2;1;1;6;EUROPE (AVENUE DE L );48,5948200000;7,7734100000
202100043447;19;4;2021;06:30;3;33;33529;2;6;1;3;;44,6470500000; -1,1575600000
202100043453;19;4;2021;06:21;2;21;21231;2;9;1;3;Rue des PerriÃ¨res;47,3232790660;5,0218033791
202100043462;18;4;2021;17:10;1;75;75104;2;1;8;2;PONT DE SULLY;48,8504640000;2,3602480000
202100043498;20;4;2021;17:50;1;61;61035;1;1;7;2;La Cochetiere;48,6160300000; -0,3038730000
202100043503;20;4;2021;16:00;1;46;46231;1;2;1;3;Le Trieu;44,5009080000;1,1094640000
202100043506;20;4;2021;11:00;1;50;50256;2;3;1;3;D479- Chalandrey;48,6164910000; -1,2128310000
202100043536;17;4;2021;09:00;1;77;77186;1;1;1;2;D138. girat.valvins Ã  croix de vitry;48,4555200000;2,7039400000
202100043549;18;4;2021;12:58;1;13;13209;2;1;1;3;MARÃCHAL DE LATTRE (AVENUE);43,2456000000;5,4147000000
202100043556;18;4;2021;14:30;1;75;75119;2;3;1;3;RUE BOTZARIS;48,8776990000;2,3812870000
202100043557;17;4;2021;20:00;1;75;75117;2;4;1;3;RUE DE LA JONQUIERE;48,8949980000;2,3176610000
202100043572;18;4;2021;15:55;1;88;88115;2;1;1;3;Rue James Wiese;48,1687400000;6,8800590000
202100043577;18;4;2021;15:00;1;56;56041;1;1;1;7;Lieu-dit KERROPERT;48,1169870000; -3,0361000000
202100043584;19;4;2021;14:55;1;38;38082;2;1;1;3;960 Rue Principale;45,4277130000;5,5152240000
202100043592;14;4;2021;15:00;1;27;27074;2;1;1;1;Rue du PresbytÃ¨re;49,1535770000;0,6523130000
202100043596;14;3;2021;10:50;1;84;84122;1;1;6;1;Route de Peycard;44,0970480000;4,9453820000
202100043600;17;4;2021;11:50;1;14;14106;2;1;1;2;Route de l'Arbre Martin;49,2400240000; -0,2259170000
202100043618;17;4;2021;13:14;1;74;74093;2;1;1;6;ALERY (GRANDE RUE D');45,8982900000;6,1117600000
202100043627;16;4;2021;18:35;1;56;56121;2;6;1;3;FRANCE ( AVE ANATOLE );47,7468900000; -3,3660900000
202100043634;17;4;2021;14:30;1;33;33200;2;4;1;3;Avenue Pasteur;44,8809700000; -0,6859300000
202100043644;16;4;2021;19:00;1;04;04112;2;3;8;3;RD 5 / av de l'argile;43,8397118495;5,7791734498
202100043646;15;4;2021;10:00;1;75;75105;2;7;1;3;PLACE VALHUBERT;48,8445754175;2,3642498445
202100043651;17;4;2021;16:40;1;75;75113;2;4;1;2;RUE DE LA GLACIERE;48,8316990236;2,3443740606
202100043652;17;4;2021;16:20;1;75;75110;2;3;1;2;RUE DU FAUBOURG SAINT MARTIN;48,8706920000;2,3565400000
202100043653;17;4;2021;19:05;1;75;75103;2;2;1;2;RUE DE TURBIGO;48,8659210000;2,3580990000
202100043661;17;4;2021;15:00;1;93;93048;2;1;1;3;RESISTANCE (AVENUE DE LA);48,8661000000;2,4349000000
202100043674;24;3;2021;15:50;1;83;83031;2;6;1;2;rond point du vieux cannet;43,3944170000;6,3314670000
202100043678;18;4;2021;14:53;1;32;32458;1;2;1;3;RD 231;43,7350080000; -0,0135920000
202100043688;17;4;2021;15:20;1;50;50272;1;2;1;3;Rue Jouvin;48,9414170000; -1,5375070000
202100043698;14;4;2021;14:40;1;88;88332;1;1;1;2;D18;48,2243690000;5,9269310000
202100043708;17;4;2021;14:50;1;21;21565;2;4;1;3;Rue de Gilly;47,2061040000;5,0116490000
202100043710;18;4;2021;11:45;1;38;38442;1;1;1;6;Route de Cherlieu;45,3173800000;5,7991900000
202100043714;17;4;2021;17:30;1;53;53094;2;1;1;3;RD 565;48,0019330000; -0,7122870000
202100043716;18;4;2021;17:30;1;76;76522;1;1;1;1;54 Rue des ChataÃ®gniers;49,5279500000;0,4085900000
202100043743;16;4;2021;19:30;2;95;95585;2;1;1;1;MALESHERBE (RESIDENCE);48,9851500000;2,3806000000
202100043785;15;4;2021;15:42;1;10;10387;2;1;1;3;GEORGES CLEMENCEAU (RUE);48,2975100000;4,0748500000
202100043792;15;4;2021;08:40;1;75;75120;2;4;1;3;AVENUE GAMBETTA;48,8658720000;2,3993340000
202100043793;16;4;2021;07:35;1;75;75118;2;2;1;3;RUE D AUBERVILLIERS;48,8987080000;2,3703730000
202100043796;16;4;2021;12:05;1;75;75114;2;7;1;3;BOULEVARD ARAGO;48,8344390000;2,3326860000
202100043813;15;4;2021;17:55;1;92;92026;2;1;1;3;REPUBLIQUE (DE 29 A FIN);48,9011229209;2,2501426935
202100043819;17;4;2021;15:20;1;36;36034;2;1;8;6;40 Rue de Safran;47,2579960000;1,6536890000
202100043824;17;4;2021;13:38;1;29;29078;1;1;1;7;Lieu-Dit Praden;48,3162020000; -4,1744240000
202100043839;25;3;2021;10:00;1;971;97117;1;2;1;3;Chemin de bellevue;16,3269200000; -61,3662440000
202100043862;15;4;2021;17:40;1;84;84087;2;3;1;1;CHENES VERTS (RUE DES);44,1201800000;4,8270100000
202100043864;15;4;2021;14:20;1;78;78005;1;1;1;3;CENTRALE (ROUTE);48,9832060000;2,0997840000
202100043869;14;4;2021;19:25;1;64;64024;2;3;1;3;MAIGNON (ROUTE DE);43,4789640000; -1,5049100000
202100043881;15;4;2021;11:10;1;45;45208;2;6;1;3;Avenue du GÃ©nÃ©ral de Gaulle;48,0077400000;2,7404100000
202100043884;13;4;2021;11:45;1;37;37122;2;1;1;6;MONTSOREAU (RUE DE);47,3504896808;0,6790655851
202100043892;15;4;2021;16:10;1;27;27229;2;1;1;2;CONCHES (ROUTE DE);49,0231500000;1,1244600000
202100043905;14;4;2021;16:00;1;75;75115;2;2;1;7;RUE DE VAUGIRARD;48,8414920000;2,3079480000
202100043907;15;4;2021;09:30;1;75;75114;2;3;1;3;AVENUE DU GENERAL LECLERC;48,8332530000;2,3315360000
202100043908;14;4;2021;09:30;1;75;75114;2;1;1;2;RUE D ALESIA;48,8324990000;2,3121660000
202100043914;15;4;2021;13:30;1;75;75110;2;1;1;3;BOULEVARD DE BONNE NOUVELLE;48,8702740000;2,3498950000
202100043919;14;4;2021;18:45;1;94;94081;2;1;1;3;GENERAL MALLERET JOINVILLE (R DU);48,7800000000;2,4000000000
202100043930;15;4;2021;11:50;1;93;93051;2;1;1;1;NEUILLY (ROUTE);48,8449400000;2,5412100000
202100043935;15;4;2021;11:50;1;92;92064;2;9;1;6;PARC SAINT CLOUD;48,8332700000;2,1974500000
202100043936;15;4;2021;16:00;1;92;92048;2;1;1;1;ETANG DE TRIVAUX (ROUTE DE L');48,7955112148;2,2324709594
202100043938;15;4;2021;11:20;1;92;92040;2;1;1;3;VOLTAIRE (BOULEVARD);48,8264833725;2,2797998786
202100043941;15;4;2021;16:15;1;92;92012;2;1;1;6;FERME (RUE DE LA) - COTE IMPAIR;48,8306137404;2,2387084365
202100043950;15;4;2021;05:50;3;68;68161;1;1;1;2;D 415;48,1113680000;7,2938010000
202100043977;15;4;2021;15:40;1;68;68278;2;1;1;7;25 Rue des Perdrix;47,7512290000;7,4196120000
202100043984;15;4;2021;11:15;1;17;17225;2;2;1;3;Avenue Pierre Sibard;45,7139670000; -1,1423690000
202100044001;14;4;2021;20:00;3;974;97409;2;1;2;2;PATELIN (chemin); -20,9730800000;55,6854200000
202100044012;13;4;2021;18:00;1;72;72181;2;1;1;3;JAURES JEAN (AV) NÂ° PAIRS 60 ET >;47,9861000000;0,2089000000
202100044023;13;4;2021;13:52;1;56;56098;2;1;1;7;CREBILLON (RUE  PROSPER );47,7669200000; -3,3487500000
202100044029;13;4;2021;19:30;1;30;30189;2;1;1;6;TRIAIRE SERGENT (BOULEVARD);43,8284100000;4,3601100000
202100044044;14;4;2021;15:00;1;75;75119;2;1;1;3;RUE CURIAL;48,8901380000;2,3716920000
202100044047;13;4;2021;17:00;1;75;75115;2;3;1;7;RUE DE LOURMEL;48,8471700000;2,2893210000
202100044049;14;4;2021;14:25;1;75;75110;2;5;1;1;BOULEVARD DE STRASBOURG;48,8747997902;2,3572348779
202100044050;14;4;2021;11:20;1;75;75109;2;7;1;6;PLACE PIGALLE;48,8820490000;2,3375250000
202100044052;14;4;2021;12:00;1;75;75104;2;4;1;6;RUE SAINT ANTOINE;48,8550676030;2,3616632115
202100044053;14;4;2021;10:00;1;75;75103;2;2;1;3;BOULEVARD DE SEBASTOPOL;48,8662420000;2,3525330000
202100044066;14;4;2021;19:15;1;92;92012;2;1;1;3;QUATRE SEPTEMBRE (QUAI DU);48,8516701573;2,2264695168
202100044072;15;4;2021;14:50;1;68;68005;2;3;1;3;1 Rue des CamÃ©lias;48,1288690000;7,2980920000
202100044095;15;4;2021;11:00;1;95;95690;1;1;1;1;RUE CALVIN;49,0885566830;1,8126802576
202100044100;13;4;2021;11:20;1;69;69040;2;1;1;1;CREUSE (DE) (CHM);45,8018980000;4,7924370000
202100044103;15;4;2021;08:55;1;59;59011;1;1;1;3;Route de Don;50,5397810000;2,9210330000
202100044110;13;4;2021;10:10;1;974;97411;1;1;1;1;MOULIN (RUE JEAN); -20,9164900000;55,5061400000
202100044112;11;4;2021;12:55;1;974;97411;2;1;1;7;AllÃ©e des Topazes; -20,8978700000;55,4439300000
202100044118;13;4;2021;15:15;1;69;69382;2;2;1;3;JULES COURMONT (Q);45,7601600000;4,8379400000
202100044120;13;4;2021;13:05;1;971;97113;1;1;1;2;SECTION LABROUSSE;16,2227600000; -61,5129300000
202100044128;13;4;2021;18:20;1;78;78551;2;2;1;3;SAINT FIACRE (AVENUE);48,8956620000;2,0725260000
202100044130;12;4;2021;08:10;1;72;72181;2;2;1;3;BARBIER (RUE);48,0042700000;0,1935800000
202100044143;12;4;2021;18:43;1;56;56121;2;1;1;6;BELGIQUE (RUE  DE );47,7592600000; -3,3799200000
202100044156;13;4;2021;09:00;1;06;06069;2;1;7;3;ROUQUIER (BOULEVARD EMMANUEL);43,6332300000;6,9392920000
202100044160;13;4;2021;08:40;1;75;75120;2;1;1;6;RUE DE LA DUEE;48,8711650000;2,3965430000
202100044167;13;4;2021;17:00;1;75;75112;2;1;1;7;ROUTES DES BARRIERS;48,8183400000;2,4494900000
202100044169;13;4;2021;09:20;1;75;75110;2;2;1;3;AVENUE CLAUDE VELLEFAUX;48,8752240000;2,3703180000
202100044171;13;4;2021;13:50;1;75;75101;2;2;1;3;BOULEVARD DE SEBASTOPOL;48,8633990000;2,3509490000
202100044184;13;4;2021;14:20;1;92;92026;2;3;1;3;CIRCULAIRE (BOULEVARD);48,8896486035;2,2501990199
202100044186;13;4;2021;14:00;1;92;92025;2;3;1;3;BOURNARD (RUE DU);48,9230844966;2,2540450577
202100044192;14;4;2021;17:30;1;2B;2B286;2;1;1;1;U Macchione, Querciolo;42,4858020000;9,4843070000
202100044209;13;4;2021;12:40;1;78;78683;2;3;1;1;Impasse Charles de Meneau;48,8131870000;1,8818160000
202100044245;12;4;2021;15:20;1;91;91064;2;1;1;3;LÃ©on MIGNOTTE (rue);48,7564000000;2,2118900000
202100044247;12;4;2021;17:45;1;83;83069;2;9;1;1;GODILLOT  ( AVENUE ALEXIS );43,1137000000;6,1236000000
202100044259;19;2;2021;15:36;1;63;63113;2;1;1;3;LAFAYETTE (BD);45,7672700000;3,1063200000
202100044260;19;2;2021;12:20;1;63;63113;2;1;1;6;LAFAYETTE (BD);45,7670400000;3,1066900000
202100044263;12;4;2021;09:45;1;61;61001;2;4;1;1;PLENITRE (PLACE DU);48,4296600000;0,0907400000
202100044267;12;4;2021;16:40;1;54;54304;2;6;1;3;THEURIET (RUE ANDRE);48,6947121108;6,1379329115
202100044281;9;4;2021;16:15;1;16;16102;2;3;1;3;Bd Denfert Rochereau;45,6980100000; -0,3277300000
202100044293;12;4;2021;18:35;1;75;75120;2;7;8;3;RUE DES PYRENEES;48,8650743630;2,3983442728
202100044294;12;4;2021;08:50;1;75;75119;2;3;1;3;RUE DE CRIMEE;48,8885520000;2,3792240000
202100044296;12;4;2021;10:50;1;75;75117;2;1;1;3;BOULEVARD PEREIRE;48,8869560000;2,3030360000
202100044297;12;4;2021;18:30;1;75;75116;2;2;1;3;AVENUE DE L HIPPODROME;48,8578410000;2,2502780000
202100044303;12;4;2021;10:45;1;75;75104;2;3;1;6;BOULEVARD HENRI IV;48,8512060000;2,3626860000
202100044314;12;4;2021;11:45;1;93;93001;2;1;1;6;DANIELLE CASANOVA (RUE)  59 =>;48,9173300000;2,3956800000
202100044318;27;3;2021;14:10;1;92;92004;2;1;1;3;MENIL;48,9220386521;2,2826108336
202100044320;12;4;2021;18:10;1;37;37074;2;3;1;2;3 rue des reaux;47,2476339248;0,1610974968
202100044328;12;4;2021;10:30;1;14;14191;2;6;1;2;D79;49,3223279825; -0,4558146000
202100044335;12;4;2021;18:20;1;40;40046;2;3;7;2;Rue du Thym;44,3861560000; -1,1675820000
202100044365;10;4;2021;17:35;1;31;31555;2;1;1;3;LARDENNE (AV DE) DU 1AU 84;43,5899900000;1,3755200000
202100044377;11;4;2021;13:05;1;93;93001;2;3;1;3;VICTOR HUGO (AVE)  NÂ° 167 =>;48,9124856990;2,3801741084
202100044393;10;4;2021;15:35;1;32;32180;1;1;1;7;D931 PK 35+200;43,8778040000;0,2160790000
202100044452;10;4;2021;14:20;1;82;82121;2;1;1;3;SAINT-NAUPHARY D 999 (ROUTE DE);43,9919800000;1,3895400000
202100044457;10;4;2021;11:35;1;54;54547;2;4;1;3;PASTEUR (RUE);48,6552500000;6,1629000000
202100044464;8;4;2021;18:55;1;19;19031;2;2;1;3;FRANCE (BOULEVARD ANATOLE);45,1609038744;1,5329682827
202100044481;10;4;2021;17:30;1;75;75115;2;1;1;6;RUE DU DOCTEUR ROUX;48,8402730000;2,3106050000
202100044482;10;4;2021;21:35;5;75;75114;2;4;3;6;AVENUE DU MAINE;48,8385553098;2,3226102324
202100044483;10;4;2021;10:15;1;75;75114;2;1;2;3;BOULEVARD BRUNE;48,8253250000;2,3163800000
202100044487;10;4;2021;02:30;5;75;75109;2;1;2;7;RUE DROUOT;48,8745000000;2,3408100000
202100044489;9;4;2021;16:00;1;94;94068;2;2;1;3;FOCH (AV);48,7999000000;2,4976000000
202100044493;9;4;2021;10:25;1;92;92051;2;1;1;2;CHARLES DE GAULLE (AVENUE, NÂ° 18 A 116);48,8814843116;2,2716245055
202100044506;10;4;2021;17:20;1;12;12052;2;4;1;3;ZA de la Rotonde;44,5805260000;2,0772260000
202100044537;9;4;2021;10:10;1;69;69386;2;2;1;6;SULLY (R);45,7714407660;4,8519980907
202100044555;8;4;2021;08:50;1;72;72181;2;1;1;6;COMEDIE (RUE DE LA);48,0078000000;0,1977000000
202100044559;8;4;2021;17:20;1;67;67482;2;1;1;3;GENERAL DE GAULLE (ROUTE DU);48,5973840000;7,7410900000
202100044566;9;4;2021;17:40;1;53;53130;2;1;8;3;JAURES ( BOULEVARD JEAN );48,0647950000; -0,7902020000
202100044569;9;4;2021;11:50;1;35;35281;2;2;1;2;Rue de la Jaunais de Mivoie;48,0691010000; -1,7037250000
202100044583;5;4;2021;15:30;1;07;07316;1;1;1;7;LONES (PONT DES);44,9088000000;4,8659200000
202100044592;9;4;2021;11:00;1;75;75117;2;2;1;4;AVENUE DE CLICHY;48,8915610000;2,3184860000
202100044594;9;4;2021;13:15;1;75;75113;2;1;1;3;AVENUE D ITALIE;48,8276770000;2,3568080000
202100044613;8;4;2021;08:50;1;92;92062;2;1;1;6;KUPKA (RUE FRANCK) TOUR;48,8909400000;2,2304000000
202100044614;8;4;2021;10:00;1;92;92049;2;1;1;6;BROSSOLETTE AVENUE PIERRE;48,8148609217;2,3039424419
202100044616;8;4;2021;13:10;1;92;92012;2;3;1;3;EDOUARD VAILLANT (AVENUE) DEBUT/56 - COT;48,8355320216;2,2494426370
202100044621;9;3;2021;07:55;1;71;71230;2;1;1;7;6 Rue Jean Mermoz;46,6008210000;4,0504570000
202100044623;10;4;2021;11:00;1;39;39498;2;2;1;3;;47,1661540000;5,7951330000
202100044627;9;4;2021;17:30;1;84;84009;1;3;1;3;intersection D27/D42;43,7865790000;5,6452240000
202100044640;10;4;2021;14:05;1;64;64478;1;3;1;3;D217;43,2883100000; -0,4381710000
202100044656;8;4;2021;14:45;1;69;69259;2;1;1;3;IRENE JOLIOT CURIE (BD);45,7179100000;4,8762900000
202100044661;7;4;2021;16:47;1;87;87085;2;1;1;7;CLOS SAINTE MARIE (RUE DU);45,8264700000;1,2705000000
202100044677;7;4;2021;11:55;1;60;60175;2;1;1;3;BRECHE (RUE DE LA);49,2657300000;2,4821600000
202100044686;4;4;2021;19:10;1;49;49007;2;1;1;1;BICHON PLACE;47,4783550000; -0,5648880000
202100044688;7;4;2021;15:30;1;49;49007;2;1;1;2;MONTAIGNE AVENUE;47,4687000000; -0,5317000000
202100044690;8;4;2021;10:05;1;38;38185;2;1;1;6;Avenue Marcelin Berthelot;45,1799400000;5,7316700000
202100044698;30;3;2021;18:14;1;19;19272;2;1;1;3;Charles de Gaulle (Av);45,2683500000;1,7699100000
202100044703;7;4;2021;17:35;1;10;10321;2;3;1;3;GENERAL LECLERC (RUE DU);48,2911718501;4,0295737982
202100044713;8;4;2021;11:05;1;75;75115;2;2;1;7;QUAI ANDRE CITROEN;48,8473975922;2,2788677706
202100044714;8;4;2021;15:30;1;75;75114;2;1;1;6;BOULEVARD JOURDAN;48,8197130000;2,3413560000
202100044717;8;4;2021;13:20;1;75;75105;2;1;1;3;PONT D AUSTERLITZ;48,8447860000;2,3659390000
202100044722;8;4;2021;15:40;1;94;94042;2;1;1;3;Avenue du GÃ©nÃ©ral GalliÃ©ni;48,8200850000;2,4768830000
202100044729;7;4;2021;18:45;1;93;93006;2;1;1;3;GALLIENI  AV.;48,8621500000;2,4160700000
202100044730;8;4;2021;16:15;1;92;92047;2;1;1;3;MARCHE;48,8359583196;2,1600855142
202100044732;8;4;2021;13:45;1;62;62473;1;1;1;3;D187;50,6279320000;2,4362610000
202100044747;8;4;2021;17:00;1;03;03195;2;1;1;7;4 Rue du Commandant GoÃ«tschy;46,2873530000;2,6617380000
202100044753;8;4;2021;15:15;1;07;07289;2;3;1;3;Rue du Luol;44,6288020000;4,4129690000
202100044766;8;4;2021;16:20;1;06;06075;2;1;1;1;1174 Route de la Roquette;43,8497050000;7,2235180000
202100044797;6;4;2021;18:05;1;91;91425;2;9;1;3;RUE DE PARIS;48,6418900000;2,2720400000
202100044798;4;4;2021;16:42;1;87;87085;2;1;1;7;SAINT GENCE (RUE DE) (RD218);45,8493500000;1,2257100000
202100044799;4;4;2021;09:26;1;87;87085;2;6;1;7;SCHUMAN (BOULEVARD ROBERT);45,8568600000;1,2700400000
202100044808;7;4;2021;12:55;1;64;64445;2;6;1;3;CONDORCET;43,3116000000; -0,3628100000
202100044809;7;4;2021;10:10;1;64;64445;2;1;1;3;CARNOT;43,3010100000; -0,3694500000
202100044813;6;4;2021;16:01;1;63;63113;2;6;1;3;PASTEUR /Gilbert;45,7736700000;3,0753900000
202100044820;6;4;2021;15:30;1;49;49007;2;1;1;3;MARIANNE BOULEVARD;47,4525200000; -0,5243600000
202100044822;7;4;2021;15:30;1;42;42187;2;3;1;2;Rue Nicolas Cugnot;46,0450600000;4,0602800000
202100044823;7;4;2021;05:10;2;41;41269;2;3;1;1;CHARTRAIN (FAUBOURG);47,8018400000;1,0701100000
202100044824;7;4;2021;08:50;1;35;35238;2;9;1;7;SOLFERINO (BD);48,1049400000; -1,6671000000
202100044828;6;4;2021;17:52;1;31;31555;2;6;1;3;BAYONNE (ROUTE DE );43,6084140000;1,3779580000
202100044838;7;4;2021;19:15;1;75;75101;2;2;1;2;RUE ETIENNE MARCEL;48,8644300946;2,3466914892
202100044839;7;4;2021;08:45;1;75;75103;2;3;1;3;PLACE DE LA REPUBLIQUE;48,8673377785;2,3633641762