Num_Acc;jour;mois;an;hrmn;lum;dep;com;agg;int;atm;col;adr;lat;long
202100044863;8;4;2021;12:00;1;56;56033;1;2;1;3;RD 773;47,8093900000; -2,1250340000
202100044866;7;4;2021;16:00;1;82;82112;1;3;1;3;Route de Detours;44,1258190000;1,0704050000
202100044868;7;4;2021;16:47;1;61;61097;2;3;1;3;Residence du Plan d'Eau;48,4851970000;0,6521040000
202100044871;7;4;2021;11:30;1;47;47203;1;3;1;3;Rue de la Tuque;44,3873390000;0,8036700000
202100044877;8;4;2021;13:55;1;44;44217;1;1;1;2;La Plee;47,2995760000; -1,6645900000
202100044881;7;4;2021;18:05;1;03;03118;2;3;1;3;Intersection Rue de la Croix des Vignes et chemin du Mont Libre;46,0961130000;3,1958250000
202100044896;7;4;2021;09:40;1;978;97801;2;1;1;1;R JEAN-LUC HAMLET;18,0660610000; -63,0739470000
202100044899;8;4;2021;08:00;1;50;50531;1;1;1;2;D5;48,6835090000; -1,2593510000
202100044905;6;4;2021;06:45;1;974;97411;2;6;1;3;JAURES (BOULEVARD JEAN); -20,8933500000;55,4706000000
202100044909;6;4;2021;18:50;1;69;69382;2;2;1;3;FRANKLIN (R);45,7527100000;4,8281100000
202100044912;26;3;2021;21:21;5;971;97113;1;9;1;6;RN4 - SECTION RIVIERA;16,2135400000; -61,4775500000
202100044920;6;4;2021;15:00;1;78;78146;2;1;1;1;CORMIERS (RUE DES);48,8982200000;2,1451900000
202100044942;2;4;2021;15:40;1;56;56162;2;1;1;3;LANN-ER-ROCH;47,7385800000; -3,4532100000
202100044949;6;4;2021;12:15;1;35;35051;1;9;1;3;BRAY (RUE DE);48,1076800000; -1,6180100000
202100044954;6;4;2021;09:30;1;29;29232;2;6;9;3;Rue Paul Borrossi;47,9872744275; -4,1273725033
202100044965;2;4;2021;17:21;1;11;11262;2;1;1;1;AUGE (BOULEVARD DU DR LEON);43,1882100000;3,0035900000
202100044971;2;4;2021;14:24;1;05;05061;2;1;1;7;PINS ( RUE DES );44,5623200000;6,0774200000
202100044975;5;4;2021;21:35;5;75;75109;2;4;1;3;BOULEVARD DE CLICHY;48,8838520000;2,3286050000
202100044976;5;4;2021;16:20;1;75;75109;2;1;2;2;RUE DE CLICHY;48,8821210000;2,3280890000
202100044977;6;4;2021;08:45;1;75;75101;2;2;1;3;BOULEVARD DE SEBASTOPOL;48,8585240000;2,3482280000
202100044996;6;4;2021;07:10;2;974;97414;2;2;1;3;Route de Cilaos; -21,2705140000;55,4433900000
202100044998;6;4;2021;08:40;1;29;29079;1;6;1;3;Rond Point de la Corde;48,6450070000; -3,9467150000
202100045016;5;4;2021;17:30;1;69;69383;2;2;1;3;FELIX FAURE (AV);45,7528900000;4,8533600000
202100045027;5;4;2021;13:10;1;29;29019;2;6;1;3;Rue SÃ©bastopol;48,4016354766; -4,4671051204
202100045039;4;4;2021;16:49;1;94;94080;2;2;1;6;Avenue de la RÃ©publique;48,8498700000;2,4345500000
202100045065;2;4;2021;16:50;1;31;31424;1;6;1;7;Route de Colomiers;43,5920870000;1,2852980000
202100045067;4;4;2021;09:50;1;70;70058;1;1;1;4;RD 2;47,5004160000;5,6675610000
202100045071;5;4;2021;10:50;1;07;07204;2;6;1;3;D120;45,0060030000;4,4022160000
202100045075;6;4;2021;09:58;1;95;95394;2;1;1;3;rue moliÃ¨re;49,0617650695;2,1758744631
202100045085;6;4;2021;13:50;1;04;04086;1;1;1;7;RD 900;44,4048910000;6,7107150000
202100045089;3;4;2021;12:15;1;65;65401;2;9;8;2;Route DÃ©partementale 8;43,1858530000;0,1017090000
202100045090;3;4;2021;17:00;1;17;17036;2;6;1;3;rue de la croix;45,8760570000; -0,9962150000
202100045119;4;4;2021;12:45;1;83;83034;2;6;1;3;CD559;43,0956700000;6,0692000000
202100045127;2;4;2021;16:20;1;35;35115;2;6;1;6;FAUCHEUX (BD JACQUES);48,3545300000; -1,2110900000
202100045128;4;4;2021;11:00;1;33;33069;2;3;7;3;Rue Bourbaki;44,8606990000; -0,5926600000
202100045131;4;4;2021;16:39;1;25;25056;2;4;1;3;PERGAUD RUE LOUIS;47,2393000000;6,0055100000
202100045142;4;4;2021;18:25;1;75;75115;2;1;1;6;BOULEVARD LEFEBVRE;48,8289750000;2,2997290000
202100045144;4;4;2021;16:06;1;75;75107;2;3;1;6;BOULEVARD DES INVALIDES;48,8536740000;2,3147360000
202100045147;4;4;2021;17:15;1;94;94068;2;2;1;3;Avenue Beaurepaire;48,7917930000;2,4740730000
202100045156;4;4;2021;08:30;1;93;93048;2;2;1;3;REPUBLIQUE (RUE DE LA);48,8526186322;2,4179277610
202100045184;5;4;2021;08:30;1;978;97801;2;1;1;1;RN7, Cripple Gate;18,0802840000; -63,0706640000
202100045188;4;4;2021;10:15;1;987;98747;1;1;1;1;RT3 le Afaahiti PK 2+900; -17,7463241945; -149,2020235062
202100045191;5;4;2021;12:30;1;11;11192;1;1;1;1;ROUTE DEPATEMENTALE 28;43,2991190000;2,0515250000
202100045192;2;4;2021;10:10;1;34;34299;1;1;7;3;D64;43,2646130000;3,2842250000
202100045222;3;4;2021;18:55;1;61;61077;2;9;1;7;D'ALENCON (RUE );48,4395600000;0,1236800000
202100045239;2;4;2021;20:00;5;75;75119;2;2;1;3;AVENUE DE LA PORTE DU PRE SAINT GERVAIS;48,8788830000;2,4018750000
202100045244;3;4;2021;19:20;1;75;75114;2;2;1;6;AVENUE DU GENERAL LECLERC;48,8295913276;2,3284519812
202100045249;3;4;2021;12:55;1;75;75103;2;2;1;3;RUE DU TEMPLE;48,8618980000;2,3569200000
202100045261;3;4;2021;18:20;1;92;92078;2;1;1;3;VERDUN (AVENUE) (IMPAIRS 27 AU 73);48,9355422350;2,3325117351
202100045264;3;4;2021;20:20;2;92;92026;2;1;1;3;RÃPUBLIQUE ( DE 01 A 31 ET DE 02 A 52 );48,8999680000;2,2466220000
202100045266;4;4;2021;10:30;1;83;83043;1;1;1;5;route dÃ©partementale 41;43,2063180000;6,2950160000
202100045275;4;4;2021;18:20;1;42;42271;2;1;1;3;Route de Saint-Paul;45,4875990000;4,5717370000
202100045278;11;3;2021;12:45;1;56;56015;1;1;1;3;Le Rendez Vous;47,6320670000; -2,5588600000
202100045280;4;4;2021;11:55;1;74;74011;2;1;1;2;D5;45,9242000000;6,1722620000
202100045300;3;4;2021;18:15;1;14;14589;2;1;1;7;D167;49,0031390000; -0,3004500000
202100045311;4;4;2021;15:50;1;17;17140;1;1;1;5;Route des HuÃ®tres;45,9173630000; -1,2270360000
202100045323;30;3;2021;13:40;1;83;83037;1;1;1;4;DÃ©partementale 5;43,3727330000;5,9738490000
202100045360;2;4;2021;17:20;1;83;83061;2;1;1;3;AVENUE DE LA CORNICHE D'AZUR;43,3883480000;6,7245510000
202100045363;24;3;2021;10:51;1;78;78686;2;2;1;3;GENERAL LECLERC (AVENUE DU);48,8041100000;2,1696400000
202100045367;2;4;2021;12:46;1;72;72181;2;1;1;3;KLOTZ HENRI-PIERRE (AV);48,0193000000;0,1681500000
202100045368;2;4;2021;18:55;1;71;71306;2;1;1;3;MACON (RUE DE);46,6736100000;4,3742300000
202100045372;2;4;2021;15:45;1;64;64445;2;9;1;3;LOUIS SALLENAVE;43,3169000000; -0,3602900000
202100045379;31;3;2021;13:55;1;59;59234;2;1;1;3;MOULIN (RUE JEAN);50,3991900000;3,0432200000
202100045382;2;4;2021;13:45;1;51;51454;2;2;1;3;Rue de Venise;49,2491428808;4,0369553178
202100045387;31;3;2021;11:10;1;49;49007;2;1;1;6;JAURES;47,4573800000; -0,5231700000
202100045399;2;4;2021;18:44;1;33;33063;2;4;1;2;Cours MarÃ©chal Juin;44,8359570000; -0,5834200000
202100045400;2;4;2021;08:55;1;33;33063;2;1;1;3;Avenue Thiers;44,8430400000; -0,5552700000
202100045428;2;4;2021;15:00;1;75;75111;2;2;1;6;AVENUE PARMENTIER;48,8584220000;2,3800150000
202100045434;31;3;2021;17:45;1;75;75104;2;3;1;7;RUE SAINT ANTOINE;48,8533800000;2,3676590000
202100045447;1;4;2021;19:45;1;93;93006;2;1;1;3;STALINGRAD AV.;48,8729683817;2,4291861285
202100045448;2;4;2021;16:00;1;93;93032;2;3;1;3;SAINT GERMAIN  (RUE);48,8845500000;2,5320100000
202100045455;30;3;2021;08:30;1;92;92063;2;1;1;2;HABY SOMMER (RUE);48,8758800000;2,1864200000
202100045456;2;4;2021;09:40;1;92;92051;2;1;1;3;JACQUES DULUD (RUE);48,8808100000;2,2668300000
202100045461;2;4;2021;15:20;1;92;92026;2;3;1;1;Boulevard Circulaire;48,8909017899;2,2476804256
202100045463;2;4;2021;19:00;3;974;97415;2;1;1;1;Rue Jean Albany; -21,0779480000;55,2680970000
202100045502;2;4;2021;12:25;1;13;13015;2;2;1;1;avenue pierre de brossolette;43,4573580000;5,4130790000
202100045533;1;4;2021;11:17;1;973;97302;2;9;1;6;LAFAURIE (CITE);4,9320163056; -52,3239111944
202100045535;1;4;2021;16:00;1;69;69386;2;1;1;2;EMERAUDES (DES) (R);45,7688600000;4,8602000000
202100045538;1;4;2021;13:50;1;69;69383;2;2;1;1;ST ANTOINE (R);45,7629350549;4,8638052866
202100045557;29;3;2021;11:30;1;78;78646;2;1;1;6;BOURDONNAIS (RUE DES);48,7948500000;2,1288500000
202100045563;1;4;2021;10:15;1;72;72181;2;6;1;3;BOLLEE (AV) NÂ° IMP 1 A 63;48,0039600000;0,2026400000
202100045564;31;3;2021;10:30;1;72;72181;2;1;1;3;MAILLETS (RUE DES) NÂ° PAIRS 14 ET >;48,0125400000;0,2064500000
202100045566;1;4;2021;13:40;1;69;69091;2;1;1;1;ABRICOTIERS (DES) (CHM);45,5739300000;4,7898100000
202100045579;30;3;2021;17:10;1;57;57672;2;3;1;3;VINGTIEME CORPS (BOULEVARD DU);49,3597200000;6,1595700000
202100045587;31;3;2021;08:20;1;49;49007;2;3;1;3;CARNOT;47,4753700000; -0,5485400000
202100045595;1;4;2021;07:45;1;35;35238;2;2;1;3;ALMA (DE L');48,0973700000; -1,6749640000
202100045597;1;4;2021;07:50;2;32;32013;2;1;1;3;JEAN DE LA FONTAINE;43,6401500000;0,5949400000
202100045614;31;3;2021;14:45;1;11;11262;2;6;1;3;ESPAGNE (AVENUE D');43,1695691266;2,9886607102
202100045629;1;4;2021;22:40;5;75;75113;2;2;1;6;BOULEVARD DE L HOPITAL;48,8331720000;2,3567680000
202100045630;1;4;2021;18:45;1;75;75113;2;1;1;6;BOULEVARD AUGUSTE BLANQUI;48,8308010000;2,3453650000
202100045631;31;3;2021;19:40;1;75;75113;2;3;1;3;BOULEVARD SAINT MARCEL;48,8371170000;2,3530790000
202100045634;1;4;2021;12:10;1;75;75111;2;3;1;6;RUE OBERKAMPF;48,8659280000;2,3785540000
202100045636;1;4;2021;09:00;1;75;75110;2;4;1;6;QUAI DE VALMY;48,8824970000;2,3692310000
202100045637;1;4;2021;18:35;1;75;75109;2;3;1;3;BOULEVARD HAUSSMANN;48,8734210000;2,3296980000
202100045638;1;4;2021;14:05;1;75;75108;2;2;1;2;RUE MARBEUF;48,8701120000;2,3065780000
202100045640;31;3;2021;14:35;1;75;75101;2;3;1;2;RUE DE RIVOLI;48,8644130000;2,3301240000
202100045661;1;4;2021;07:35;1;92;92026;2;3;1;3;CIRCULAIRE BLD;48,8895357341;2,2503036261
202100045665;1;4;2021;15:30;1;92;92036;2;1;1;1;JEAN PERRIN (RUE);48,9348616662;2,2912019491
202100045668;2;4;2021;07:00;1;974;97415;2;1;1;3;47 rue St Louis; -21,0066980000;55,2762830000
202100045671;1;4;2021;16:00;1;34;34111;1;1;1;7;D4 PK54+80;43,9614070000;3,7060830000
202100045674;31;3;2021;17:30;1;62;62584;2;1;1;3;Chemin du Halage;50,5859330000;2,5963730000
202100045687;1;4;2021;16:15;1;64;64198;1;1;1;6;chemin de labastide;43,3671500000; -0,5214750000
202100045693;1;4;2021;15:30;1;68;68118;2;3;1;3;1 Rue des Noyers;47,7392740000;7,4165270000
202100045695;23;3;2021;14:30;1;91;91579;1;6;7;2;D31;48,5405630000;2,3519330000
202100045699;24;3;2021;14:15;1;73;73065;2;6;1;2;Rue de Saint-Ombre;45,5945220000;5,9053230000
202100045709;29;3;2021;07:40;1;27;27188;1;1;7;2;route dÃ©partementale 321;49,2971220000;1,0696810000
202100045729;31;3;2021;09:55;1;972;97213;1;9;1;1;MORNE PITAULT (ROUTE DE);14,6174576623; -60,9595459700
202100045735;30;3;2021;17:40;1;86;86041;2;6;1;3;Rue du Sentier;46,6030320000;0,3768850000
202100045737;29;3;2021;11:55;1;80;80021;2;1;1;6;GENERAL FOY (AVENUE DU );49,8898090199;2,2818701871
202100045742;28;3;2021;18:20;1;68;68066;2;9;1;6;SPECK (CHEMIN DE LA);48,0645000000;7,3577100000
202100045743;30;3;2021;17:15;1;67;67482;2;8;1;3;COLMAR (AVENUE DE);48,5628080000;7,7525740000
202100045756;31;3;2021;17:40;1;51;51454;2;1;7;6;Route de Cormontreuil;49,2302798631;4,0506988764
202100045758;31;3;2021;15:30;1;49;49007;2;1;1;3;PAUL BERT;47,4663500000; -0,5530700000
202100045759;31;3;2021;13:35;1;49;49267;2;1;1;7;CHANTERIE;47,4773100000; -0,5066300000
202100045771;31;3;2021;15:45;1;18;18033;2;3;1;3;LOUIS XI (AVENUE);47,0796100000;2,3893100000
202100045773;30;3;2021;13:50;1;14;14327;2;2;1;3;Boulevard de la Grande Delle;49,2070000000; -0,3404100000
202100045787;31;3;2021;18:10;1;75;75119;2;1;1;3;AVENUE DE FLANDRE;48,8850790000;2,3700780000
202100045790;31;3;2021;17:50;1;75;75116;2;7;1;7;PLACE DE COLOMBIE;48,8629680000;2,2691690000
202100045792;29;3;2021;14:45;1;75;75116;2;3;1;6;ROUTE DES LACS A PASSY;48,8584130000;2,2588920000
202100045797;31;3;2021;14:10;1;75;75106;2;3;1;3;QUAI DE CONTI;48,8564310000;2,3399110000
202100045798;31;3;2021;19:15;1;75;75101;2;3;1;2;RUE DE RIVOLI;48,8640070000;2,3313450000
202100045799;30;3;2021;19:50;1;75;75102;2;1;1;7;RUE SAINT MARC;48,8706830000;2,3386920000
202100045802;31;3;2021;21:35;5;94;94041;2;9;1;1;Quai Marcel Boyer;48,8217300000;2,3934600000
202100045806;31;3;2021;09:30;1;94;94022;2;2;1;3;Rue Rouget de Lisle;48,7629303844;2,4037076560
202100045808;31;3;2021;18:36;1;93;93072;2;1;1;3;VAL DU MOULIN (ALLEE DU);48,9539331418;2,3904931849
202100045824;31;3;2021;13:45;1;39;39009;1;3;7;3;;46,8433240000;5,9185050000
202100045828;29;3;2021;08:26;1;95;95313;2;1;1;3;44 Avenue de Paris;49,1105297744;2,2252072624
202100045829;31;3;2021;20:00;2;42;42162;1;3;1;3;Route de Roanne;46,0190560000;4,0003540000
202100045830;31;3;2021;19:25;1;31;31113;2;1;1;1;Rue de LabÃ©ge;43,5172100000;1,5018170000
202100045845;1;4;2021;18:05;1;55;55132;2;1;1;1;Rue Derriere l'Isle;48,6116980000;5,0849110000
202100045848;31;3;2021;17:06;1;25;25411;2;6;1;3;10 Avenue Charles de Gaulle;47,0573830000;6,6112970000
202100045852;31;3;2021;12:05;1;31;31347;1;2;1;3;croisement de la dÃ©partementale D6 et la D632;43,3982670000;0,7941540000
202100045856;1;4;2021;09:45;1;90;90052;2;6;1;2;ZAC du Mont Jean;47,7373860000;6,8355940000
202100045858;31;3;2021;18:00;1;43;43152;1;6;7;3;Rond-point du Collet;45,0662591493;3,8507992029
202100045862;31;3;2021;17:40;1;08;08039;2;1;1;2;Rue d'Ecry;49,4588190000;4,0902430000
202100045870;31;3;2021;08:50;1;67;67118;2;1;1;3;Piste cyclable du canal de la Bruche;48,5746620000;7,6923720000
202100045876;31;3;2021;17:45;1;69;69117;1;3;1;3;RD306;45,8565923895;4,7381329536
202100045879;29;3;2021;18:55;1;35;35363;2;1;1;7;rue de la rivaudiÃ¨re;48,0133500000; -1,7079400000
202100045900;27;3;2021;19:10;3;75;75116;2;1;1;6;BOULEVARD SUCHET;48,8579870000;2,2650830000
202100045924;30;3;2021;13:45;1;77;77285;2;9;1;3;BOIS GUYOT (RUE DU);48,5388490000;2,6241550000
202100045926;29;3;2021;16:20;1;72;72181;2;6;1;3;JACOBINS (PL DES);48,0077500000;0,1988300000
202100045927;29;3;2021;12:38;1;72;72181;2;6;1;3;WILBUR WRIGHT (RUE);48,0078000000;0,1985000000
202100045928;29;3;2021;18:50;1;69;69266;2;2;1;6;JEAN JAURES (R);45,7581600000;4,8851500000
202100045930;29;3;2021;18:50;1;67;67482;2;3;1;3;ATHENES (PLACE D );48,5789940000;7,7682020000
202100045942;30;3;2021;18:40;1;44;44109;2;1;1;3;BOULEVARD GUY MOLLET;47,2470300000; -1,5554100000
202100045944;30;3;2021;08:58;1;37;37261;2;6;7;6;GANCE (BOULEVARD ABEL);47,4300468536;0,7050969796
202100045946;30;3;2021;09:15;1;35;35238;2;1;1;3;LIBERTE (BD DE LA);48,1081200000; -1,6827100000
202100045954;30;3;2021;17:27;1;27;27229;2;2;7;1;HUGO (RUE VICTOR);49,0224500000;1,1509200000
202100045970;29;3;2021;17:01;1;75;75101;2;3;1;3;RUE DE RIVOLI;48,8662930000;2,3241810000
202100045978;29;3;2021;17:50;1;75;75114;2;7;1;3;RUE DU FAUBOURG SAINT JACQUES;48,8335720000;2,3363210000
202100045979;30;3;2021;16:45;1;75;75113;2;2;1;3;RUE DE LA GLACIERE;48,8349740000;2,3449930000
202100045981;30;3;2021;08:40;1;75;75110;2;1;1;3;BOULEVARD DE MAGENTA;48,8776700000;2,3548360000
202100045983;29;3;2021;21:15;5;75;75108;2;7;1;6;PLACE DE LA CONCORDE;48,8643348130;2,3204702139
202100045985;30;3;2021;14:50;1;75;75101;2;3;1;7;BOULEVARD DE SEBASTOPOL;48,8629510000;2,3506450000
202100045994;30;3;2021;19:00;1;93;93048;2;9;1;1;LAGNY (RUE DE);48,8491973896;2,4225370244
202100045997;29;3;2021;18:55;1;92;92063;2;1;1;3;MOLIERE (RUE);48,8774213787;2,1879006922
202100046009;31;3;2021;15:00;1;84;84135;1;1;1;7;Chemin de Massillan (Pont);44,2329580000;4,7967610000
202100046017;31;3;2021;10:09;1;25;25623;2;9;7;3;GRANDE RUE;47,2260090000;6,4417970000
202100046018;14;3;2021;12:00;1;44;44069;2;1;6;3;D192;47,2968230000; -2,3938750000
202100046035;30;3;2021;15:30;1;55;55258;1;1;1;2;D8;48,7742670000;5,6937200000
202100046038;30;3;2021;15:45;1;31;31568;1;2;1;3;croisement CD.2  -  CD.11;43,4800790000;1,6911650000
202100046043;30;3;2021;17:30;1;60;60439;2;9;1;1;rue des pinsons;49,3159310000;2,3155940000
202100046046;27;3;2021;08:15;1;59;59497;1;1;1;7;Rue d'Oudoff;50,7191590000;2,3605520000
202100046077;28;3;2021;15:20;1;64;64237;2;3;1;3;GABIZOS DU;43,2789400000; -0,3753000000
202100046088;23;3;2021;19:00;1;56;56260;2;2;1;3;SAINTE-ANNE (ROUTE);47,6622900000; -2,7785300000
202100046092;29;3;2021;17:36;1;51;51454;2;2;1;3;Rue Gabriel Voisin;49,2353177287;4,0699014642
202100046095;29;3;2021;08:05;1;51;51454;2;3;1;3;Rue Chabaud;49,2502238437;4,0268394078
202100046102;24;3;2021;16:25;1;38;38544;1;1;1;7;RENTE(CHEMIN DE LA);45,5033291578;4,8943018913
202100046107;29;3;2021;16:35;1;35;35238;2;3;1;3;NANTES (DE);48,0923800000; -1,6914800000
202100046128;29;3;2021;14:15;1;13;13005;2;6;1;3;CEINTURE DE CAMPS MAJOR (CHEMIN DE);43,2965100000;5,5828200000
202100046129;29;3;2021;09:50;1;13;13001;2;2;1;3;BERRE (ROUTE DE);43,5327100000;5,4159700000
202100046136;29;3;2021;17:20;1;75;75105;2;1;1;3;RUE BUFFON;48,8427320000;2,3619500000
202100046138;28;3;2021;19:15;1;75;75118;2;2;1;3;BOULEVARD NEY;48,8977990000;2,3374340000
202100046142;29;3;2021;19:50;1;75;75110;2;1;1;3;RUE LOUIS BLANC;48,8817120000;2,3640820000
202100046143;28;3;2021;17:46;1;94;94046;2;9;1;3;PROFESSEUR CADIOT (AV DU);48,8043900000;2,4325200000
202100046144;29;3;2021;18:30;1;94;94041;2;1;1;3;Rue Hoche;48,8122700000;2,3740100000
202100046158;29;3;2021;14:00;1;92;92012;2;2;1;7;SILLY (RUE DE) 1/87 - 2/88;48,8356100000;2,2323800000
202100046161;30;3;2021;08:25;1;17;17171;1;2;7;3;D18;45,8574490000; -0,7594760000
202100046180;29;3;2021;15:00;1;53;53243;1;2;1;3;la jaslerie;48,1551410000; -0,8776080000
202100046191;26;3;2021;11:00;1;67;67067;2;1;1;3;2 A rue de Geudertheim;48,7286600000;7,7168820000
202100046199;30;3;2021;17:55;1;59;59011;2;4;1;7;Rue du Docteur Schaffner;50,5313460000;2,9384890000
202100046244;28;3;2021;17:30;1;75;75115;2;3;1;7;BOULEVARD VICTOR;48,8353990000;2,2810220000
202100046252;28;3;2021;11:00;1;94;94018;2;1;1;7;ILE MARTINET;48,8194900000;2,4041300000
202100046277;28;3;2021;16:40;1;15;15108;1;3;7;2;La Baraque Neuve (Saint-Just);44,8986410000;3,2268960000
202100046279;27;3;2021;10:30;1;50;50260;1;1;7;2;7 Route du Moulin (Bellefontaine);48,6872140000; -0,9803960000
202100046309;28;3;2021;17:05;1;68;68211;2;1;1;3;33 Rue Principale;47,8719600000;7,0064260000
202100046312;28;3;2021;17:00;1;65;65320;2;2;1;1;Rue du Montaigu;43,1209730000;0,1061300000
202100046365;25;3;2021;20:30;5;75;75111;2;1;1;2;BOULEVARD BEAUMARCHAIS;48,8579192999;2,3679874976
202100046367;27;3;2021;16:37;1;75;75120;2;4;1;5;RUE DU CAPITAINE TARRON;48,8653880000;2,4087100000
202100046371;26;3;2021;22:30;5;75;75119;2;1;2;6;AVENUE JEAN JAURES;48,8832179531;2,3716319802
202100046375;27;3;2021;10:05;1;75;75115;2;3;1;1;QUAI DE GRENELLE;48,8529060000;2,2865710000
202100046377;26;3;2021;11:25;1;75;75114;2;2;1;6;RUE D ALESIA;48,8278300000;2,3304990000
202100046379;27;3;2021;15:30;1;75;75113;2;1;1;3;RUE DE LA GLACIERE;48,8279520000;2,3424400000
202100046383;26;3;2021;09:20;1;75;75108;2;4;1;3;RUE D ARTOIS;48,8726600560;2,3081980147
202100046387;25;3;2021;11:15;1;75;75102;2;3;8;6;RUE VIVIENNE;48,8693530000;2,3403310000
202100046389;25;3;2021;16:55;1;94;94052;2;9;1;3;Avenue de Joinville;48,8310800000;2,4687600000
202100046393;27;3;2021;17:30;1;94;94002;2;5;8;3;Rue Emile Zola / Quai Blanqui;48,7982300000;2,4205100000
202100046424;27;3;2021;16:15;1;67;67183;1;1;1;1;D23;48,9358670000;7,0211520000
202100046432;27;3;2021;16:30;1;63;63368;1;1;1;3;Lieu-dit Les coins;45,6998727392;3,3351786732
202100046438;27;3;2021;17:00;1;39;39572;1;1;1;7;;46,9327630000;5,7501630000
202100046448;27;3;2021;12:40;1;45;45272;2;1;1;4;951 Rue de Gautray;47,8118470000;1,9526430000
202100046449;28;3;2021;09:10;1;45;45193;2;2;1;3;Place de l'Eglise;47,7645520000;2,0210710000
202100046462;28;3;2021;10:45;1;66;66099;1;1;1;1;D615;42,5483540000;2,7530840000
202100046466;28;3;2021;17:40;1;57;57499;2;1;1;7;90 Rue Saint-michel;49,0766700000;7,0609470000
202100046472;27;3;2021;17:00;1;16;16415;1;1;1;6;85 Route de Guissalle;45,7281580000;0,1103140000
202100046495;25;3;2021;15:18;1;87;87085;2;1;1;7;CASSEAUX (AVE DES) (VC);45,8400000000;1,2841500000
202100046501;26;3;2021;17:15;1;74;74012;2;1;1;6;RESISTANCE (RUE DE LA);46,1972600000;6,2524400000
202100046509;26;3;2021;06:37;5;64;64102;2;3;1;3;SOULT (AVENUE MARECHAL);43,4851885246; -1,4940104130
202100046512;25;3;2021;16:31;1;63;63113;2;2;1;3;LAVOISIERS /FontgiÃ¨ve;45,7823100000;3,0728800000
202100046513;25;3;2021;16:18;1;63;63113;2;3;1;3;Nadaud/Briand;45,7701200000;3,0761900000
202100046516;26;3;2021;17:45;1;59;59350;2;2;1;3;NATIONALE RUE NÂ°RESTE IMPAIRS;50,6326523472;3,0521677985
202100046541;26;3;2021;14:50;1;13;13210;2;1;1;3;MAURIAC (RUE);43,2732303377;5,4202821621
202100046568;25;3;2021;18:30;1;69;69381;2;9;1;1;MARTINIERE (DE LA) (R);45,7681600000;4,8317700000
202100046580;23;3;2021;09:30;1;80;80021;2;1;1;3;ROUEN (RUE DE);49,8871500000;2,2834100000
202100046586;24;3;2021;13:00;1;73;73065;2;3;1;3;Rue Dijoud / D201;45,5663850000;5,9379980000
202100046590;25;3;2021;17:16;1;65;65440;2;3;1;3;DALEAS (RUE);43,2256690000;0,0822630000
202100046596;24;3;2021;12:14;1;59;59291;2;1;1;3;MARECHAL FOCH (AVENUE DU);50,2545620000;3,9079260000
202100046602;23;3;2021;18:00;1;44;44184;2;1;1;6;COUBERTIN (AVENUE PIERRE DE);47,2705270000; -2,2332140000
202100046607;25;3;2021;07:20;2;38;38185;2;2;1;3;Cours de la LibÃ©ration;45,1802100000;5,7167200000
202100046616;24;3;2021;09:05;1;27;27299;2;3;1;3;BRIAND (AVENUE ARISTIDE);49,0504000000;1,1646000000
202100046617;25;3;2021;17:49;1;17;17300;2;3;1;3;VERDUN   PLACE DE;46,1618660000; -1,1535190000
202100046626;25;3;2021;12:20;1;07;07281;2;1;1;2;GROSS-UMSTADT (AVENUE DE);44,9440400000;4,8573200000
202100046634;25;3;2021;10:10;1;75;75120;2;1;2;5;AVENUE GAMBETTA;48,8631680000;2,3885670000
202100046642;25;3;2021;10:25;1;75;75111;2;1;8;6;BOULEVARD VOLTAIRE;48,8540930000;2,3863320000
202100046644;25;3;2021;18:00;1;75;75110;2;1;1;6;RUE EUGENE VARLIN;48,8788100000;2,3637980000
202100046645;25;3;2021;09:00;1;75;75110;2;1;2;3;RUE DES VINAIGRIERS;48,8731560000;2,3621900000
202100046646;25;3;2021;08:45;1;75;75110;2;1;2;3;RUE DU FAUBOURG DU TEMPLE;48,8717970000;2,3762470000
202100046647;25;3;2021;16:00;1;75;75109;2;3;1;3;RUE LA BRUYERE;48,8797250000;2,3328060000
202100046648;25;3;2021;16:00;1;75;75104;2;3;1;3;RUE SAINT ANTOINE;48,8539480000;2,3647290000
202100046649;24;3;2021;17:00;1;94;94068;2;1;1;3;HENRI REGNAULT (R);48,7981000000;2,5091100000
202100046655;25;3;2021;19:50;5;94;94002;2;1;1;6;Rue Paul Vaillant Couturier;48,8141800000;2,4154300000
202100046673;25;3;2021;17:40;1;44;44024;2;4;1;3;rue de bel air;47,1691570000; -1,7201920000
202100046684;26;3;2021;12:30;1;32;32053;1;1;1;7;Cd 139;43,3890200000;0,6070380000
202100046687;26;3;2021;11:15;1;39;39408;1;1;1;3;;46,5894460000;5,7119070000
202100046697;25;3;2021;14:15;1;34;34199;2;1;1;3;Route de Montpellier;43,4671350000;3,4296980000
202100046699;25;3;2021;16:56;1;52;52449;1;1;1;6;Chemin de l'Ãtang;47,8357950000;5,3223290000
202100046727;23;3;2021;10:45;1;69;69386;2;3;1;3;VITTON (CR);45,7700800000;4,8591500000