Num_Acc;jour;mois;an;hrmn;lum;dep;com;agg;int;atm;col;adr;lat;long
202100046732;24;3;2021;15:50;1;91;91425;2;9;1;3;RTE D ORLEANS RN 20;48,6399100000;2,2680700000
202100046736;23;3;2021;10:20;1;91;91432;2;3;1;3;AV BLAISE PASCAL;48,6959030000;2,3346160000
202100046738;23;3;2021;17:01;1;87;87085;2;1;1;6;VALADON (RUE SUZANNE);45,8439200000;1,2861000000
202100046757;23;3;2021;17:15;1;37;37261;2;1;1;7;FRANCE (PLACE ANATOLE);47,3966817456;0,6861305236
202100046761;24;3;2021;15:20;1;28;28134;2;2;1;1;PASTRE (RUE);48,7343162063;1,3731864095
202100046765;23;3;2021;08:05;1;14;14030;2;1;1;3;Rue de lâAbbaye;49,2036600000; -0,4220700000
202100046766;24;3;2021;13:30;1;13;13201;2;3;1;3;HENRI BARBUSSE (RUE);43,2970441863;5,3742201626
202100046777;24;3;2021;20:00;5;75;75120;2;3;1;1;RUE DES FOUGERES;48,8733870000;2,4102650000
202100046783;24;3;2021;10:55;1;75;75115;2;2;1;6;BOULEVARD PASTEUR;48,8415180000;2,3140180000
202100046788;24;3;2021;19:15;5;75;75112;2;4;1;3;AVENUE DAUMESNIL;48,8448310000;2,3804470000
202100046791;24;3;2021;18:05;1;75;75104;2;3;1;1;RUE SAINT ANTOINE;48,8547760000;2,3624180000
202100046792;24;3;2021;16:56;1;75;75103;2;3;1;1;RUE DUPETIT THOUARS;48,8651440000;2,3622450000
202100046793;24;3;2021;12:55;2;75;75103;2;2;1;6;RUE DE TURBIGO;48,8654593987;2,3560798849
202100046794;3;3;2021;20:40;5;94;94080;2;1;1;3;PARIS (AV DE);48,8450050000;2,4342860000
202100046795;24;3;2021;17:20;1;94;94021;2;9;1;6;PETIT LEROY (R DU);48,7674200000;2,3598000000
202100046800;23;3;2021;17:15;1;94;94022;2;9;1;4;Avenue dâAlfortville;48,7706910000;2,4136640000
202100046805;24;3;2021;12:50;1;93;93050;2;3;1;3;PINSONS (RUE);48,8715800000;2,5313100000
202100046810;24;3;2021;17:25;1;92;92073;2;1;1;2;PONT DE SURESNES;48,8669915941;2,2291007638
202100046822;24;3;2021;14:45;1;19;19135;1;3;7;5;D982;45,5101400000;2,3068180000
202100046834;24;3;2021;18:35;1;02;02361;1;1;1;3;D960;49,9061370000;3,5990420000
202100046841;24;3;2021;17:50;1;37;37097;2;2;1;2;RD95 - PK13+400;47,1634876241;0,8905484510
202100046842;24;3;2021;15:07;1;973;97309;2;3;1;1;Avenue Just Auguste;4,8934860000; -52,2738080000
202100046844;24;3;2021;12:42;1;34;34329;1;1;1;2;D 64;43,2506110000;3,2571890000
202100046850;24;3;2021;15:30;1;33;33449;2;6;1;3;Rue Maurice Lestage;44,8811710000; -0,6971960000
202100046852;10;3;2021;07:50;2;85;85092;2;6;8;3;Rond point de l'Europe;46,4674160000; -0,8250800000
202100046869;22;3;2021;14:02;1;69;69384;2;1;1;3;JACQUES LOUIS HENON (R);45,7796000000;4,8281000000
202100046873;22;3;2021;20:30;3;91;91228;2;1;1;6;RTE NATIONALE 7;48,6443740000;2,4228050000
202100046880;23;3;2021;14:45;1;83;83069;2;1;1;3;AEROPORT (AVENUE DE L');43,0913200000;6,1425700000
202100046884;23;3;2021;08:55;1;78;78367;2;1;1;6;MARE GRISEAU NÂ°2 (RESIDENCE);48,8834500000;2,0717300000
202100046901;23;3;2021;17:13;1;64;64445;2;6;7;3;LAURIERS DES;43,3017600000; -0,3446400000
202100046904;22;3;2021;18:20;1;63;63113;2;1;1;3;CARNOT (AVENUE);45,7762306730;3,0957567147
202100046905;22;3;2021;17:37;1;63;63113;2;3;1;3;SOUS MARIN CASABIANCA (RUE DU);45,8083600000;3,1069400000
202100046907;13;3;2021;16:55;1;59;59350;2;1;1;2;GAMBETTA LEON RUE;50,6280000000;3,0510900000
202100046908;22;3;2021;16:55;1;54;54329;2;3;1;3;RUE GAILLARDOT;48,5880800000;6,4952400000
202100046910;22;3;2021;17:15;1;49;49353;2;1;1;1;PERREYEUX;47,4571852773; -0,5118915439
202100046911;22;3;2021;07:55;1;44;44184;2;2;1;3;MENHIR (RUE DU);47,2796700000; -2,2058000000
202100046912;23;3;2021;08:00;1;37;37214;2;6;1;6;LEBRUN (RUE HENRI);47,4005452795;0,6787405015
202100046913;23;3;2021;11:00;1;35;35238;2;1;1;3;FOUGERES (RUE DE);48,1257300000; -1,6550200000
202100046923;10;3;2021;13:32;1;31;31555;2;1;1;3;FRONTON (AV DE) DU 1AU 176;43,6297500000;1,4338100000
202100046942;23;3;2021;14:55;1;06;06004;2;1;1;3;BACON BD DU ET BD GARDIOLE;43,5649300000;7,1374600000
202100046946;23;3;2021;16:07;1;75;75105;2;2;1;6;BOULEVARD SAINT MARCEL;48,8384730000;2,3570280000
202100046948;23;3;2021;11:30;1;75;75119;2;3;1;3;AVENUE JEAN JAURES;48,8830950000;2,3714740000
202100046949;23;3;2021;08:00;1;75;75119;2;2;8;7;BOULEVARD SERURIER;48,8788510000;2,4018860000
202100046952;23;3;2021;10:50;1;75;75112;2;4;1;6;BOULEVARD DE PICPUS;48,8465030000;2,4000210000
202100046969;9;2;2021;17:00;2;92;92012;2;1;1;6;GEORGES SOREL (RUE);48,8351600000;2,2418300000
202100046971;23;3;2021;16:00;1;46;46063;1;1;1;3;D659 LA MALODIE;44,2782690000;1,3546550000
202100046973;23;3;2021;09:30;1;83;83019;2;9;1;3;Route des LavandiÃ¨res;43,1395019700;6,3576006400
202100046989;24;3;2021;14:10;1;28;28116;2;3;1;3;Avenue John Fitzgerald Kennedy;48,4496990000;1,2497700000
202100047029;19;3;2021;14:10;1;80;80021;2;2;1;3;GENERAL LECLERC (RUE DU );49,8973780000;2,2951560000
202100047032;6;3;2021;12:25;1;76;76540;2;1;1;3;LIBERATION. AVENUE DE LA;49,4258200000;1,0686300000
202100047054;22;3;2021;18:08;1;75;75105;2;3;1;3;QUAI DE LA TOURNELLE;48,8507010000;2,3525930000
202100047059;22;3;2021;14:25;1;75;75111;2;2;1;3;BOULEVARD VOLTAIRE;48,8553240000;2,3842800000
202100047060;22;3;2021;16:45;1;75;75110;2;2;1;6;RUE DU CHATEAU D EAU;48,8698640000;2,3607150000
202100047072;22;3;2021;13:30;1;06;06149;1;1;1;6;Route de Villefranche;43,7299330000;7,3095770000
202100047081;22;3;2021;16:55;1;62;62261;2;1;7;2;rue des iris;50,4816110000;1,6146890000
202100047087;23;3;2021;15:30;1;38;38229;2;1;1;7;chemin des pÃ©piniÃ¨res;45,2033660000;5,7692490000
202100047116;21;3;2021;17:30;1;69;69386;2;2;1;3;CREQUI (DE)  (R);45,7681300000;4,8461900000
202100047119;21;3;2021;09:55;1;77;77517;1;6;1;2;D 34 DE CLAYE A CHELLES;48,9107900000;2,6410100000
202100047120;20;3;2021;07:45;1;73;73011;2;6;1;3;FONTANET (AV.) RUISSEAU CHIRIAC A WINNED;45,6599218141;6,3681608197
202100047125;21;3;2021;18:35;1;35;35238;2;1;1;3;SAINT-HELIER;48,1059850000; -1,6665240000
202100047138;21;3;2021;16:30;1;75;75119;2;1;1;3;AVENUE SIMON BOLIVAR;48,8787960000;2,3743480000
202100047139;21;3;2021;19:10;5;75;75114;2;2;1;3;BOULEVARD JOURDAN;48,8221670000;2,3303630000
202100047141;18;3;2021;19:50;5;75;75112;2;1;1;7;AVENUE DE GRAVELLE;48,8241180000;2,4220380000
202100047147;21;3;2021;11:20;1;92;92049;2;3;1;7;BROSSOLETTE AVENUE PIERRE;48,8128100000;2,3015500000
202100047151;20;3;2021;16:20;1;91;91363;2;1;1;3;Route de Beauvert;48,6456060000;2,2096250000
202100047153;18;3;2021;14:30;1;56;56094;1;1;1;7;Lieu Dit le Braigno;47,7968330000; -3,2442550000
202100047159;20;3;2021;13:05;1;71;71014;1;1;6;3;Route de Chateau-chinon;46,9606530000;4,2828330000
202100047165;21;3;2021;18:00;2;73;73082;2;1;1;1;D204;45,4953380000;6,0735940000
202100047200;19;3;2021;12:45;1;973;97302;2;1;1;3;MONTABO (ROUTE DE) 1;4,9445502462; -52,3104765416
202100047204;20;3;2021;09:00;1;69;69142;2;9;1;3;FONTANIERES (DE) (CHM);45,7495968222;4,8146282136
202100047245;20;3;2021;17:15;1;75;75117;2;2;1;3;AVENUE DE LA PORTE DE CHAMPERRET;48,8863060000;2,2864820000
202100047246;2;3;2021;17:30;1;75;75116;2;1;1;6;ROUTE DE LA SEINE A LA BUTTE MORTEMART;48,8515080000;2,2341800000
202100047247;20;3;2021;16:55;1;75;75115;2;2;1;2;QUAI DE GRENELLE;48,8544380000;2,2886770000
202100047249;20;3;2021;15:00;1;75;75111;2;3;1;1;RUE OBERKAMPF;48,8666150000;2,3813010000
202100047251;20;3;2021;17:58;1;75;75107;2;2;1;3;RUE DE L UNIVERSITE;48,8609840000;2,3149580000
202100047254;20;3;2021;13:00;1;75;75101;2;1;1;6;RUE DE RIVOLI;48,8592720000;2,3459460000
202100047256;20;3;2021;16:20;1;94;94043;2;1;1;2;FONTAINEBLEAU (AV DE);48,8090000000;2,3620000000
202100047260;20;3;2021;15:30;1;93;93051;2;1;1;3;ROUGET DE LISLE;48,8455000000;2,5629000000
202100047268;20;3;2021;11:15;1;92;92012;2;2;1;2;JEAN JAURES (BOULEVARD) 217/FIN - 210/FI;48,8278804176;2,2467604280
202100047269;20;3;2021;11:30;1;92;92012;2;2;1;3;CHATEAU (RUE DU) 127/FIN - 133/FIN;48,8419900000;2,2388000000
202100047285;21;3;2021;16:00;1;32;32033;1;1;1;7;Antin;43,6749490000;0,3095700000
202100047290;21;3;2021;12:10;1;02;02779;2;3;1;3;Rue du Fort;49,9817230000;3,6396240000
202100047341;19;3;2021;07:50;2;56;56121;2;4;1;6;ZOLA ( ET IMP. EMILE );47,7568000000; -3,3719800000
202100047343;18;3;2021;08:25;1;54;54395;2;1;1;3;BAZIN (RUE HENRI) + (SENTIER);48,6967728706;6,1939193308
202100047345;19;3;2021;14:35;1;51;51454;2;1;1;7;Avenue de Laon;49,2644285691;4,0270185426
202100047348;19;3;2021;06:35;5;49;49007;2;1;1;2;BEDIER BOULEVARD;47,4506514590; -0,5526323554
202100047362;16;3;2021;07:15;1;31;31555;2;1;1;3;TRENTIN (BD SILVIO) DU 2AU 110;43,6257900000;1,4316300000
202100047363;19;3;2021;13:45;1;29;29039;1;4;1;3;Rue de Lanriec;47,8692000000; -3,8945600000
202100047364;19;3;2021;16:13;1;27;27229;2;1;1;3;COLBERT (RUE);49,0114100000;1,1715600000
202100047365;19;3;2021;09:15;1;26;26198;2;6;1;2;Rue du Docteur Pinel ;44,5579630000;4,7337880000
202100047386;19;3;2021;09:00;1;75;75120;2;2;1;3;RUE DES PYRENEES;48,8504970000;2,4064020000
202100047392;19;3;2021;12:57;1;75;75115;2;2;1;6;RUE LINOIS;48,8476950000;2,2841320000
202100047396;19;3;2021;14:10;1;75;75104;2;3;1;7;BOULEVARD DU PALAIS;48,8552829614;2,3458742304
202100047400;19;3;2021;08:10;1;94;94046;2;2;1;3;Avenue de la RÃ©publique;48,8028060000;2,4340200000
202100047414;19;3;2021;14:30;1;92;92002;2;1;1;6;PROSPER LEGOUTE (PASSAGE);48,7435100000;2,2963190000
202100047428;19;3;2021;16:20;1;34;34239;2;4;1;3;place du monument au mort;43,6504230000;3,5021070000
202100047434;19;3;2021;13:45;1;85;85114;2;6;1;1;Rue de la Tourette/Rue de la Perpoise;46,4189100000; -1,5828900000
202100047484;17;3;2021;07:30;1;67;67447;2;3;2;3;23 NOVEMBRE (AVENUE DU);48,6068800000;7,7305000000
202100047493;17;3;2021;13:57;1;63;63113;2;2;1;3;CHAMPRATEL (RUE DE);45,8101800000;3,1141500000
202100047499;17;3;2021;12:30;1;35;35238;2;1;1;3;LAENNEC (BD RENE);48,1052700000; -1,6660000000
202100047512;18;3;2021;14:30;1;13;13208;2;1;1;3;pointe rouge (ave);43,2471155781;5,3739470297
202100047513;17;3;2021;16:05;1;11;11069;2;1;1;2;BARBACANE;43,2093500000;2,3604100000
202100047525;18;3;2021;16:15;1;75;75117;2;4;2;3;AVENUE NIEL;48,8798221238;2,2947910762
202100047530;18;3;2021;21:05;5;75;75110;2;3;2;3;BOULEVARD DE MAGENTA;48,8757849495;2,3564869165
202100047531;18;3;2021;08:21;1;75;75110;2;7;1;3;PLACE FRANZ LISZT;48,8780710000;2,3513170000
202100047536;17;3;2021;09:30;1;94;94052;2;1;1;1;CHARLES DE GAULLE (GRAND RUE);48,8377000000;2,4878400000
202100047545;18;3;2021;17:30;1;92;92004;2;3;1;7;CHANZY ( RUE DE );48,9098081991;2,2726544738
202100047546;18;3;2021;09:10;1;92;92004;2;3;1;3;COLOMBES ( RUE DE 31 A );48,9139413675;2,2805542499
202100047609;16;3;2021;16:15;1;87;87085;2;1;1;7;PENICAUD JEAN (COURS);45,8263400000;1,2482500000
202100047610;16;3;2021;09:06;1;87;87085;2;1;1;7;CHINCHAUVAUD (RUE DU);45,8415600000;1,2646300000
202100047629;16;3;2021;15:20;1;33;33192;2;6;1;3;Route de CanÃ©jan;44,7657400000; -0,6389200000
202100047630;16;3;2021;13:00;1;32;32013;2;3;1;3;LOUIS BLANC (PLACE);43,6470300000;0,5874600000
202100047642;17;3;2021;14:05;1;10;10387;2;1;2;7;BEGAND (RUE);48,2946400000;4,0653100000
202100047652;17;3;2021;09:15;1;75;75115;2;1;2;7;BOULEVARD DE VAUGIRARD;48,8414640000;2,3185980000
202100047653;17;3;2021;16:30;1;75;75111;2;1;3;3;RUE DE CHARONNE;48,8561900000;2,3932640000
202100047656;16;3;2021;12:30;1;94;94068;2;1;2;2;REPUBLIQUE (AV DE LA);48,8038602745;2,4859133541
202100047660;17;3;2021;17:10;1;94;94018;2;1;2;1;PARIS (R DE);48,8221600000;2,4124500000
202100047667;17;3;2021;15:20;1;92;92046;2;1;2;3;GABRIEL PERI;48,8192557009;2,2957912087
202100047690;17;3;2021;11:00;1;14;14562;2;1;1;3;Rue du Marechal Foch;49,3296860000; -0,3927100000
202100047704;8;3;2021;18:40;5;973;97302;2;1;1;2;MONTABO (ROUTE DE) 3;4,9321800000; -52,2904900000
202100047709;8;3;2021;18:45;5;69;69259;2;9;1;3;IRENE JOLIOT CURIE                  (BD);45,7170900000;4,8774800000
202100047711;1;3;2021;15:10;1;69;69386;2;9;1;6;JULES FERRY                         (PL);45,7680500000;4,8590800000
202100047719;5;3;2021;14:20;1;80;80021;2;1;1;1;ANDRE CHENIER (RUE);49,8776900000;2,2864100000
202100047724;5;3;2021;11:15;1;74;74012;2;9;1;3;ZOLA (RUE EMILE);46,1958270000;6,2314080000
202100047726;8;3;2021;07:55;1;69;69290;2;6;1;3;EGALITE (DE L') (R);45,6858900000;4,9471100000
202100047737;30;1;2021;16:00;1;62;62528;2;3;2;3;SALENGRO (R ROGER);50,4466390000;2,8021980000
202100047738;24;2;2021;17:21;1;58;58194;2;3;1;3;LYON (FAUBOURG);46,9819000000;3,1602000000
202100047741;8;2;2021;17:32;1;49;49007;2;1;1;3;KING MARTIN-LUTHER RUE ET SQUARE;47,4504100000; -0,5625800000
202100047743;6;3;2021;09:35;1;37;37261;2;1;1;6;MAGINOT (AV. ANDRE);47,4223848961;0,6967928412
202100047759;16;3;2021;15:40;1;69;69386;2;1;1;6;VITTON (CR);45,7693758130;4,8512677517
202100047770;15;3;2021;16:32;1;76;76351;2;2;1;7;MOGADOR;49,4972000000;0,0983600000
202100047779;15;3;2021;07:45;1;67;67482;2;3;8;3;ROMAINS (ROUTE DES);48,5791660000;7,7129350000
202100047797;16;3;2021;14:42;1;35;35238;2;1;1;6;MITTERAND (MAIL FRANCOIS);48,1083995175; -1,6961391270
202100047804;15;3;2021;17:48;1;21;21355;2;3;1;3;11 Rue Armand Thibaut;47,2846600000;5,0590420000
202100047844;16;3;2021;18:35;1;93;93048;2;2;2;3;VINCENNES (RUE DE);48,8533857900;2,4352321650
202100047845;15;3;2021;18:00;1;93;93048;2;5;1;3;ARISTIDE BRIAND (BOULEVARD);48,8682000000;2,4468000000
202100047869;17;3;2021;10:45;1;85;85204;1;1;1;7;Le Petit Fileau;46,7889100000; -1,7780300000
202100047870;16;3;2021;09:00;1;30;30036;1;3;7;3;Route de Camargue;43,7653910000;4,2985890000
202100047872;17;3;2021;15:45;1;42;42279;1;1;2;5;Route de Saint-Cyprien;45,5114610000;4,2384580000
202100047930;15;3;2021;17:00;1;53;53130;2;1;1;3;BEAUVAIS ( RUE DE );48,0712800000; -0,7829700000
202100047942;15;3;2021;18:15;1;33;33167;2;6;1;2;Avenue du PrÃ©sident FranÃ§ois Mitterrand;44,8428800000; -0,5112700000
202100047957;15;3;2021;01:45;5;75;75112;2;1;1;1;QUAI DE LA RAPEE;48,8448520000;2,3689150000
202100047959;15;3;2021;09:10;1;75;75104;2;2;8;3;RUE DU PAS DE LA MULE;48,8559310000;2,3673150000
202100047975;15;3;2021;11:10;1;92;92012;2;1;1;6;PONT DE BILLANCOURT (PLACE DU);48,8247750571;2,2485645825
202100047979;15;3;2021;16:30;1;62;62038;2;2;1;3;Route de SAINT-OMER;50,8534980000;1,9849020000
202100047980;13;3;2021;17:50;1;11;11203;2;1;1;1;Rue Jules Verne;43,1905400460;2,7692144032
202100047987;16;3;2021;17:00;1;14;14431;2;2;1;5;Rue LÃ©on Blum;49,0755250000; -0,0778620000
202100047990;15;3;2021;09:30;1;14;14098;1;2;1;3;Rue de la Guinguette;49,1770490000; -0,5132960000
202100047994;13;3;2021;10:20;1;84;84141;1;6;1;3;Route de Realpanier;43,9538300000;4,8941990000
202100048018;18;2;2021;18:00;2;95;95428;2;2;2;3;COUTURES (RUE DES);48,9708837172;2,3153257370
202100048024;14;3;2021;12:16;1;17;17300;2;3;1;3;SAINT-CLAUDE   RUE;46,1584500000; -1,1465300000
202100048029;13;3;2021;11:55;1;07;07102;2;2;1;4;PROVENCE (AVENUE DE);44,9249900000;4,8702800000
202100048038;14;3;2021;17:50;2;75;75110;2;4;1;3;BOULEVARD DE MAGENTA;48,8794840000;2,3531970000
202100048045;14;3;2021;12:00;1;94;94028;2;1;1;2;BOEUFS(CHEMIN DES);48,7690000000;2,4333400000
202100048076;15;3;2021;15:00;1;27;27679;2;6;1;2;D840;48,7381810000;0,9201640000
202100048088;15;3;2021;08:50;1;13;13100;2;6;1;3;Av du Mal de Lattre de Tassigny;43,7922950000;4,8394720000
202100048120;13;3;2021;13:15;1;69;69142;2;3;1;3;PIERRE SEMARD (Q);45,7253700000;4,8167200000
202100048122;12;3;2021;14:51;1;971;97101;2;9;1;3;ROUTE DE CHAZEAU;16,2893400000; -61,4807500000
202100048146;13;3;2021;09:50;1;06;06027;2;9;1;3;BOUALAM ROND POINT BACHAGA;43,6602400000;7,1441500000
202100048148;12;3;2021;19:50;2;75;75120;2;2;2;3;RUE DES RASSELINS;48,8547790000;2,4089710000
202100048150;13;3;2021;10:30;1;75;75115;2;2;1;3;BOULEVARD LEFEBVRE;48,8311120000;2,2924450000
202100048155;13;3;2021;14:05;1;75;75110;2;7;2;3;BOULEVARD DE MAGENTA;48,8685190000;2,3630150000
202100048196;7;1;2021;17:30;2;88;88481;2;3;9;3;dÃ©partementale 44 rue du cone;48,0990175406;6,3899713755
202100048220;8;3;2021;11:00;1;988;98818;2;1;1;2;PROMENADE ROGER LAROQUE; -22,3028000000;166,4432200000
202100048238;10;3;2021;10:00;1;83;83129;2;3;7;1;MONT SALVA (CHEMIN DU);43,0715900000;5,8086700000
202100048256;11;3;2021;09:30;1;56;56260;2;6;1;3;GARE (GIRATOIRE DE LA);47,6640912781; -2,7553930879
202100048260;12;3;2021;15:45;1;49;49007;2;1;1;3;SAINT JACQUES;47,4737823441; -0,5744015589
202100048261;12;3;2021;13:25;1;49;49007;2;1;1;2;GRAND LAUNAY;47,4667430000; -0,5939480000
202100048271;12;3;2021;12:00;1;35;35238;2;1;1;6;CHATEAUBRIAND (QUAI);48,1102150000; -1,6763120000
202100048283;12;3;2021;21:30;5;06;06088;2;1;1;6;GORBELLA (BD DE);43,7174300000;7,2568980000
202100048284;11;3;2021;17:19;1;06;06029;2;1;1;6;CARNOT (BOULEVARD);43,5559680000;7,0170380000
202100048285;26;2;2021;17:05;1;01;01014;2;6;1;3;CARREFOUR POINT B;46,2849200000;5,6617600000
202100048294;5;3;2021;17:10;1;75;75112;2;3;1;7;QUAI DE LA RAPEE;48,8408630358;2,3738380618
202100048296;12;3;2021;07:47;1;75;75110;2;7;1;3;RUE DU FAUBOURG SAINT MARTIN;48,8692660000;2,3557200000
202100048326;13;3;2021;10:48;1;71;71135;2;2;1;3;Rue des Carrieres;46,4335260000;4,8307520000
202100048342;13;3;2021;11:00;1;74;74158;1;1;6;2;Route du pays de la CotÃ©;46,2471820000;6,3311880000
202100048382;10;3;2021;07:45;2;83;83123;1;1;1;1;GOURD (CHEMIN);43,1451200000;5,8102300000
202100048383;10;3;2021;11:10;1;80;80021;2;1;1;3;EDOUARD LUCAS (RUE);49,8998800000;2,2686300000
202100048398;10;3;2021;08:15;1;64;64024;2;6;1;3;MONTAURY (ROND POINT DU PARC);43,4803100000; -1,5091500000
202100048423;11;3;2021;08:30;1;13;13207;2;2;1;1;ENDOUME (RUE D');43,2893720000;5,3663820000
202100048432;11;3;2021;18:20;1;75;75117;2;1;1;3;AVENUE DE WAGRAM;48,8773020000;2,2976020000
202100048435;11;3;2021;08:50;1;75;75114;2;7;2;3;AVENUE DENFERT ROCHEREAU;48,8344870000;2,3325860000
202100048438;11;3;2021;07:05;2;75;75112;2;1;2;3;BOULEVARD SOULT;48,8434290000;2,4098950000
202100048439;11;3;2021;14:25;1;75;75108;2;1;2;3;COURS LA REINE;48,8650250000;2,3180530000
202100048442;9;3;2021;13:00;1;75;75107;2;2;1;7;RUE DE CONSTANTINE;48,8609770000;2,3149650000
202100048443;11;3;2021;16:00;1;75;75101;2;7;2;1;RUE DE RIVOLI;48,8621540000;2,3370180000
202100048448;11;3;2021;08:15;1;94;94018;2;3;8;3;GRAVELLE (AV DE);48,8252700000;2,4097000000
202100048462;11;3;2021;18:22;1;35;35226;1;1;1;2;D794;48,4283530000; -1,9136380000
202100048478;12;3;2021;11:00;1;06;06010;1;1;1;5;Route de Gourdon;43,6849470000;6,9748540000
202100048505;10;3;2021;12:50;1;69;69387;2;1;1;6;CLAUDE BERNARD (Q);45,7508469538;4,8359751105
202100048506;10;3;2021;10:48;1;69;69259;2;6;1;2;JULES FERRY (R);45,6988300000;4,8860000000
202100048508;9;3;2021;18:45;2;69;69381;2;3;1;3;ST SEBASTIEN                        (MO);45,7706900000;4,8358200000
202100048520;9;3;2021;15:25;1;74;74010;2;2;1;3;PRESIDENT FAVRE;45,9033000000;6,1260300000
202100048524;10;3;2021;14:45;1;68;68166;2;1;1;3;MULHOUSE (FAUBOURG DE);47,7804400000;7,3293000000
202100048525;10;3;2021;12:25;1;67;67267;2;3;1;3;FREPPEL (RUE);48,5570400000;7,6894800000
202100048529;10;3;2021;11:05;1;64;64445;2;2;1;3;MARGUERITE LABORDE;43,3001400000; -0,3670200000
202100048530;7;3;2021;17:05;1;64;64284;2;3;1;3;CHEMIN SOUBACQ;43,2778500000; -0,3871800000
202100048533;8;3;2021;18:05;1;64;64024;2;6;1;2;MONTAURY (ROND POINT DU PARC);43,4803700000; -1,5091200000
202100048535;9;3;2021;11:48;1;63;63113;2;1;1;3;MERMOZ (AVENUE JEAN);45,7924900000;3,1467500000
202100048541;10;3;2021;07:45;1;56;56260;2;1;1;3;POMPIDOU (AVENUE GEORGES);47,6656800000; -2,7703200000
202100048553;10;3;2021;11:30;1;26;26198;2;1;1;2;Avenue 45eme RÃ©giment de Trans;44,5693000000;4,7841100000
202100048563;9;3;2021;16:25;1;75;75118;2;3;1;6;BOULEVARD DE ROCHECHOUART;48,8825500000;2,3419280000
202100048568;10;3;2021;08:35;1;75;75114;2;2;1;7;RUE DES PLANTES;48,8292940000;2,3226490000
202100048579;10;3;2021;17:30;1;94;94044;2;1;2;6;HENRI BARBUSSE (R);48,7518100000;2,4875300000
202100048591;7;3;2021;12:40;1;93;93029;2;2;1;3;FAIDHERBE;48,9224400000;2,4336400000
202100048603;10;3;2021;07:20;1;01;01419;1;6;1;3;Avenue du Mont Blanc;46,2354800000;6,0078750000
202100048607;11;3;2021;11:30;1;74;74256;2;1;1;2;Rte du Fayet;45,9329160000;6,6327490000
202100048622;8;3;2021;13:45;1;06;06152;1;1;1;2;Route du Parc;43,6133350000;7,0449560000
202100048650;9;3;2021;08:15;1;69;69034;2;3;1;3;GEORGES CLEMENCEAU (Q);45,8138300000;4,8493100000
202100048659;7;3;2021;10:00;1;83;83050;2;6;1;3;PREMIERE ARMEE(AVENUE DE LA);43,5315100000;6,4737900000
202100048666;9;3;2021;13:00;1;65;65440;2;2;1;3;LATTRE DE TASSIGNY(BOULEVARD DE);43,2280800000;0,0565000000
202100048678;9;3;2021;08:20;1;33;33063;2;1;1;2;Quai de Brazza;44,8583700000; -0,5455300000
202100048685;9;3;2021;14:30;1;13;13208;2;2;1;3;LUCE (BOULEVARD);43,2573637921;5,3942857122
202100048700;9;3;2021;15:50;1;75;75109;2;3;1;6;RUE MONCEY;48,8800510000;2,3306560000
202100048701;8;3;2021;22:30;3;75;75103;2;2;1;3;RUE BEAUBOURG;48,8627250000;2,3543040000
202100048702;9;3;2021;20:25;5;75;75107;2;2;1;3;RUE DE BELLECHASSE;48,8564710000;2,3211210000
202100048718;9;3;2021;13:00;1;92;92050;2;2;1;3;BARBUSSE HENRI RUE;48,8922580650;2,1892793477
202100048726;9;3;2021;17:50;1;42;42338;1;1;7;3;Route de Perreux;46,0901760000;4,1203450000
202100048729;9;3;2021;16:30;1;972;97210;1;1;1;3;D30;14,6185200000; -60,9282880000
202100048747;9;3;2021;21:13;3;971;97116;2;1;9;3;D108 - route de Brion;16,3238670000; -61,4581150000
202100048750;10;3;2021;14:25;1;01;01262;2;1;1;7;Rue des Ecorchats;45,8533260000;5,0530850000
202100048779;8;3;2021;17:53;1;75;75110;2;4;1;6;RUE LUCIEN SAMPAIX;48,8744590000;2,3628490000
202100048780;8;3;2021;08:45;1;75;75110;2;4;1;2;BOULEVARD DE MAGENTA;48,8814320000;2,3514430000
202100048781;8;3;2021;19:45;5;75;75108;2;5;1;3;RUE DE ROME;48,8794860000;2,3218560000
202100048786;7;3;2021;10:40;1;75;75104;2;1;1;1;VOIE GEORGES POMPIDOU;48,8559310000;2,3506050000
202100048798;8;3;2021;16:55;1;92;92073;2;1;1;3;SELLIER (BOULEVARD HENRI);48,8666344599;2,2209334373
202100048802;8;3;2021;10:15;1;37;37147;2;1;1;7;Rue de la Motte;47,0511415993;0,5412504913
202100048804;6;3;2021;16:20;1;91;91553;2;3;7;3;7 Avenue du GÃ©nÃ©ral Leclerc;48,6239850000;2,4917570000
202100048812;8;3;2021;17:30;1;46;46144;1;1;1;6;lieu dit pech des boules;44,8401800000;1,5512570000
202100048818;9;3;2021;12:30;1;26;26276;1;3;1;3;1750 Route de Dieulefit;44,4916070000;5,0380900000
202100048819;9;3;2021;14:00;1;14;14204;1;1;1;2;D113;49,3603100000; -1,0179900000
202100048828;9;3;2021;13:50;1;68;68154;2;2;1;3;68 Rue de Mulhouse;47,7708230000;7,3469620000
202100048829;6;3;2021;16:30;1;69;69059;1;1;1;5;MARCILLY (DE) (RTE);45,8649008210;4,7186493874