Num_Acc;jour;mois;an;hrmn;lum;dep;com;agg;int;atm;col;adr;lat;long
202100048847;7;3;2021;10:20;1;64;64445;2;6;1;6;ETIGNY D';43,2962800000; -0,3758900000
202100048857;6;3;2021;09:45;1;17;17306;2;1;1;6;DOUMER  (PORTIQUE);45,6265430000; -1,0272450000
202100048863;7;3;2021;12:50;1;07;07281;1;1;8;7;C.D. 287 (VERS ST ROMAIN DE LERPS);44,9521300000;4,8235600000
202100048899;7;3;2021;16:00;1;13;13011;1;3;1;3;Route DÃ©partementale 5;43,7347820000;4,8211690000
202100048924;6;3;2021;15:30;1;69;69386;2;2;1;3;GARIBALDI (R);45,7693100000;4,8503900000
202100048934;6;3;2021;14:15;1;59;59650;2;3;1;3;BLERIOT (RUE);50,7090726239;3,2046443224
202100048937;6;3;2021;09:30;1;45;45284;2;3;1;3;Rue du Faubourg de Bourgogne;47,9042500000;1,9401300000
202100048947;6;3;2021;13:48;1;17;17300;2;1;1;3;NORMANDIN   RUE EMILE;46,1433000000; -1,1414400000
202100048951;5;3;2021;11:10;1;12;12089;2;2;1;3;AGNAC (ROUTE D');44,5752400000;2,2636300000
202100048956;6;3;2021;09:00;1;75;75120;2;3;1;3;RUE DES PYRENEES;48,8719810000;2,3918730000
202100048972;6;3;2021;17:25;1;93;93072;2;3;1;1;NELSON MANDELA (AVENUE);48,9510700000;2,3737600000
202100048978;6;3;2021;18:05;1;93;93048;2;5;1;3;PASTEUR S2  (AVENUE);48,8643800000;2,4390100000
202100048982;6;3;2021;19:25;5;92;92012;2;3;1;3;JEAN JAURES (BOULEVARD) 63/215 - 70/208;48,8347522864;2,2428363562
202100048995;6;3;2021;10:45;1;2B;2B201;1;1;1;7;Lieu dit Casanili;42,1997840000;9,4000050000
202100048998;7;3;2021;16:30;1;61;61422;1;2;1;2;D673;48,6802790000;0,6196330000
202100049000;7;3;2021;10:40;1;49;49307;2;3;7;3;Levee Jeanne de Laval (Saint-Mathurin-sur-Loire);47,4086430000; -0,3133460000
202100049013;6;3;2021;13:30;1;21;21673;1;1;1;7;Chemin de BÃ©coup;47,1708107561;4,7218036652
202100049056;5;3;2021;08:00;1;69;69034;2;3;1;3;WETTE FAYS (DE) (CHM);45,7880538509;4,8530269557
202100049065;3;3;2021;15:10;1;87;87085;2;1;1;3;LECLERC (AVENUE DU GENERAL);45,8484100000;1,2621500000
202100049084;5;3;2021;14:10;1;59;59512;2;3;1;3;KELLERMANN (RUE);50,6909355977;3,2004439831
202100049086;5;3;2021;12:00;1;51;51454;2;3;1;3;Avenue de Champagne;49,2350880000;4,0419330000
202100049105;5;3;2021;18:40;1;31;31344;2;3;2;3;BEDIAU (RUE DU);43,0974800000;0,7480700000
202100049107;5;3;2021;13:10;1;31;31483;2;3;1;3;GAMBETTA (BOULEVARD);43,0977200000;0,7127400000
202100049112;5;3;2021;18:15;1;25;25614;2;2;1;3;BROGNARD (RUE DE);47,5213600000;6,8446200000
202100049113;4;3;2021;17:35;1;25;25056;2;9;1;3;NODIER RUE CHARLES (sup 22);47,2313600000;6,0265000000
202100049128;5;3;2021;12:40;1;75;75120;2;2;1;6;RUE DU VOLGA;48,8525280000;2,4067060000
202100049130;5;3;2021;16:00;1;75;75118;2;1;1;7;RUE DE LA CHAPELLE;48,8962130000;2,3593020000
202100049135;5;3;2021;01:20;5;75;75111;2;1;1;6;BOULEVARD JULES FERRY;48,8671510000;2,3682290000
202100049141;3;3;2021;14:20;1;75;75101;2;2;1;7;RUE RAMBUTEAU;48,8621690000;2,3493740000
202100049167;6;3;2021;14:00;1;74;74171;1;2;1;3;RD60;46,3259160000;6,2925000000
202100049180;6;3;2021;14:55;1;53;53202;1;1;1;6;L'embranchement;48,4127880000; -0,9276260000
202100049211;5;3;2021;09:37;1;988;98818;2;2;1;3;RUE DE METZ/BD EXTERIEUR; -22,2773000000;166,4489000000
202100049220;4;3;2021;09:45;1;69;69387;2;2;1;3;UNIVERSITE (DE L') (PT);45,7519800000;4,8368300000
202100049245;27;2;2021;16:00;1;59;59350;2;7;1;3;RIHOUR PLACE;50,6352100000;3,0620100000
202100049256;4;3;2021;16:50;1;33;33281;2;1;7;2;Avenue de lâYser;44,8418100000; -0,6480500000
202100049258;4;3;2021;08:20;1;33;33063;2;4;1;3;Avenue de la Gare;44,8442500000; -0,6290400000
202100049273;3;3;2021;09:33;1;75;75120;2;2;1;3;RUE BELGRAND;48,8645590000;2,4073410000
202100049274;4;3;2021;15:25;1;75;75119;2;2;2;7;QUAI DE LA SEINE;48,8843790000;2,3691930000
202100049276;4;3;2021;18:50;5;75;75118;2;1;1;2;RUE ORDENER;48,8934480000;2,3376620000
202100049278;4;3;2021;15:30;1;75;75116;2;1;2;2;AVENUE FOCH;48,8720661479;2,2837346792
202100049283;3;3;2021;13:05;1;75;75109;2;1;1;6;RUE SAINT GEORGES;48,8757820000;2,3371240000
202100049286;3;3;2021;09:15;1;75;75108;2;7;1;7;PLACE DE LA CONCORDE;48,8656750000;2,3218060000
202100049287;3;3;2021;19:30;5;75;75104;2;7;1;1;PLACE SAINT GERVAIS;48,8558280000;2,3541460000
202100049288;4;3;2021;18:45;5;94;94046;2;1;2;7;JEAN JAURES (R);48,7895700000;2,4353570000
202100049292;4;3;2021;16:10;1;93;93074;2;1;2;3;BOUCHER RUE ALEXANDRE;48,9329841226;2,5670927741
202100049294;4;3;2021;19:15;5;93;93001;2;9;1;1;DOCTEUR MICHAUX (AVE DU);48,9143900000;2,3916100000
202100049310;1;2;2021;11:45;1;41;41059;2;9;1;3;Avenue de la Paix;47,4234620000;1,4391840000
202100049311;4;3;2021;09:45;1;41;41043;1;1;1;1;Rue de TrÃ¨vety;47,2726810000;1,4826930000
202100049318;2;3;2021;17:20;1;24;24479;2;1;1;6;Grand rue de la barre;45,4927470000;0,7465020000
202100049352;3;3;2021;10:00;1;973;97302;2;7;1;3;BADUEL (ROUTE DE);4,9282100000; -52,2933600000
202100049353;3;3;2021;07:30;1;69;69387;2;1;1;7;DEBOURG                             (AV);45,7314500000;4,8293200000
202100049367;2;3;2021;09:05;1;85;85194;2;2;1;3;GABARET (AVENUE ALCIDE);46,4960200000; -1,7708500000
202100049368;3;3;2021;17:00;1;83;83069;1;9;1;1;DECUGIS (AVENUE ALFRED);43,1165000000;6,1467000000
202100049378;1;3;2021;17:50;1;69;69092;1;3;1;2;TARARE (DE) (RTE);45,9795700000;4,6812400000
202100049381;2;3;2021;16:30;1;64;64445;2;1;1;3;AVENUE DE GENERAL LECLERC;43,3037600000; -0,3463100000
202100049389;3;3;2021;07:40;1;35;35238;2;1;1;6;PARIS (RUE DE);48,1142400000; -1,6588300000
202100049393;2;3;2021;12:34;1;30;30189;2;1;8;6;JAURES JEAN (BOULEVARD);43,8257900000;4,3534600000
202100049396;1;3;2021;17:30;1;25;25056;2;3;1;3;MALLARME RUE STEPHANE;47,2437550000;5,9993990000
202100049397;2;3;2021;19:12;5;25;25056;2;3;1;3;VESOUL RUE DE (inf 52);47,2483750000;6,0207010000
202100049412;1;3;2021;22:41;5;75;75113;2;3;1;2;AVENUE D ITALIE;48,8204120000;2,3590950000
202100049413;3;3;2021;17:30;1;75;75110;2;2;1;6;BOULEVARD DE STRASBOURG;48,8722610000;2,3559190000
202100049414;3;3;2021;12:50;1;75;75110;2;1;1;6;RUE DE L ECHIQUIER;48,8712980000;2,3515670000
202100049415;3;3;2021;16:00;1;75;75107;2;1;1;7;PORT DE LA BOURDONNAIS;48,8628500000;2,3005890000
202100049421;3;3;2021;16:45;1;94;94069;2;1;1;1;MARECHAL LECLERC (R DU);48,8178960000;2,4435440000
202100049422;3;3;2021;17:30;1;94;94017;2;1;1;3;BERNAU (R DE);48,8174700000;2,5368100000
202100049427;3;3;2021;14:35;1;93;93048;2;1;1;3;PARIS (RUE DE);48,8564709634;2,4267214934
202100049430;2;3;2021;19:40;5;92;92025;2;2;1;3;GABRIEL PERI (RUE);48,9229060736;2,2496773303
202100049433;23;2;2021;19:45;3;973;97353;2;1;2;1;Route de Sophie;3,6452030000; -54,0276770000
202100049434;4;3;2021;13:55;1;76;76238;2;2;1;3;Rue Henri Ternon;49,5652880000;0,2218880000
202100049437;4;3;2021;09:00;1;19;19274;1;3;1;3;Aux Breuils;45,1685630000;1,4648400000
202100049453;25;2;2021;16:15;1;07;07182;2;3;7;1;Champgontier;44,6345550000;4,2960190000
202100049472;2;3;2021;18:15;2;69;69386;2;1;1;2;MICHEL RAMBAUD (R);45,7697718087;4,8598791787
202100049485;2;3;2021;14:10;1;68;68224;2;3;1;3;LOTI (RUE PIERRE);47,7336600000;7,3016900000
202100049487;2;3;2021;12:25;1;65;65440;2;6;1;2;FERRE (PLACE);43,2283520000;0,0754210000
202100049494;1;3;2021;12:45;1;54;54304;2;4;1;3;Av Sainte Anne & Rue Aristide Briand;48,6847842280;6,1558547616
202100049501;2;3;2021;06:35;5;33;33063;2;3;1;2;Boulevard du PrÃ©sident Wilson;44,8510900000; -0,5955600000
202100049506;1;3;2021;15:15;1;22;22113;2;1;1;2;GUINGAMP (ROUTE DE);48,7242990000; -3,4354970000
202100049513;28;2;2021;20:00;5;13;13206;2;2;1;3;BAILLE (BOULEVARD);43,2874900000;5,3890700000
202100049518;1;3;2021;14:54;1;10;10387;2;6;1;3;GEORGES POMPIDOU (RUE);48,2879020000;4,0812250000
202100049519;2;3;2021;08:35;1;02;02738;2;1;7;6;DENFERT ROCHEREAU;49,6584800000;3,2922400000
202100049521;2;3;2021;10:23;1;75;75119;2;2;1;3;AVENUE JEAN JAURES;48,8878010000;2,3892980000
202100049529;2;3;2021;16:30;1;75;75112;2;2;1;3;COURS DE VINCENNES;48,8478010000;2,3990900000
202100049530;1;3;2021;17:45;1;75;75112;2;3;1;3;BOULEVARD DE LA BASTILLE;48,8464610000;2,3668990000
202100049531;2;3;2021;10:45;1;75;75111;2;4;1;6;BOULEVARD VOLTAIRE;48,8609840000;2,3747980000
202100049533;1;3;2021;16:45;1;94;94068;2;2;1;1;Rue Politzer;48,8098000000;2,4665400000
202100049548;2;3;2021;17:00;1;92;92012;2;2;1;3;SILLY (RUE DE) 1/87 - 2/88;48,8390169794;2,2320511937
202100049554;2;3;2021;16:55;1;77;77357;2;2;1;3;27 avenue du gÃ©nÃ©ral de gaulle;48,6562270000;3,0788060000
202100049555;1;3;2021;15:50;1;61;61167;1;1;1;3;Route de Moulins la Marche;48,8227590000;0,5072380000
202100049569;2;3;2021;13:15;1;61;61234;1;1;1;3;Zone Industrielle de Montperthuis;48,4502940000;0,0466030000
202100049570;28;2;2021;16:30;1;22;22327;1;2;1;1;D166;48,4928120000; -2,0417780000
202100049593;1;3;2021;14:00;1;973;97302;2;6;2;3;MONTABO (ROUTE DE) 4;4,9273781132; -52,2898483873
202100049603;1;3;2021;08:40;1;91;91103;2;9;1;6;RUE DE LEUVILLE;48,6169000000;2,2934000000
202100049613;1;3;2021;16:16;1;77;77445;2;5;1;3;REGALLES (AVENUE DES);48,6034600000;2,5591600000
202100049617;28;2;2021;16:30;1;76;76552;2;1;1;7;PRESIDENT FELIX FAURE (BD);49,5073400000;0,0738800000
202100049622;27;2;2021;16:10;1;67;67482;2;1;1;6;HELBLING (QUAI JEANNE);48,5735580000;7,7621410000
202100049624;26;2;2021;11:20;1;67;67482;2;8;1;2;DIVISION LECLERC (RUE DE LA);48,5799200000;7,7476800000
202100049630;1;3;2021;16:55;1;64;64122;2;1;1;7;CHIQUITO DE CAMBO (RUE);43,4576300000; -1,5530700000
202100049639;28;2;2021;17:20;1;44;44162;2;1;1;3;RUE DU DOCTEUR BOUBEE;47,2080100000; -1,6375600000
202100049640;1;3;2021;16:28;1;41;41295;1;4;1;1;PLACE (RUE DE LA);47,5968100000;1,3792300000
202100049665;1;3;2021;16:30;1;75;75102;2;2;1;7;BOULEVARD DE SEBASTOPOL;48,8670620000;2,3529610000
202100049689;1;3;2021;12:10;1;92;92036;2;1;1;2;GRESILLONS (QUAI DES);48,9205199889;2,3238394393
202100049722;1;3;2021;17:30;1;56;56152;1;1;1;1;Route de Bangor;47,3321330000; -3,1647380000
202100049725;28;2;2021;11:45;1;60;60666;1;9;1;3;D84;49,1034730000;2,6889900000
202100049746;20;2;2021;16:40;1;78;78624;1;1;1;7;CALIFORNIE CHEMIN DE LA;48,9550600000;2,0156000000
202100049755;27;2;2021;19:50;5;59;59350;2;9;1;3;JACQUET EUGENE RUE NÂ°IMPAIRS;50,6381276311;3,0792802200
202100049759;28;2;2021;18:10;1;15;15012;2;1;1;6;Rue du docteur FÃ©lix Ramond;44,9001000000;2,4597000000
202100049767;28;2;2021;13:00;1;75;75116;2;2;1;3;ROUTE DE LA MUETTE A NEUILLY;48,8684990000;2,2653160000
202100049770;28;2;2021;12:50;1;75;75113;2;5;1;2;BOULEVARD ARAGO;48,8368050000;2,3518570000
202100049773;28;2;2021;13:10;1;75;75107;2;3;1;7;QUAI BRANLY;48,8624630000;2,3054220000
202100049776;28;2;2021;08:40;1;75;75108;2;2;1;6;PLACE DE LA CONCORDE;48,8640680000;2,3201250000
202100049777;27;2;2021;17:40;1;75;75104;2;2;1;6;RUE FRANCOIS MIRON;48,8555280000;2,3577610000
202100049789;31;1;2021;13:18;1;31;31082;2;9;8;3;Cote des Rouilleres;43,5991017090;1,7123354245
202100049803;28;2;2021;15:45;1;68;68374;1;1;7;3;Departemental 417 lieu dit La Forge;48,0610980000;7,2348990000
202100049806;28;2;2021;15:45;1;29;29259;2;1;1;2;D769 - Rue Verderel;48,6826840000; -3,9858970000
202100049809;25;2;2021;17:30;1;31;31587;1;1;1;3;1074 Route de Bouloc;43,7823260000;1,4356240000
202100049872;25;2;2021;17:15;1;69;69013;2;6;1;3;RN6 (CHARTONNIERE);46,0203003831;4,7207736969
202100049878;27;2;2021;17:22;1;47;47201;2;1;1;2;MARNE (AV. DE LA);44,1939700000;0,5992000000
202100049905;27;2;2021;09:35;1;94;94028;2;2;1;3;PLICHON.(RUE DU DOCTEUR);48,7943500000;2,4640600000
202100049907;27;2;2021;10:30;1;93;93050;2;2;7;3;PRESIDENT JOHN KENNEDY (AVENUE);48,8648109808;2,5259247651
202100049921;27;2;2021;09:20;1;51;51171;1;1;1;2;D32;49,3780024577;3,8749670519
202100049928;28;2;2021;15:55;1;69;69267;1;4;1;3;D68;46,1713257360;4,6855291148
202100049966;28;2;2021;16:45;1;38;38155;2;3;1;3;Route du Pont Jean Lioud;45,4305700000;5,7486600000
202100049968;27;2;2021;16:25;1;40;40278;1;1;1;6;Route du Lac;44,2329620000; -1,1813740000
202100050005;24;2;2021;14:03;1;68;68066;2;6;1;3;ALSACE (RUE D');48,0652100000;7,3643200000
202100050011;26;2;2021;10:55;1;64;64102;2;1;1;3;LOUISE DARRACQ (AVENUE);43,4941700000; -1,4816800000
202100050016;25;2;2021;13:40;1;58;58194;2;3;1;3;MARECHAL JUIN;47,0043600000;3,1538000000
202100050050;26;2;2021;13:15;1;06;06027;2;1;1;2;PLAGE BOULEVARD DE LA;43,6568300000;7,1647000000
202100050057;26;2;2021;08:50;1;75;75116;2;5;1;3;VOIE GEORGES POMPIDOU;48,8580870000;2,2883520000
202100050058;25;2;2021;09:12;1;75;75116;2;7;1;2;PLACE CHARLES DE GAULLE;48,8732030000;2,2951270000
202100050060;25;2;2021;13:20;1;75;75115;2;3;1;3;RUE DE VAUGIRARD;48,8424620000;2,3110800000
202100050065;26;2;2021;08:25;1;75;75102;2;2;1;2;BOULEVARD DES CAPUCINES;48,8709700000;2,3341500000
202100050067;25;2;2021;16:55;1;94;94068;2;1;1;3;ALSACE LORRAINE (R D);48,8053770700;2,4756927118
202100050084;26;2;2021;08:50;1;92;92050;2;1;8;3;GARE RUE DE LA;48,8959327163;2,1984499470
202100050092;26;2;2021;17:00;1;33;33170;1;3;8;2;;44,5603290000; -0,0266340000
202100050108;26;2;2021;18:10;1;60;60513;2;1;1;1;Rue de Blaincourt;49,2099427328;2,3709797501
202100050125;26;2;2021;11:15;1;85;85226;2;3;1;1;Intersection Rue de la Touche / Avenue du Terre-Fort;46,7162980000; -1,9618590000
202100050143;24;2;2021;14:20;1;974;97407;2;6;1;3;COMMUNE DE PARIS (AVENUE); -20,9422700000;55,2918700000
202100050145;25;2;2021;23:40;5;69;69388;2;2;1;1;MARYSE BASTIE (R);45,7413200000;4,8741700000
202100050174;25;2;2021;09:30;1;59;59352;1;1;1;3;GAVRE (CHEMIN);50,7317820000;3,0488350000
202100050189;24;2;2021;10:58;1;37;37261;2;2;1;6;GALPIN THIOU (RUE);47,3835975546;0,6961987280
202100050200;24;2;2021;16:30;1;13;13047;2;1;1;3;Boulevard Dethez;43,5118390000;4,9836270000
202100050202;25;2;2021;18:30;5;13;13001;2;1;1;2;GIONO JEAN (AV);43,5143430961;5,4388183355
202100050216;22;2;2021;13:30;1;75;75116;2;2;8;3;ROUTE DE LA PTE DAUPHINE A LA PTE DES SA;48,8749250000;2,2711040000
202100050217;25;2;2021;08:40;1;75;75115;2;2;1;7;RUE DE LA CONVENTION;48,8372350000;2,2964330000
202100050222;25;2;2021;15:40;1;75;75101;2;2;1;3;BOULEVARD DE SEBASTOPOL;48,8634020000;2,3509510000
202100050227;25;2;2021;14:20;1;94;94077;2;1;1;7;GAMBETTA (AV);48,7288800000;2,4283500000
202100050248;26;2;2021;12:00;1;56;56224;1;1;1;7;D147 LEZERAN;47,7940610000; -2,3145480000
202100050250;25;2;2021;16:05;1;74;74299;2;1;1;6;Rte de Menthon;45,8742120000;6,1823310000
202100050254;25;2;2021;15:05;1;55;55359;2;9;1;6;1 Rue de la Liberation;48,5763990000;5,2469020000
202100050278;24;2;2021;17:20;1;63;63200;2;6;1;3;place de la fontaine;45,8392960000;3,2154460000
202100050298;24;2;2021;14:00;1;974;97416;1;1;1;3;Chemin Neuf; -21,2914100000;55,4708000000
202100050303;24;2;2021;07:30;1;69;69386;2;5;1;3;VITTON (CR);45,7699200000;4,8571400000
202100050305;24;2;2021;09:05;1;69;69384;2;3;1;7;ESSES (DES) (MO);45,7719800000;4,8158800000
202100050314;20;2;2021;09:05;1;80;80131;1;1;1;4;CD 4935;49,8639600000;2,3497800000
202100050315;24;2;2021;12:10;1;79;79191;2;3;1;3;Rue du 14 Juillet;46,3222300000; -0,4568500000
202100050322;24;2;2021;17:55;1;64;64348;1;3;1;3;MARTYRS DU PONT LONG DES;43,3483100000; -0,3799800000
202100050328;24;2;2021;17:50;1;54;54339;1;1;1;1;Domaine de PixÃ©rÃ©court;48,7252448522;6,1811533570
202100050331;23;2;2021;07:50;1;50;50602;2;3;1;3;BLUM (RUE LEON);49,6254700000; -1,5871900000
202100050336;24;2;2021;17:55;1;33;33063;2;2;1;4;Boulevard Albert Brandenburg;44,8754580000; -0,5455480000
202100050344;22;2;2021;17:50;2;25;25056;2;1;1;2;OUEST BOULEVARD;47,2238000000;5,9789000000
202100050352;23;2;2021;16:50;1;13;13209;2;3;1;3;MARÃCHAL DE LATTRE (AVENUE);43,2455400000;5,4120800000
202100050359;24;2;2021;08:40;1;75;75118;2;1;1;2;RUE JOSEPH DE MAISTRE;48,8896730000;2,3314960000
202100050360;24;2;2021;17:30;2;75;75117;2;4;1;3;AVENUE DE WAGRAM;48,8821916483;2,3011690378
202100050361;24;2;2021;14:25;1;75;75115;2;3;1;3;RUE DE VAUGIRARD;48,8354950000;2,2927660000
202100050363;23;2;2021;20:55;5;75;75111;2;3;1;3;BOULEVARD DE MENILMONTANT;48,8609720000;2,3882120000
202100050381;24;2;2021;10:20;1;93;93057;2;2;1;3;BRIAND ( AV. ARISTIDE) 238 A 308;48,9111120963;2,5164974127
202100050385;24;2;2021;18:30;2;92;92009;2;1;1;7;ARGENTEUIL ( AVENUE D' );48,9195608106;2,2801211039
202100050394;24;2;2021;14:15;1;46;46089;1;2;7;3;route de vire;44,5055730000;1,0804260000
202100050396;10;2;2021;16:50;1;34;34192;2;4;1;3;73 Avenue de l'Etang du Grec;43,5303129008;3,9367987780
202100050397;24;2;2021;15:45;1;38;38511;1;2;1;2;Route Departementale 1090;45,3554930000;5,9531210000
202100050401;24;2;2021;17:10;1;43;43224;1;9;1;1;Vaubarlet;45,2206220000;4,2074630000
202100050414;25;2;2021;17:00;1;71;71342;2;1;1;3;voie verte Ã©cluse numÃ©ro 23;46,4442670000;4,1248730000
202100050415;25;2;2021;14:30;1;52;52366;1;3;1;1;D3 PK 9+120;47,9171400000;5,1895060000
202100050427;23;2;2021;12:09;1;974;97411;2;1;1;3;LANCASTEL (BOULEVARD); -20,8859500000;55,4813500000
202100050431;23;2;2021;19:50;5;69;69259;2;9;1;3;OSCHATZ (D')                        (AV);45,6957618897;4,8812180109
202100050432;23;2;2021;16:20;1;69;69259;2;6;7;2;CORBAS (DE) (RTE);45,6861270500;4,8922385400
202100050448;23;2;2021;10:05;1;72;72181;2;1;1;6;GAMBETTA (RUE) NÂ° IMP 63 A 147;48,0067800000;0,1902500000
202100050449;23;2;2021;15:10;1;69;69264;2;1;1;3;BRAUN THEODORE (AV);45,9808811540;4,7404709233
202100050452;23;2;2021;09:15;1;65;65417;2;1;1;7;FERRY (RUE JULES);43,2271270000;0,1043130000
202100050455;22;2;2021;17:42;1;56;56121;2;6;1;3;ROND-POINT DE LA CITE JEAN LE MAUX;47,7571500000; -3,3877200000
202100050460;22;2;2021;08:05;1;45;45235;1;6;1;3;Rue des Varennes;47,9435500000;1,8341600000
202100050464;23;2;2021;18:15;2;33;33063;2;1;1;3;Cours Aristide Briand;44,8320700000; -0,5781200000
202100050466;23;2;2021;08:35;1;33;33009;2;6;7;3;Boulevard Mestrezat;44,6536100000; -1,1467500000
202100050469;23;2;2021;11:37;1;29;29232;2;1;1;2;Rue Nominoe;47,9795000000; -4,0748200000
202100050470;23;2;2021;10:30;1;26;26362;2;9;1;1;270 Avenue Victor Hugo;44,9175600000;4,8852300000
202100050481;23;2;2021;14:10;1;75;75114;2;4;1;3;RUE D ALESIA;48,8310510000;2,3175100000
202100050483;23;2;2021;17:35;2;75;75112;2;2;1;6;QUAI DE LA RAPEE;48,8458510000;2,3676370000
202100050497;23;2;2021;06:45;5;92;92062;2;3;1;3;DE DION BOUTON (QUAI) DU 29 AU 65;48,8818673788;2,2467014194
202100050508;23;2;2021;21:30;3;38;38115;1;1;1;3;D110;44,9847290000;5,6475090000
202100050513;23;2;2021;13:50;1;68;68073;2;3;1;1;11 Rue des PrÃ©s (Pont);47,8054090000;6,9359830000
202100050516;23;2;2021;15:10;1;44;44211;1;2;1;3;Rue Saint-Molf;47,3765000000; -2,4597790000
202100050518;24;2;2021;15:15;1;14;14103;1;1;1;7;Route de Saon;49,2561320000; -0,8692700000
202100050524;24;2;2021;17:23;1;53;53109;1;1;1;7;D160;48,2942510000; -0,4806630000
202100050531;23;2;2021;15:25;1;06;06157;2;6;1;3;M2210;43,7231030000;7,0827380000
202100050564;21;2;2021;16:50;1;83;83137;2;1;1;1;CAMUS (AVE ALBERT);43,1319900000;5,8818900000
202100050569;20;2;2021;17:46;1;76;76351;2;1;1;2;MALHERBE;49,4993200000;0,1395600000
202100050571;21;2;2021;16:40;1;71;71076;2;2;1;1;NIEPCE (AVENUE NICEPHORE);46,7790462131;4,8499806043
202100050572;21;2;2021;12:10;1;69;69266;2;1;1;3;ANDRE PHILIP (CR);45,7724900000;4,8637000000
202100050574;21;2;2021;14:00;1;62;62193;2;6;1;3;CLEMENCEAU (BOULEVARD G.);50,9549180000;1,8503430000
202100050578;22;2;2021;13:50;1;51;51454;2;2;1;3;Rue Lieutenant Herduin;49,2491529193;4,0369893307
202100050583;22;2;2021;09:08;1;29;29039;1;2;1;6;D122 - Rue Yves Trichard;47,8779918281; -3,8791138112
202100050616;23;2;2021;09:00;1;42;42320;1;1;1;7;Route de Saint Romain;45,5513530000;4,5178480000
202100050621;21;2;2021;15:35;1;89;89404;1;1;7;2;RD 660;48,1717670000;3,2167200000
202100050631;21;2;2021;16:25;1;07;07055;2;9;7;3;D11;44,8546440000;4,8382120000
202100050632;21;2;2021;11:05;1;21;21505;1;1;1;3;RD 980, PK 30+850;47,3967480000;4,3049990000
202100050640;20;2;2021;17:45;5;67;67230;2;2;1;3;Rue des Chasseurs;48,7911836909;7,8289377391
202100050643;21;2;2021;16:35;1;69;69208;1;2;1;3;D19;45,8743520000;4,6038270000
202100050645;22;2;2021;12:00;1;29;29058;2;6;1;3;D44 - Rond Point de Ker Elo;47,8979779797; -4,0144985187
202100050658;21;2;2021;13:00;1;75;75110;2;7;1;3;BOULEVARD DE LA VILLETTE;48,8784290000;2,3700950000
202100050667;22;2;2021;10:08;1;01;01419;1;1;1;2;185 Avenue du Mont Blanc;46,2361100000;6,0090280000
202100050674;20;2;2021;14:15;1;56;56122;1;1;1;7;D 129;47,9986070000; -2,3838020000
202100050680;21;2;2021;17:20;1;89;89351;2;1;1;6;14 Rue au Dela du RÃ»;47,4484540000;4,0800150000
202100050746;20;2;2021;16:05;1;35;35238;2;4;1;3;ANTRAIN (D') DE 43 ET 80 A FIN;48,1205800000; -1,6720200000
202100050753;20;2;2021;12:30;1;13;13075;2;1;1;3;PAUL SIRVENT (AVE);43,3438870000;5,4651600000
202100050765;20;2;2021;17:10;1;75;75118;2;1;1;7;AVENUE DE LA PORTE DE MONTMARTRE;48,8984530000;2,3368740000
202100050768;20;2;2021;11:25;1;75;75112;2;2;1;3;AVENUE DAUMESNIL;48,8349860000;2,4198020000
202100050770;20;2;2021;17:30;1;75;75111;2;2;1;6;BOULEVARD VOLTAIRE;48,8561790000;2,3828300000
202100050773;20;2;2021;19:45;5;75;75103;2;1;1;3;RUE DES FRANCS BOURGEOIS;48,8573780000;2,3614540000
202100050795;21;2;2021;11:45;1;74;74150;2;1;1;1;Rte de Marcorens;46,2728170000;6,3132870000
202100050797;20;2;2021;13:00;1;95;95594;1;1;1;2;RD 922;49,1254065456;2,3975953962
202100050802;21;2;2021;10:30;1;11;11390;1;3;1;3;D611;43,1103590000;2,7574290000
202100050809;19;2;2021;10:00;1;31;31232;2;6;1;3;Avenue de Guiraudis - D29;43,7703270000;1,2864950000
202100050814;20;2;2021;14:28;1;14;14506;1;1;1;2;Lieu Dit Lignerolles;49,1565950000; -0,8391330000
202100050818;20;2;2021;19:00;3;43;43216;1;1;6;2;Pierre Brune;45,1397386423;3,7883602655
202100050821;21;2;2021;09:00;1;53;53229;2;6;1;3;rue de la mairie;48,1302200000; -0,7510320000
202100050822;20;2;2021;07:15;2;40;40046;2;1;1;3;Avenue Marechal Lyautey;44,3907660000; -1,1608490000
202100050831;20;2;2021;21:10;3;973;97305;1;1;1;2;PK 15.800, route nationale 1;4,9406024639; -52,4118833543
202100050836;19;2;2021;15:15;1;73;73303;2;1;1;6;PARC DES BERGES;45,7462900000;6,4166110000
202100050856;19;2;2021;16:25;1;69;69386;2;2;1;3;MARECHAL FOCH (DU)                  (AV);45,7694762856;4,8437240124
202100050883;18;2;2021;14:30;1;56;56098;2;1;1;6;CROIZAT ( AVE AMBROISE );47,7727200000; -3,3477800000
202100050887;18;2;2021;19:45;5;54;54395;2;2;1;3;BOUDONVILLE (Rue de);48,6989300000;6,1679500000
202100050892;18;2;2021;17:35;1;49;49099;2;2;1;3;PORTE BARON (RUE DE LA);47,0568500000; -0,8728800000
202100050897;18;2;2021;17:26;1;37;37214;2;6;1;6;DE GAULLE (BD CHARLES);47,4198470865;0,6632995606