Num_Acc;jour;mois;an;hrmn;lum;dep;com;agg;int;atm;col;adr;lat;long
202100050899;15;2;2021;16:05;1;36;36044;2;6;1;3;Rue des Ingrains;46,7931492969;1,7113346233
202100050901;19;2;2021;15:00;1;35;35238;2;1;1;7;HONGRIE (DE);48,0913100000; -1,6572300000
202100050909;18;2;2021;08:55;1;25;25056;2;1;1;3;KASTLER RUE ALFRED;47,2280930000;5,9764980000
202100050910;19;2;2021;10:35;1;16;16102;2;6;1;2;gir;45,6938340000; -0,3478620000
202100050923;19;2;2021;12:50;1;75;75105;2;2;1;3;BOULEVARD SAINT MARCEL;48,8383900000;2,3570270000
202100050929;19;2;2021;14:50;1;75;75117;2;2;1;2;RUE BOURSAULT;48,8844740000;2,3195020000
202100050933;19;2;2021;19:05;5;75;75113;2;1;1;3;RUE DU CHEVALERET;48,8293520000;2,3759060000
202100050936;19;2;2021;08:40;1;75;75112;2;1;1;7;PORT DE LA RAPEE;48,8394120962;2,3747398617
202100050938;19;2;2021;18:05;2;75;75111;2;4;1;6;BOULEVARD RICHARD LENOIR;48,8548270000;2,3695780000
202100050940;19;2;2021;17:25;1;75;75104;2;3;1;7;RUE DE RIVOLI;48,8580520000;2,3496460000
202100050955;17;2;2021;14:15;1;92;92012;2;5;1;3;GALLIENI (RUE) 55/157 - 50/140;48,8370600000;2,2436800000
202100050961;20;2;2021;10:24;1;57;57708;1;1;7;2;D913;49,0221950000;6,1987780000
202100050973;19;2;2021;15:40;1;25;25074;1;1;1;6;Route de Saint-julien;47,2005310000;6,7116920000
202100050979;19;2;2021;17:30;1;21;21127;1;1;7;3;RD 105;47,4788920000;5,0769170000
202100050993;20;2;2021;17:56;2;74;74040;1;1;1;1;avenue du lÃ©man;46,1735450000;6,3096610000
202100050997;20;2;2021;12:21;1;38;38236;1;1;1;7;Chemin des Emptoz;45,4089200000;5,6983800000
202100051019;18;2;2021;08:20;1;69;69384;2;2;1;3;ARTAUD (R);45,7809477486;4,8366073966
202100051056;18;2;2021;13:42;1;37;37261;2;3;2;6;PROUDHON (AVENUE);47,3953441487;0,6744202673
202100051059;18;2;2021;11:31;1;33;33063;2;3;1;3;Place AndrÃ© Meunier Dit Mureine;44,8294990000; -0,5612960000
202100051065;18;2;2021;11:15;1;26;26198;1;9;1;6;ESPELUCHE (Route d');44,5429100000;4,7731000000
202100051086;18;2;2021;13:30;1;75;75107;2;3;2;6;RUE DE GRENELLE;48,8578260000;2,3065310000
202100051087;17;2;2021;12:30;1;75;75103;2;4;1;1;RUE DU TEMPLE;48,8668096515;2,3620036436
202100051092;18;2;2021;13:10;1;93;93071;2;3;2;3;JOHN F. KENNEDY (AVENUE);48,9364629115;2,5148877095
202100051109;18;2;2021;09:00;1;10;10115;1;1;1;2;Rd 172;48,3186550000;4,1290520000
202100051136;19;2;2021;08:20;2;62;62148;2;6;9;7;D46;50,3797590000;2,9061070000
202100051162;16;2;2021;14:22;1;66;66136;2;1;1;7;LANGUEDOC (AVENUE DU CD 88);42,7310700000;2,8893400000
202100051165;16;2;2021;10:50;1;63;63113;2;1;1;3;AGRICULTURE (AVENUE DE L');45,7793900000;3,1224400000
202100051167;17;2;2021;18:45;2;35;35051;2;9;1;7;RIGOURDIERE (RUE DE LA);48,1146000000; -1,5919400000
202100051181;17;2;2021;17:55;2;75;75120;2;1;1;6;RUE ETIENNE DOLET;48,8677970000;2,3843070000
202100051187;17;2;2021;08:48;1;75;75113;2;1;1;3;PONT NATIONAL;48,8270420000;2,3854530000
202100051191;17;2;2021;10:57;1;75;75107;2;3;1;3;QUAI D ORSAY;48,8628990000;2,3152160000
202100051228;18;2;2021;08:30;1;06;06079;2;1;1;5;295 avenue du general de gaulle;43,5316600000;6,9481270000
202100051236;17;2;2021;15:40;1;69;69044;2;1;1;7;SAIN-BEL (DE) (RTE);45,7706472189;4,7411875150
202100051237;17;2;2021;18:00;1;33;33097;2;1;1;2;Avenue du Pouch;45,0715170000; -1,0958430000
202100051242;17;2;2021;10:55;1;83;83035;1;1;1;3;Route des Hauts du Camp;43,2495870000;5,7862810000
202100051248;18;2;2021;15:35;1;14;14488;2;6;7;3;Route de Saint Aubin d'Arquenay;49,2716760000; -0,2647980000
202100051268;15;2;2021;12:15;1;83;83069;1;1;1;6;ALMANARRE (ROUTE DE L');43,0808000000;6,1275000000
202100051279;15;2;2021;13:05;1;64;64140;2;3;1;2;DOUANE (QUAI DE LA);43,5224600000; -1,4898800000
202100051293;16;2;2021;17:00;1;33;33522;2;6;1;3;Rue Blumerel;44,8018400000; -0,5850900000
202100051306;16;2;2021;15:45;1;06;06069;2;1;1;2;MARIGARDE (ROUTE DE LA);43,6541400000;6,9367800000
202100051317;16;2;2021;17:50;5;75;75118;2;2;2;3;BOULEVARD DE LA CHAPELLE;48,8844770000;2,3648000000
202100051352;17;2;2021;14:15;1;14;14198;1;1;1;6;D276;49,2280590000;0,0254810000
202100051399;12;2;2021;22:39;5;87;87085;1;1;1;7;NEUVE DES CARMES (RUE);45,8295700000;1,2508600000
202100051401;15;2;2021;09:00;1;83;83069;1;9;1;1;ALMANARRE (ROUTE DE L');43,0958000000;6,1315000000
202100051410;11;2;2021;09:30;1;76;76540;2;1;1;7;LYONS. ROUTE DE (BRETELLE C);49,4379900000;1,1102100000
202100051421;15;2;2021;07:24;2;65;65440;2;2;1;3;SEPTEMBRE (RUE DU IV);43,2288180000;0,0830730000
202100051422;15;2;2021;13:30;1;64;64445;2;3;1;3;COLONEL GLOXIN DU;43,2904280458; -0,3829765320
202100051428;15;2;2021;10:40;1;54;54304;2;2;2;3;EUROPE (AVENUE DE L');48,6803382887;6,1535785389
202100051443;11;2;2021;18:45;2;13;13005;2;1;1;1;EOURES (ROUTE D');43,3077738403;5,5503831321
202100051451;15;2;2021;11:40;1;75;75115;2;3;1;7;RUE DE VAUGIRARD;48,8412880000;2,3071890000
202100051473;16;2;2021;11:25;1;05;05162;1;1;1;7;les albergemnts;44,4272830000;6,0222240000
202100051480;16;2;2021;12:15;1;971;97103;1;1;1;2;N1;16,2463100000; -61,5937450000
202100051494;15;2;2021;15:10;1;09;09185;2;2;1;6;Av du Mal de Lattre de Tassigny;43,2538010000;1,6809320000
202100051514;13;2;2021;10:30;1;13;13002;1;1;1;3;DES TERMES (ROUTE) RD 908;43,3663100000;5,5036900000
202100051517;14;2;2021;11:30;1;06;06088;1;3;1;5;CORNICHE FLEURIE (AV. DE LA);43,6847650000;7,2094460000
202100051519;14;2;2021;21:23;5;75;75120;2;3;1;3;RUE DE MENILMONTANT;48,8675420000;2,3850940000
202100051521;13;2;2021;13:45;1;75;75108;2;2;1;3;RUE DE LA VILLE L EVEQUE;48,8711620000;2,3216420000
202100051556;13;2;2021;15:10;1;65;65335;1;1;1;3;RD 8;43,1141220000;0,1211340000
202100051594;13;2;2021;15:20;1;75;75112;2;3;1;3;RUE DE CHARENTON;48,8416040000;2,3869480000
202100051598;13;2;2021;12:20;1;75;75103;2;3;1;3;RUE SAINT MARTIN;48,8684260000;2,3552810000
202100051611;14;2;2021;15:14;1;54;54089;1;1;7;2;Route Departementale 913;48,7592442681;6,2541818620
202100051656;12;2;2021;17:35;1;90;90099;2;3;9;3;PASTEUR (RUE);47,6634600000;6,8411900000
202100051663;12;2;2021;08:00;1;78;78481;2;1;9;3;JEAN JAURES (AVENUE);48,8979710000;2,1113720000
202100051673;12;2;2021;10:15;1;49;49267;2;1;1;7;GANDHI;47,4699900000; -0,5191900000
202100051679;12;2;2021;13:55;1;33;33063;2;1;8;3;Cours dâAlsace et Lorraine;44,8377450000; -0,5715490000
202100051696;12;2;2021;22:20;5;13;13210;2;1;2;3;BONNEFOY (RUE);43,2802900000;5,4001200000
202100051706;12;2;2021;12:56;1;75;75119;2;2;1;2;BOULEVARD DE LA VILLETTE;48,8840520000;2,3688460000
202100051709;12;2;2021;10:20;1;75;75110;2;3;1;2;RUE DU FAUBOURG SAINT MARTIN;48,8804160000;2,3642990000
202100051711;11;2;2021;21:42;5;75;75103;2;2;1;3;RUE DES FRANCS BOURGEOIS;48,8564670000;2,3643080000
202100051717;11;2;2021;12:50;1;94;94069;2;2;1;3;Av du Mal de Lattre de Tassigny;48,8240920000;2,4199190000
202100051725;12;2;2021;13:29;1;93;93055;2;3;1;3;CARTIER BRESSON DU 1/39.2/44;48,8988600000;2,4072800000
202100051732;12;2;2021;09:00;1;92;92048;2;1;1;7;VAUGIRARD (ROUTE DE);48,8201400000;2,2396800000
202100051736;12;2;2021;21:45;3;974;97413;2;1;1;3;249 Rue du General Lambert; -21,1738120000;55,2878430000
202100051763;12;2;2021;14:00;1;38;38382;2;1;2;3;Route de Grenoble;45,2230000000;5,6888300000
202100051788;11;2;2021;15:50;1;69;69264;2;1;1;3;GRANGE BLAZET (R);45,9791200000;4,7186600000
202100051804;11;2;2021;21:45;4;17;17300;2;6;1;2;DENFERT-ROCHEREAU   AVENUE (59);46,1655700000; -1,1883500000
202100051809;11;2;2021;09:25;1;13;13201;2;1;1;3;JEAN DE BERNARDY (RUE);43,3027913828;5,3896565314
202100051843;11;2;2021;12:00;1;33;33108;2;2;1;3;36 Rue du Champ de Foire;44,8529940000; -0,0476120000
202100051859;12;2;2021;08:10;2;66;66108;2;1;2;3;19 Avenue Jean JaurÃ©s;42,6912040000;2,6997760000
202100051860;5;2;2021;15:15;1;83;83127;2;1;1;1;Rue du Lotissement des Cigales;43,2909590000;5,8714740000
202100051865;12;2;2021;07:00;5;07;07323;2;3;1;3;Rue du Moulin de l'Aure;44,8977940000;4,8192160000
202100051878;9;2;2021;08:50;1;972;97209;2;9;2;1;GRAND CARAIBE (RUE DU);14,6017900000; -61,0793500000
202100051880;9;2;2021;15:15;1;971;97113;1;1;1;5;RN4 - SECTION RIVIERA;16,2179200000; -61,4878900000
202100051895;6;2;2021;20:30;5;63;63113;2;1;1;7;RABANESSE (RUE DE);45,7695300000;3,0866000000
202100051896;3;2;2021;10:50;1;63;63113;2;1;1;3;LEMOY (RUE ROBERT);45,8171111341;3,1112966542
202100051900;9;2;2021;16:25;1;59;59043;2;1;9;2;PHARAON DE WINTER (RUE);50,7343102475;2,7258954942
202100051901;9;2;2021;07:55;1;49;49246;2;1;1;6;PYRAMIDE PLACE ET ROUTE;47,4512100000; -0,5202100000
202100051919;9;2;2021;14:30;1;05;05061;2;6;1;3;VEYNES ( AVENUE DE  );44,5578940000;6,0687140000
202100051924;9;2;2021;20:05;4;75;75115;2;4;1;1;RUE DES MORILLONS;48,8328030000;2,3004950000
202100051929;10;2;2021;17:40;2;75;75110;2;3;4;6;RUE SAINT MAUR;48,8733990000;2,3706010000
202100051988;9;2;2021;17:50;5;69;69388;2;1;1;3;BERTHELOT                           (AV);45,7395300000;4,8594100000
202100052003;31;1;2021;11:20;1;70;70550;2;1;2;6;SAINT LOUP (RUE DE);47,6379000000;6,1657900000
202100052010;9;2;2021;17:20;2;51;51454;2;2;1;6;Avenue dâEpernay;49,2368645961;4,0138556044
202100052011;9;2;2021;14:00;1;45;45234;2;1;1;2;Avenue Dauphine;47,8910454662;1,9047794474
202100052015;9;2;2021;15:00;1;33;33281;2;3;3;3;Avenue du Truc;44,8492900000; -0,6545000000
202100052019;6;2;2021;11:45;1;31;31555;2;1;1;2;ROND-POINT JOSEPH SAUVEUR;43,5783300000;1,3939000000
202100052028;9;2;2021;07:40;1;13;13047;2;9;1;3;VAURANNE BOULEVARD DE;43,5104000000;4,9849100000
202100052047;7;2;2021;13:45;1;94;94076;2;2;2;3;PAUL VAILLANT COUTURIER (AV);48,7945200000;2,3582720000
202100052067;10;2;2021;14:28;1;29;29174;2;1;1;7;D156 - Rue des AlliÃ©s;47,9051270000; -4,2781930000
202100052071;10;2;2021;10:45;1;06;06023;1;1;1;2;Route de l'Aigara;43,9474430000;7,5187680000
202100052089;8;2;2021;06:45;5;33;33256;1;1;2;2;D2;44,9668510000; -0,6261720000
202100052102;8;2;2021;17:00;1;69;69383;2;2;1;3;VICTOR AUGAGNEUR (Q);45,7562400000;4,8403900000
202100052116;6;2;2021;10:40;1;66;66136;2;3;1;3;JOFFRE (AVENUE DU MARECHAL CD 88);42,7117700000;2,8896400000
202100052121;6;2;2021;14:10;1;50;50173;2;1;1;3;GAMBETTA (RUE);49,6473000000; -1,6463500000
202100052123;7;2;2021;11:14;1;49;49246;2;1;1;7;BOIS D'AVAULT;47,4119700000; -0,5239100000
202100052139;8;2;2021;10:35;1;75;75119;2;3;8;3;QUAI DE LA SEINE;48,8853260000;2,3718300000
202100052143;8;2;2021;20:05;5;75;75111;2;2;1;3;RUE DU CHEMIN VERT;48,8611060000;2,3811580000
202100052144;8;2;2021;12:15;1;75;75110;2;1;2;6;RUE DU FAUBOURG SAINT MARTIN;48,8799490000;2,3637450000
202100052164;6;2;2021;11:47;1;62;62566;2;3;1;3;Rue des Pierrettes;50,6694800000;1,8528940000
202100052179;8;2;2021;15:45;1;30;30012;2;1;2;3;Avenue Jean Moulin;43,8896740000;4,6825040000
202100052215;7;2;2021;19:00;5;33;33063;2;1;1;1;Cours de la Marne;44,8304200000; -0,5711700000
202100052230;2;2;2021;16:05;1;75;75111;2;1;1;6;RUE DE LA ROQUETTE;48,8549770000;2,3732100000
202100052232;7;2;2021;13:35;1;75;75107;2;2;2;7;QUAI D ORSAY;48,8625720000;2,3104100000
202100052265;8;2;2021;11:30;1;26;26277;1;3;8;3;Route dâAutichamp;44,6886100000;4,9445440000
202100052292;6;2;2021;14:35;1;69;69382;2;2;8;3;BAYARD (CR);45,7439500000;4,8210300000
202100052298;6;2;2021;14:40;1;77;77258;2;3;3;3;TOUR D'AUVERGNE (RUE DE LA);48,8403730000;2,6487670000
202100052301;6;2;2021;10:20;1;74;74305;2;1;8;3;MONTREAL (RUE DE);46,2028700000;6,2757300000
202100052310;5;2;2021;20:05;5;51;51454;2;1;1;1;Rue de Vesle;49,2534281470;4,0287633484
202100052315;5;2;2021;17:30;1;34;34172;2;1;1;3;SAINT MAURICE DE SAURET (AVENUE);43,6204070215;3,8927329112
202100052322;6;2;2021;16:00;1;75;75116;2;7;3;3;PLACE DE LA PORTE DE SAINT CLOUD;48,8380209788;2,2563705654
202100052345;6;2;2021;16:15;1;29;29260;2;6;1;3;Boulevard du Ponant;48,4379639720; -4,6152134668
202100052374;5;2;2021;14:15;1;974;97416;2;6;1;3;BANK (BOULEVARD); -21,3307300000;55,4748100000
202100052378;5;2;2021;16:25;1;69;69387;2;1;8;3;JEAN JAURES (AV);45,7515068732;4,8456400037
202100052393;2;2;2021;07:55;5;86;86041;2;1;2;3;Avenue de lâEntraide;46,5963750000;0,3530680000
202100052394;4;2;2021;07:35;2;86;86194;2;3;2;3;Avenue du Plateau des GliÃ¨res;46,6052680000;0,3218990000
202100052409;4;2;2021;15:55;1;71;71076;2;1;1;3;PARIS (AVENUE DE);46,7900900000;4,8503400000
202100052412;5;2;2021;18:00;5;67;67447;2;1;1;6;BISCHWILLER (ROUTE DE);48,6091190000;7,7504130000
202100052417;3;2;2021;17:28;1;64;64445;2;1;1;6;BENGHOZI AUDREY;43,3190000000; -0,3663000000
202100052420;4;2;2021;07:55;5;56;56121;2;1;3;3;BOLLARDIERE (RUE  GENERAL DE );47,7552700000; -3,3917500000
202100052424;4;2;2021;18:00;4;54;54025;1;1;1;2;RD 126;48,6598500000;6,2506100000
202100052449;5;2;2021;09:55;1;10;10333;2;6;2;3;ROBERT GALLEY (RUE);48,2894900000;4,0676670000
202100052462;5;2;2021;09:40;1;75;75107;2;2;1;3;RUE DU BAC;48,8577130000;2,3279900000
202100052463;5;2;2021;12:20;1;75;75102;2;3;1;3;RUE DE RICHELIEU;48,8676810000;2,3379270000
202100052467;5;2;2021;09:38;1;94;94028;2;1;1;1;ECLUSE (Rue de l');48,7991840000;2,4689130000
202100052468;4;2;2021;16:55;1;94;94028;2;1;8;3;CHOISY(ROUTE DE);48,7856700000;2,4487500000
202100052471;5;2;2021;11:55;1;93;93048;2;6;1;3;PASTEUR S2  (AVENUE);48,8691532330;2,4325352778
202100052473;5;2;2021;13:00;1;93;93006;2;1;1;1;ROBESPIERRE RUE;48,8645900000;2,4185700000
202100052494;5;2;2021;15:40;1;42;42208;1;1;1;2;Lieu Dit le Pilon;45,5340429132;4,4399573877
202100052514;4;2;2021;19:00;5;69;69387;2;2;1;1;CAMILLE ROY (R);45,7451324432;4,8466658592
202100052518;3;2;2021;16:50;1;69;69381;2;7;1;1;ROUVILLE                            (PL);45,7696471011;4,8265071770
202100052520;3;2;2021;07:50;5;87;87085;2;1;2;6;QUINET (RUE EDGAR);45,8227000000;1,2400300000
202100052525;4;2;2021;16:35;1;79;79191;2;3;1;3;9 Avenue Jacques Bujault;46,3222760000; -0,4592800000
202100052539;3;2;2021;08:19;2;54;54395;2;1;2;2;OBERLIN (RUE);48,7023200000;6,1854700000
202100052540;4;2;2021;16:41;1;51;51454;2;3;1;3;Rue du Docteur Albert Schweitzer;49,2809020640;4,0211311355
202100052543;3;2;2021;10:40;1;49;49007;2;6;2;7;VALLON;47,4631600000; -0,6020700000
202100052544;4;2;2021;09:20;1;45;45302;2;6;1;3;Rue Henri Ferchaud;47,9294820470;1,8915119613
202100052546;4;2;2021;07:00;5;35;35238;2;2;2;3;NANTES (DE);48,0947334438; -1,6902461126
202100052549;3;2;2021;16:05;1;31;31483;2;1;1;7;JOFFRE (AVENUE DU MARECHAL);43,1070900000;0,7201100000
202100052569;4;2;2021;16:20;1;75;75112;2;1;1;6;ROUTE ROYALE DE BEAUTE;48,8345720000;2,4402550000
202100052570;4;2;2021;12:12;1;75;75111;2;1;1;1;RUE DE LA FOLIE MERICOURT;48,8680420000;2,3685610000
202100052571;4;2;2021;13:40;1;75;75110;2;3;8;6;RUE ALEXANDRE PARODI;48,8797980000;2,3655270000
202100052574;4;2;2021;08:30;1;75;75106;2;1;1;2;RUE DE SEVRES;48,8489170000;2,3214990000
202100052576;4;2;2021;21:00;5;75;75102;2;1;1;6;BOULEVARD POISSONNIERE;48,8712380000;2,3445430000
202100052579;2;2;2021;14:40;1;75;75104;2;2;1;3;RUE SAINT ANTOINE;48,8534240000;2,3671570000
202100052581;4;2;2021;09:15;1;94;94080;2;1;1;6;PREVOYANCE (R DE LA);48,8488500000;2,4208300000
202100052585;4;2;2021;09:45;1;94;94017;2;1;1;6;CHARLES FLOQUET (R);48,8191700000;2,4824800000
202100052605;5;2;2021;15:15;1;83;83152;1;1;1;3;D27;43,1659050000;6,4728780000
202100052608;5;2;2021;12:15;1;56;56094;1;1;1;3;D194;47,7643700000; -3,3003210000
202100052618;1;2;2021;16:25;1;21;21663;2;7;1;3;Avenue de la Gare;47,5429170000;4,4602940000
202100052619;5;2;2021;13:40;1;04;04049;1;1;1;2;RN 85;44,0869530000;6,0101440000
202100052622;4;2;2021;16:00;1;06;06085;2;1;1;1;1028 Avenue Notre-dame de Vie;43,5961180000;7,0017340000
202100052634;3;2;2021;10:35;1;76;76055;1;2;1;3;D131;49,6361600000;0,7354900000
202100052653;2;2;2021;17:20;1;86;86194;2;6;2;3;Rue Maxime Dumoulin;46,5707900000;0,3497500000
202100052664;3;2;2021;18:20;5;64;64024;2;3;1;7;BAYONNE (AVENUE DE);43,4810200000; -1,5120100000
202100052668;3;2;2021;17:26;1;51;51454;2;1;2;7;Rue de Vesle;49,2531166285;4,0278436128
202100052670;1;2;2021;13:45;1;50;50129;2;2;8;1;TANNERIES (RUE DES);49,6323200000; -1,6234900000
202100052675;3;2;2021;17:45;2;38;38421;2;2;1;6;Avenue Gabriel PÃ©ri;45,1844300000;5,7682500000
202100052676;3;2;2021;07:50;2;37;37261;2;6;8;6;DOUETS (RUE DES);47,4327695364;0,6859133871
202100052681;2;2;2021;13:22;1;27;27229;2;3;2;6;MONDUIT (RUE HENRI);49,0292429000;1,1428976000
202100052692;2;2;2021;16:20;1;75;75113;2;2;1;3;BOULEVARD VINCENT AURIOL;48,8375740000;2,3736480000
202100052696;3;2;2021;06:10;5;94;94054;2;2;2;3;Avenue de la Victoire;48,7451400000;2,3889500000
202100052718;29;1;2021;16:30;1;42;42315;1;1;1;1;Route de la Goutte;45,6002250000;4,2263760000
202100052745;2;2;2021;11:55;1;69;69386;2;2;8;6;DUQUESNE (R);45,7730742742;4,8489206214
202100052763;2;2;2021;17:40;1;64;64445;1;1;1;3;BEARN DE;43,3013400000; -0,3559900000
202100052771;29;1;2021;17:55;2;44;44109;2;1;2;6;BOULEVARD DE L'EGALITE;47,2126300000; -1,5862700000
202100052777;2;2;2021;11:50;1;33;33063;2;2;1;3;Rue Mouneyra;44,8341000000; -0,5820500000
202100052779;2;2;2021;07:45;2;33;33281;2;6;1;3;Avenue de lâYser;44,8411800000; -0,6509800000
202100052799;2;2;2021;15:55;1;06;06123;2;9;1;3;GERBAULT ALAIN PROMENADE;43,6565990000;7,1797800000
202100052805;2;2;2021;16:10;1;75;75110;2;4;1;3;RUE LA FAYETTE;48,8824340000;2,3691670000
202100052806;2;2;2021;07:45;5;75;75104;2;3;2;3;RUE SAINT ANTOINE;48,8537020000;2,3656510000
202100052811;2;2;2021;19:20;3;93;93048;2;1;1;3;EDOUARD BRANLY (RUE);48,8692438138;2,4595393538
202100052817;2;2;2021;11:50;1;92;92040;2;3;1;6;CAMILLE DESMOULINS;48,8284748573;2,2627785802
202100052842;10;1;2021;10:00;1;67;67473;1;3;7;3;chemin du moulin;48,5777290000;7,4832880000
202100052864;29;1;2021;15:50;1;87;87114;2;2;1;3;FRANCE (DE);45,8321300000;1,2876000000
202100052868;1;2;2021;07:50;2;79;79329;2;3;2;3;134 Avenue Emile Zola;46,9937900000; -0,2081600000
202100052877;1;2;2021;19:05;5;64;64445;2;2;2;1;MIRABELLE;43,3069300000; -0,3770500000
202100052883;31;1;2021;12:15;1;37;37122;1;3;2;6;;47,3207569486;0,6605705840
202100052893;30;1;2021;22:00;5;31;31555;2;1;2;2;Avenue Jean Rieux;43,5978800000;1,4579800000
202100052915;1;2;2021;12:10;1;75;75111;2;3;1;3;AVENUE PARMENTIER;48,8606600000;2,3783450000
202100052928;2;2;2021;14:35;1;49;49063;2;1;1;1;40 Avenue de la Gare;47,3491790000; -0,7475530000
202100052949;1;2;2021;18:15;1;987;98753;2;1;1;2;Mataura; -23,3717310000; -149,4813160000
202100052952;31;1;2021;11:00;1;34;34027;1;1;1;6;D118;43,7325770000;4,0089370000
202100052966;31;1;2021;17:15;1;973;97302;2;2;1;5;EBOUE (ROCADE FELIX);4,9243272354; -52,3240613937
202100052969;29;1;2021;16:50;1;69;69029;2;1;1;3;GENAS (DE) (RTE);45,7505605458;4,9099726557
202100052990;31;1;2021;17:30;2;75;75107;2;2;2;7;RUE DE SEVRES;48,8469440000;2,3168710000
202100053041;29;1;2021;21:30;5;988;98818;2;3;1;2;RUE DU 18 JUIN/RUE DES TOURS; -22,2704400000;166,4639200000
202100053043;30;1;2021;14:00;1;69;69383;2;1;2;2;PAUL BERT (R);45,7568451207;4,8500080576
202100053054;30;1;2021;20:50;5;35;35238;2;5;3;1;SAINT-HELIER;48,1056200000; -1,6659600000
202100053055;30;1;2021;11:20;1;34;34172;2;6;8;3;FAJON (ROND-POINT PAUL);43,5961400000;3,8365800000
202100053064;29;1;2021;14:16;1;26;26198;2;1;1;3;68 Boulevard de lâEurope;44,5422500000;4,7535900000
202100053082;29;1;2021;12:00;1;75;75115;2;2;1;6;RUE DUTOT;48,8382360000;2,3083550000
202100053090;30;1;2021;13:40;1;94;94016;2;1;8;7;LEON BLUM (AV);48,7919200000;2,3369300000
202100053124;30;1;2021;10:30;1;987;98758;2;1;1;3;PK 5 , cÃ´te Ouest; -16,7274390000; -151,4755600000
202100053127;31;1;2021;16:00;1;11;11178;2;3;1;6;rd 3113;43,3489468205;1,8451023104
202100053161;28;1;2021;08:28;1;69;69388;2;1;2;7;ETATS UNIS (DES)                    (BD);45,7361400000;4,8624300000
202100053175;27;1;2021;07:50;5;80;80021;2;2;2;1;ANCIENS COMBATTANTS (PLACE DES);49,8968500000;2,2827900000
202100053178;28;1;2021;08:00;2;78;78015;2;3;2;3;LECLERC (RUE DU GENERAL);48,9646830000;2,0444210000
202100053186;28;1;2021;18:20;5;69;69271;1;2;8;3;CHARLES DE GAULLE (BD);45,7433100000;4,9371700000
202100053204;27;1;2021;11:10;1;40;40192;2;6;2;3;ROUMAT (BD RENE);43,8849700000; -0,4787100000
202100053218;28;1;2021;16:30;1;28;28085;2;6;2;3;EPARGNE (RUE DE L');48,4474600000;1,4767900000
202100053220;28;1;2021;08:59;1;17;17300;2;2;2;3;HUGO   RUE VICTOR;46,1612100000; -1,1672800000
202100053239;29;1;2021;17:00;1;75;75119;2;2;2;3;RUE ALEXANDER FLEMING;48,8819910000;2,4025260000
202100053243;29;1;2021;09:10;1;75;75117;2;1;1;3;RUE BRUNEL;48,8765350000;2,2888010000
202100053244;29;1;2021;08:13;1;75;75117;2;2;1;3;AVENUE DE WAGRAM;48,8751270000;2,2960210000
202100053251;29;1;2021;14:35;1;75;75107;2;2;2;3;PONT DE LA CONCORDE;48,8625825338;2,3190491784
202100053257;29;1;2021;13:35;1;94;94043;2;2;2;3;QUATORZE JUILLET (R DU);48,8145600000;2,3607900000
202100053262;28;1;2021;11:05;1;94;94022;2;2;2;3;ALLIES (BD DES);48,7662400000;2,4045100000
202100053275;29;1;2021;10:15;1;92;92002;2;3;8;3;GEORGES SUANT (RUE);48,7438797859;2,2841907755
202100053277;27;1;2021;16:10;1;33;33327;2;6;3;3;Cours du MarÃ©chal Foch;44,6568940000; -0,3663900000
202100053294;30;1;2021;19:00;3;91;91338;1;1;2;3;D838;48,6343410000;2,0639280000
202100053297;28;1;2021;12:45;1;33;33268;1;4;1;1;Chemin de Calbat;45,0189120000; -0,6801760000
202100053298;29;1;2021;13:45;1;72;72154;2;6;1;3;Boulevard du QuÃ©bec;47,7080290000; -0,0683910000
202100053319;28;1;2021;14:10;1;973;97302;2;1;1;3;ZEPHIR (ROCADE);4,9335500000; -52,3092500000
202100053323;27;1;2021;22:25;5;971;97101;2;9;8;2;BOISRIPEAUX;16,2776300000; -61,5043500000
202100053327;27;1;2021;19:15;5;77;77307;1;3;2;3;RTE DE PROVINS;48,8543600000;2,7586800000
202100053332;25;1;2021;15:50;1;59;59574;2;3;1;3;GAMBETTA LEON (RUE);50,3592400000;3,2896900000
202100053335;28;1;2021;08:50;1;35;35238;2;1;2;6;Rue Papu;48,1111140000; -1,6971100000
202100053351;27;1;2021;21:00;5;75;75115;2;5;2;3;RUE SAINT CHARLES;48,8499660000;2,2884250000
202100053354;28;1;2021;10:40;1;75;75112;2;1;8;3;AVENUE DE NOGENT;48,8444210000;2,4411050000
202100053422;27;1;2021;12:40;1;973;97302;2;1;1;3;MONTABO (ROUTE DE) 1;4,9412700000; -52,3028300000
202100053443;26;1;2021;08:00;2;67;67482;2;1;1;3;CANONNIERS (RUE DES);48,5542640000;7,7632140000
202100053449;27;1;2021;07:15;5;56;56121;2;6;2;3;RUE LOUIS GUIGUEN;47,7549600000; -3,3546100000
202100053458;27;1;2021;07:47;5;37;37261;2;2;2;6;EIFFEL (AVENUE GUSTAVE);47,4356261967;0,6985006034
202100053460;27;1;2021;12:00;1;35;35238;2;1;2;3;ROBINOT DE ST-CYR (QUAI);48,1054570000; -1,7177370000