Num_Acc;jour;mois;an;hrmn;lum;dep;com;agg;int;atm;col;adr;lat;long
202100053466;27;1;2021;14:44;1;26;26281;2;1;1;3; 19 Rue Diderot;45,0538090000;5,0461350000
202100053476;26;1;2021;08:10;2;75;75119;2;1;1;7;AVENUE DU BELVEDERE;48,8803500000;2,4074860000
202100053492;27;1;2021;17:00;1;94;94046;2;1;1;1;JEAN JAURES (R);48,7895700000;2,4353570000
202100053493;27;1;2021;18:15;5;94;94043;2;1;2;3;CHARLES GIDE (AV);48,8055600000;2,3479100000
202100053502;26;1;2021;22:15;5;93;93001;2;9;1;3;HENRI BARBUSSE (RUE)  111 =>;48,9049000000;2,3894000000
202100053506;26;1;2021;08:55;1;92;92048;2;1;8;6;PARIS (RUE DE) NÂ° 12 A 164;48,8138491825;2,2466484457
202100053521;28;1;2021;15:20;1;47;47217;1;1;1;6;1610 Route de la Sauvetat;44,2083110000;0,7999960000
202100053533;22;1;2021;13:45;1;974;97422;2;1;3;7;Rue Jean de Fos du Rau; -21,2219660000;55,5527010000
202100053541;28;1;2021;08:05;2;59;59258;1;1;3;1;rue de la bertellerie;50,5401970000;3,2204750000
202100053554;26;1;2021;06:18;1;974;97411;2;3;1;3;PETITE ILE (RUE DE LA); -20,8802690000;55,4439930000
202100053555;26;1;2021;07:55;1;974;97411;2;3;1;3;Rue de la Guadeloupe; -20,9046200000;55,4930500000
202100053558;26;1;2021;12:10;1;69;69386;2;1;1;3;VITTON (CR);45,7702370154;4,8603862524
202100053584;26;1;2021;14:35;1;59;59350;2;2;1;4;DE COUBERTIN PIERRE BOULEVARD;50,6478300000;3,0687300000
202100053587;21;1;2021;17:15;3;57;57206;2;1;2;6;DESCARTES (RUE);49,3111621000;6,1204634000
202100053592;25;1;2021;10:20;1;49;49099;2;1;8;7;MAGNOLIAS (SQUARE DES);47,0521200000; -0,8729800000
202100053598;26;1;2021;07:30;5;44;44162;2;1;1;3;QUAI EMILE CORMERAIS;47,1945700000; -1,6197600000
202100053628;26;1;2021;08:10;2;75;75111;2;2;1;3;BOULEVARD VOLTAIRE;48,8621320000;2,3728560000
202100053629;26;1;2021;16:45;1;75;75101;2;2;1;7;AVENUE VICTORIA;48,8577280000;2,3477920000
202100053630;26;1;2021;15:45;1;75;75104;2;3;8;6;RUE DE RIVOLI;48,8552290000;2,3611070000
202100053631;26;1;2021;16:00;1;75;75101;2;2;1;6;BOULEVARD DE SEBASTOPOL;48,8606180000;2,3493880000
202100053707;22;1;2021;18:35;3;91;91228;2;1;1;1;AV PAUL DELOUVRIER;48,6250690000;2,4224150000
202100053720;22;1;2021;17:00;5;67;67482;2;8;2;3;LANGUEDOC (RUE DU);48,5489470000;7,7415530000
202100053737;25;1;2021;08:40;2;35;35238;2;6;1;2;MOUEZY (AVENUE MONSEIGNEUR);48,1039160000; -1,6501250000
202100053750;25;1;2021;09:50;1;75;75107;2;2;1;3;QUAI D ORSAY;48,8628600000;2,3134500000
202100053751;25;1;2021;05:50;4;75;75107;2;7;1;3;PLACE DE FONTENOY;48,8503840000;2,3068380000
202100053770;25;1;2021;08:00;2;92;92007;2;1;8;7;DE GAULLE (AVENUE CHARLES);48,7979641875;2,2958716750
202100053774;26;1;2021;12:45;1;974;97404;2;1;1;3;Route Forestiere; -21,2653050000;55,3534980000
202100053803;26;1;2021;16:55;2;60;60172;2;2;8;2;D118;49,1425240000;2,4737580000
202100053830;24;1;2021;09:20;1;91;91514;2;3;7;3;RUE DE BRUNOY;48,6776400000;2,5284800000
202100053856;24;1;2021;09:00;1;75;75112;2;2;1;7;ROUTE DU CHAMP DE MANOEUVRES;48,8358390000;2,4531670000
202100053876;25;1;2021;15:20;1;80;80264;1;1;1;7;Rue de Fargny;49,9594480000;2,7902860000
202100053882;19;1;2021;16:30;1;01;01266;2;6;1;2;Place du General de Gaulle;46,3360470000;5,1267580000
202100053883;25;1;2021;11:55;1;06;06038;2;1;1;2;Route d'Opio;43,6785490000;6,9738290000
202100053906;23;1;2021;15:20;1;42;42214;1;3;8;1;Chemin de l'Hormet;45,6741970000;4,2736010000
202100053941;23;1;2021;14:17;1;37;37261;2;2;1;6;BERANGER (BOULEVARD);47,3894753520;0,6843098403
202100053942;22;1;2021;11:00;1;37;37261;2;1;8;6;STENDHAL (AVENUE);47,3682354792;0,7086754092
202100053960;22;1;2021;18:45;5;75;75116;2;1;1;3;AVENUE GEORGES LAFONT;48,8371651035;2,2567087412
202100053981;23;1;2021;08:25;2;92;92004;2;5;1;3;GALLIENI ( RUE );48,9090254779;2,2867172956
202100053988;24;1;2021;17:35;2;46;46200;1;3;2;1;Zone Artisanale du Moulin d'Iches;44,6298140000;1,2193320000
202100053990;24;1;2021;10:45;1;29;29129;1;1;2;2;D769 - Pont Mikael;48,3601130000; -3,6984870000
202100054051;22;1;2021;08:40;2;64;64445;2;1;2;2;LILAS DES;43,3059600000; -0,3494500000
202100054058;22;1;2021;07:20;5;56;56083;2;6;1;3;PONT-NEUF ( QUAI DU );47,8034600000; -3,2788600000
202100054062;22;1;2021;07:20;2;54;54547;2;3;1;1;JAURES (AVENUE JEAN);48,6651600000;6,1649500000
202100054068;21;1;2021;17:40;5;37;37261;2;3;2;6;TONNELLE (BOULEVARD);47,3807230843;0,6680912226
202100054097;22;1;2021;13:05;1;75;75106;2;1;1;2;RUE MADAME;48,8475170000;2,3316080000
202100054109;21;1;2021;14:00;1;94;94033;2;1;2;6;REPUBLIQUE (AV DE LA);48,8490700000;2,4749300000
202100054153;23;1;2021;14:05;1;85;85280;1;1;1;3;Le haut querruy;46,8721400000; -1,9417940000
202100054178;21;1;2021;06:20;1;974;97416;2;6;1;3;PONGAMES (CITE); -21,3471200000;55,4908000000
202100054179;15;1;2021;18:26;2;974;97407;2;1;1;2;HUGO (RUE); -20,9365200000;55,3038800000
202100054181;21;1;2021;16:30;1;69;69387;2;1;1;6;UNIVERSITE (DE L') (R);45,7515832332;4,8378735781
202100054182;21;1;2021;10:22;1;69;69387;2;9;6;7;TONY GARNIER                        (AV);45,7315500000;4,8240900000
202100054195;21;1;2021;18:57;5;74;74010;2;2;1;3;THONES (DE);45,9104780000;6,1378670000
202100054208;18;1;2021;12:14;1;40;40192;2;1;1;2;HOUGA (AV DU);43,8832100000; -0,4896100000
202100054245;21;1;2021;11:20;1;75;75111;2;3;1;3;RUE SERVAN;48,8587090000;2,3843380000
202100054254;20;1;2021;18:10;5;94;94042;2;1;1;1;GOUNOD (AV);48,8244900000;2,4732900000
202100054260;12;1;2021;14:10;1;92;92044;2;2;2;3;VIC. HUGO(RUE)115A149 ET 148A178;48,9002660000;2,2926570000
202100054263;21;1;2021;16:10;1;92;92004;2;2;2;3;PONT DE CLICHY;48,9109432484;2,2985563768
202100054264;22;1;2021;09:10;1;35;35245;1;1;7;2;Le Temple;48,2080020000; -1,8856890000
202100054277;21;1;2021;18:20;5;72;72328;1;6;2;3;La Fontaine Saint Martin;48,0227720000;0,2309650000
202100054297;22;1;2021;16:25;1;59;59258;1;1;1;2;d145;50,5269190000;3,2396790000
202100054305;20;1;2021;21:35;5;973;97302;2;6;2;6;LIBERTE (AVENUE DE LA);4,9368900000; -52,3258500000
202100054316;20;1;2021;08:30;2;83;83137;2;1;8;6;ESTIENNE D'ORVES (AVE);43,1266600000;5,9129900000
202100054320;14;1;2021;07:13;5;63;63063;2;6;1;3;BLANZAT (RUE DE);45,8312700000;3,0866600000
202100054326;19;1;2021;20:15;5;56;56121;2;6;3;3;LEGION D'HONNEUR (PLACE DE LA) ;47,7517900000; -3,3651400000
202100054338;19;1;2021;15:40;1;31;31555;2;1;1;6;213 Route dâAlbi;43,6428400000;1,4675600000
202100054339;18;1;2021;13:04;1;21;21231;2;2;2;3;CARNOT (BOULEVARD);47,3185500000;5,0472100000
202100054344;19;1;2021;14:19;1;10;10325;2;9;1;1;CHENE (RUE);48,2594000000;4,0615900000
202100054361;20;1;2021;08:15;2;75;75104;2;1;1;6;QUAI DES CELESTINS;48,8524720000;2,3602090000
202100054371;19;1;2021;10:00;1;93;93048;2;2;2;3;PARMENTIER (RUE);48,8593100000;2,4316800000
202100054376;20;1;2021;17:30;5;93;93001;2;1;2;6;ANATOLE FRANCE (BLD) PAIR;48,9159737700;2,3815370908
202100054377;19;1;2021;18:00;2;92;92063;2;3;1;6;BOURGUIGNON (RUE JEAN) SUD;48,8669400000;2,1806200000
202100054379;20;1;2021;08:30;1;92;92024;2;3;1;3;MARTRE DE (4 A 54);48,8995300000;2,3092600000
202100054396;20;1;2021;16:17;1;971;97114;1;1;1;3;N1;16,1480710000; -61,5835730000
202100054398;8;1;2021;13:10;1;67;67028;2;6;1;3;D5;48,3720810000;7,5927870000
202100054431;18;1;2021;14:20;1;55;55029;2;6;1;6;SAINCERE ( RUE );48,7763600000;5,1567800000
202100054442;19;1;2021;13:30;1;37;37261;2;1;1;1;PINGUET GUINDON (RUE);47,4140815867;0,6842483018
202100054448;19;1;2021;06:35;3;31;31555;2;1;1;1;97 rue de Fenouillet;43,6298200000;1,4239600000
202100054454;18;1;2021;08:10;2;27;27229;2;1;1;2;LA FRICHE (RUE DE);49,0143000000;1,1608800000
202100054455;19;1;2021;13:25;1;17;17274;2;1;1;3;POMMERAIE   PLACE DE LA;46,1548400000; -1,0966000000
202100054470;19;1;2021;21:40;4;75;75112;2;2;1;3;PLACE DU CARDINAL LAVIGERIE;48,8333540000;2,4022690000
202100054471;19;1;2021;09:20;1;75;75112;2;1;3;2;BOULEVARD SOULT;48,8428870000;2,4099690000
202100054479;19;1;2021;17:09;1;94;94041;2;1;1;3;ROBESPIERRE (R);48,8105900000;2,3841900000
202100054488;19;1;2021;08:00;5;92;92063;2;3;2;3;SAINTE-CLAIRE DEVILLE (RUE HENRI);48,8929100000;2,1721000000
202100054495;19;1;2021;10:00;1;92;92012;2;3;2;6;GENERAL LECLERC (AVENUE DU) 35/FIN - 60/;48,8299992855;2,2315281630
202100054496;19;1;2021;16:30;1;92;92004;2;1;1;6;MARNE   ( AVENUE DE LA );48,9090384327;2,2855052080
202100054500;20;1;2021;17:35;5;88;88181;2;3;8;3;Rue du General Ingold;48,1831780000;7,0032260000
202100054513;19;1;2021;14:15;1;35;35206;1;1;1;2;Touche Tizon (ArrÃªt de bus);48,0597770000; -1,7006280000
202100054558;15;1;2021;16:58;1;87;87085;2;2;1;7;THUILLAT (RUE VICTOR);45,8455300000;1,2559100000
202100054565;14;1;2021;19:35;5;80;80021;2;1;2;1;REPUBLIQUE (RUE DE LA );49,8913100000;2,2965900000
202100054586;17;1;2021;15:40;1;49;49328;2;6;1;3;MUSEE DU MOTEUR (ROND-POINT DU);47,2521700000; -0,0873000000
202100054592;15;1;2021;08:00;5;38;38544;2;1;2;2;Rue de la CharitÃ©;45,5253900000;4,8770400000
202100054596;17;1;2021;10:20;1;22;22215;2;3;1;3;rue de bel air;48,4973776490; -2,7901047507
202100054602;18;1;2021;17:30;2;75;75120;2;1;1;6;BOULEVARD DE MENILMONTANT;48,8663660000;2,3836670000
202100054606;17;1;2021;20:15;5;75;75111;2;2;8;3;AVENUE DE LA REPUBLIQUE;48,8646170000;2,3780380000
202100054615;18;1;2021;14:25;1;93;93029;2;9;1;7;CHARLES GIDE;48,9182990618;2,4434806282
202100054651;18;1;2021;17:20;2;44;44047;1;3;1;3;M26;47,2285890000; -1,7107880000
202100054667;17;1;2021;14:30;1;69;69389;2;1;7;2;JOANNES CARRET (R);45,7928555890;4,8199432944
202100054707;17;1;2021;17:10;1;35;35359;1;1;1;2;Ã la Basse Fossette;47,9389770000; -1,2886670000
202100054716;15;1;2021;06:50;3;61;61272;1;1;2;7;Le Haut du Menil;48,7473990000;0,2967970000
202100054757;15;1;2021;13:33;1;72;72181;2;1;1;3;WILBUR WRIGHT (RUE);48,0079000000;0,1980800000
202100054767;16;1;2021;19:30;5;35;35238;2;9;2;3;RICHEMOND (QUAI DE);48,1099000000; -1,6739100000
202100054773;16;1;2021;18:00;3;26;26198;2;6;1;3;3 Route de Saint Gervais;44,5551800000;4,7593300000
202100054782;16;1;2021;12:10;1;75;75116;2;4;4;6;RUE DE BOULAINVILLIERS;48,8555580000;2,2750510000
202100054784;16;1;2021;17:50;5;75;75115;2;1;2;6;QUAI ANDRE CITROEN;48,8452930000;2,2760370000
202100054787;16;1;2021;14:50;1;75;75111;2;1;4;3;AVENUE LEDRU ROLLIN;48,8542990000;2,3778770000
202100054790;16;1;2021;11:45;1;94;94068;2;1;4;3;Avenue Miss Cavell;48,8019900000;2,4880400000
202100054806;15;1;2021;15:00;1;51;51662;2;3;1;3; Place Chante Reine;49,2947566128;4,1249895544
202100054875;14;1;2021;13:25;1;71;71309;1;2;1;1;PERIGAS (CHEMIN DE);46,7828837030;4,4120223724
202100054878;8;1;2021;13:25;1;68;68066;2;2;1;3;Rue Billing;48,0834200000;7,3659800000
202100054882;15;1;2021;09:45;1;64;64260;2;3;1;3;LARROUN (RUE DE);43,3653600000; -1,7693300000
202100054891;14;1;2021;16:40;1;56;56121;2;6;1;3;LAENNEC ( BD );47,7581500000; -3,3619900000
202100054911;14;1;2021;10:45;1;13;13001;2;9;1;3;INFIRMERIES (AV DES);43,5127760000;5,4637360000
202100054918;14;1;2021;17:00;5;75;75105;2;3;2;3;QUAI SAINT BERNARD;48,8468450000;2,3609710000
202100054919;14;1;2021;13:40;1;75;75105;2;2;8;3;RUE JUSSIEU;48,8474056904;2,3528152528
202100054924;15;1;2021;21:01;5;75;75110;2;2;1;3;AVENUE PARMENTIER;48,8712360000;2,3701450000
202100054925;14;1;2021;19:16;5;75;75108;2;7;2;6;PLACE GABRIEL PERI;48,8752520000;2,3242730000
202100054926;15;1;2021;14:25;1;75;75101;2;3;1;3;RUE DU LOUVRE;48,8624040000;2,3415950000
202100054927;15;1;2021;17:13;1;75;75104;2;4;1;7;BOULEVARD HENRI IV;48,8522220000;2,3660280000
202100054928;15;1;2021;12:50;1;75;75102;2;3;1;3;BOULEVARD DE BONNE NOUVELLE;48,8706687871;2,3479188617
202100054930;15;1;2021;13:10;1;94;94046;2;3;1;6;Rue de Grenoble;48,8065430000;2,4433120000
202100054931;15;1;2021;13:15;1;94;94054;2;1;1;2;FER A CHEVAL (R DU);48,7438400000;2,4080500000
202100054948;15;1;2021;08:30;1;92;92026;2;1;1;3;VERDUN (DE 62 A FIN);48,9030020000;2,2582470000
202100055008;14;1;2021;11:50;1;974;97416;2;1;1;3;PAVE(RUE); -21,3416400000;55,4821600000
202100055012;13;1;2021;19:55;5;972;97209;2;1;1;6;JEAN JAURES (AVENUE);14,6098900000; -61,0706900000
202100055015;13;1;2021;12:30;1;2B;2B120;1;6;1;3;11 - RT;42,6544300000;9,4412900000
202100055016;13;1;2021;04:51;3;91;91339;1;9;2;3;RTE NATIONALE 20;48,6226030000;2,2602650000
202100055020;12;1;2021;21:40;5;86;86194;2;1;1;2;Rue du Faubourg du Pont Neuf;46,5779630000;0,3510941000
202100055035;14;1;2021;08:58;1;49;49007;2;3;1;3;CARNOT;47,4754300000; -0,5483700000
202100055059;14;1;2021;17:00;2;13;13063;2;1;1;3;ARC EN CIEL AVENUE DE L';43,5981810000;5,0089300000
202100055061;14;1;2021;08:00;1;13;13028;2;1;1;3;PUITS DE BRUNET (CHEMIN DU);43,1838600000;5,5986000000
202100055063;13;1;2021;09:10;1;06;06030;2;1;1;2;CARIMAI (RUE);43,5672000000;6,9701900000
202100055066;13;1;2021;22:45;5;75;75120;2;4;2;5;AVENUE IBSEN;48,8664900000;2,4126720000
202100055070;14;1;2021;09:40;1;75;75114;2;1;1;3;RUE LACAZE;48,8249070000;2,3306670000
202100055092;14;1;2021;07:25;5;92;92036;2;6;2;3;PRINCIPALE DU PORT (ROUTE) (S/SA15/+);48,9379605635;2,2777695679
202100055097;14;1;2021;14:55;1;972;97221;1;1;1;2;RN5;14,5071920000; -60,9814170000
202100055108;13;1;2021;16:40;1;22;22220;1;1;2;7;4 Lieu Dit Lan Brugou;48,2092420000; -3,2644040000
202100055110;13;1;2021;15:25;1;44;44158;2;6;1;2;Rue de la ChÃ©zine;47,2700500000; -1,7625010000
202100055165;13;1;2021;21:15;3;69;69266;2;3;2;3;4 AOUT 1789 (DU) (R);45,7671100000;4,9037400000
202100055172;13;1;2021;08:40;1;59;59378;2;3;1;3;FOCH AVENUE NÂ°1-137;50,6768490000;3,0913120000
202100055177;12;1;2021;17:09;2;49;49007;2;1;1;7;ESTIENNE D'ORVES BOULEVARD;47,4597530994; -0,5204636418
202100055186;13;1;2021;17:35;1;35;35238;2;3;2;1;COURBET (AMIRAL);48,1079200000; -1,7027700000
202100055203;13;1;2021;21:04;5;75;75105;2;3;2;3;QUAI SAINT BERNARD;48,8468450000;2,3609770000
202100055206;13;1;2021;20:10;5;75;75120;2;2;1;3;RUE DE LAGNY;48,8489370000;2,4054690000
202100055212;13;1;2021;09:30;1;75;75112;2;2;2;3;AVENUE DAUMESNIL;48,8442870000;2,3815660000
202100055215;13;1;2021;09:00;1;75;75108;2;3;2;3;RUE D AMSTERDAM;48,8771100000;2,3269130000
202100055221;13;1;2021;13:14;1;94;94037;2;3;2;7;Avenue Paul Vaillant-Couturier;48,8151200000;2,3456200000
202100055223;13;1;2021;09:37;1;93;93070;2;1;1;3;GABRIEL-PERI (AV);48,9093080000;2,3329370000
202100055239;14;1;2021;08:25;2;56;56120;2;1;2;3;Rue DÃ©sirÃ© Caudal;47,7602500000; -2,7676000000
202100055240;13;1;2021;14:15;1;11;11102;1;1;1;1;Route de Pomas;43,1328850000;2,3078210000
202100055270;12;1;2021;14:15;1;973;97302;2;1;2;3;SPATULES (RUE DES) CITE EAU LISETTE;4,9263000000; -52,3230500000
202100055277;12;1;2021;08:00;5;91;91103;2;3;2;3;BD DE FRANCE;48,5989700000;2,3044200000
202100055312;11;1;2021;08:05;3;44;44184;2;3;1;1;PRÃ HEMBERT (ROUTE DU);47,2707130000; -2,2569330000
202100055321;12;1;2021;08:35;1;35;35238;2;2;8;3;SEMBAT (MARCEL);48,0944200000; -1,6744100000
202100055330;12;1;2021;18:33;3;29;29051;1;1;2;2;D15 - Avenue de Coray;48,0030988069; -4,0401881754
202100055333;11;1;2021;14:00;1;27;27229;2;1;8;2;BRIAND (AVENUE ARISTIDE);49,0213200000;1,1364500000
202100055363;11;1;2021;19:45;5;75;75104;2;1;1;7;RUE DU CLOITRE SAINT MERRI;48,8592600000;2,3508320000
202100055367;12;1;2021;18:45;5;94;94046;2;1;2;3;LEON BLUM (AV);48,8022400000;2,4352500000
202100055438;10;1;2021;02:00;5;69;69388;2;3;1;2;PIERRE DELORE (R);45,7340100000;4,8578900000
202100055457;11;1;2021;13:55;1;83;83137;2;1;1;2;GOURAUD (AVE GENERAL);43,1330500000;5,9176800000
202100055459;11;1;2021;21:07;5;81;81004;2;9;1;3;LACOMBE (BD);43,9218921473;2,1381551027
202100055462;11;1;2021;08:10;5;78;78650;2;2;1;3;ALSACE (AVENUE D');48,8878800000;2,1274500000
202100055490;10;1;2021;11:00;1;37;37261;2;2;1;6;SEBASTOPOL (RUE);47,3874575015;0,6849817336
202100055493;11;1;2021;07:00;5;33;33550;2;6;1;3;Rue Pierre-Joseph Proudhon;44,7849400000; -0,5862000000
202100055529;10;1;2021;19:50;5;75;75111;2;4;1;6;AVENUE LEDRU ROLLIN;48,8545127779;2,3780304193
202100055530;11;1;2021;10:20;1;75;75110;2;2;8;3;RUE DU FAUBOURG SAINT DENIS;48,8793280000;2,3570940000
202100055532;11;1;2021;12:00;1;75;75108;2;7;1;7;PLACE DE LA CONCORDE;48,8643610000;2,3203380000
202100055533;11;1;2021;11:25;1;75;75117;2;4;8;3;AVENUE DE WAGRAM;48,8820390000;2,3010560000
202100055534;11;1;2021;08:20;2;75;75108;2;1;1;6;RUE ARSENE HOUSSAYE;48,8747930000;2,2999320000
202100055535;11;1;2021;17:42;2;75;75107;2;2;1;7;QUAI D ORSAY;48,8628320000;2,3134550000
202100055536;10;1;2021;15:15;1;75;75101;2;2;1;6;BOULEVARD DE SEBASTOPOL;48,8595394521;2,3487913769
202100055594;11;1;2021;06:00;5;53;53097;2;1;2;2;Rue de Laval;48,1495810000; -0,4087900000
202100055637;8;1;2021;15:35;1;77;77470;2;1;8;1;26 Hameau de Ville;48,7468340000;2,7882370000
202100055669;8;1;2021;16:50;1;26;26198;2;1;1;3;18  Avenue de Gournier;44,5326000000;4,7392000000
202100055683;9;1;2021;11:20;1;75;75110;2;2;1;2;RUE DU FAUBOURG SAINT MARTIN;48,8838690000;2,3685920000
202100055684;8;1;2021;17:45;5;75;75108;2;1;1;3;RUE DE LA PEPINIERE;48,8750220000;2,3212860000
202100055685;9;1;2021;14:25;1;75;75103;2;4;1;3;RUE DE TURBIGO;48,8668010000;2,3620030000
202100055697;9;1;2021;19:20;5;92;92073;2;2;1;3;BAS ROGERS (RUE DES);48,8827467088;2,2236063555
202100055703;10;1;2021;15:00;1;33;33205;1;3;1;3;D11;44,6121260000; -0,3722070000
202100055708;9;1;2021;15:00;1;29;29174;1;1;1;3;D2 - Coat-Hellen (Restaurant);47,8778176242; -4,2468126814
202100055723;8;1;2021;13:53;1;67;67120;1;2;7;1;intersection D35 - D603;48,3756850000;7,4384800000
202100055731;9;1;2021;16:40;1;22;22174;1;3;1;3;intersection D786/D16;48,6142540000; -2,3368690000
202100055762;7;1;2021;17:59;5;80;80021;2;3;2;3;GEORGES GUYNEMER (RUE);49,9100700000;2,3004900000
202100055767;8;1;2021;19:10;5;69;69256;2;2;1;3;DROITS DE L'HOMME (DES) (BD);45,7637700000;4,9333700000
202100055768;8;1;2021;21:25;5;69;69266;2;1;1;2;ROGER SALENGRO  (AV);45,7775806213;4,8779848633
202100055770;7;1;2021;18:25;5;69;69275;2;6;1;3;ELISEE RECLUS (R);45,7585300000;4,9599600000
202100055776;8;1;2021;14:30;1;64;64102;2;1;1;3;AQUITAINE (AVENUE DE L');43,4868500000; -1,4700000000
202100055794;8;1;2021;08:30;1;38;38151;2;2;1;3;Avenue de Grugliasco;45,1492600000;5,7204700000
202100055797;8;1;2021;12:57;1;35;35238;2;4;1;6;VEYETTES (DES);48,0976800000; -1,6302100000
202100055803;8;1;2021;08:36;2;31;31149;2;1;1;2;Rond-point de Gascogne;43,6085900000;1,3268000000
202100055805;7;1;2021;19:10;5;31;31555;2;1;1;3;Rond-Point Louis Destrem;43,5878500000;1,3945600000
202100055808;8;1;2021;13:25;1;24;24037;2;1;1;2;PIMONT (BOULEVAR LOUIS);44,8453000000;0,4888100000
202100055819;8;1;2021;07:50;2;10;10387;2;2;8;3;KLEBER (RUE);48,3032600000;4,0852900000
202100055830;7;1;2021;20:15;5;75;75108;2;7;2;7;QUAI DES TUILERIES;48,8640890000;2,3201100000
202100055852;8;1;2021;13:00;1;93;93001;2;3;1;3;LECUYER (RUE);48,9080300000;2,3945800000
202100055872;8;1;2021;19:25;5;973;97309;2;9;3;1;rue gaston monnerville;4,8870640000; -52,2768010000
202100055876;9;1;2021;10:30;1;95;95409;2;1;1;3;RD 11;49,0430577885;2,3387010399
202100055923;7;1;2021;09:00;1;33;33063;2;2;1;3;Boulevard Antoine Gautier;44,8365700000; -0,5990300000
202100055943;7;1;2021;18:00;5;75;75112;2;1;2;3;RUE CROZATIER;48,8489260000;2,3800250000
202100055944;7;1;2021;08:05;2;75;75112;2;7;2;1;PLACE EDOUARD RENARD;48,8352020000;2,4070150000
202100055977;8;1;2021;07:55;2;89;89460;2;2;2;1;;48,3352420000;3,0641560000
202100055978;6;1;2021;12:10;1;76;76711;2;1;1;1;Rue de la Commune de Paris;50,0604450000;1,3726960000
202100055998;4;1;2021;17:15;5;06;06019;2;6;8;2;Route Departementale 2204;43,7812660000;7,3378620000
202100056049;6;1;2021;14:50;1;35;35238;2;6;1;3;GAYEULLES (ROND POINT);48,1277900000; -1,6521100000
202100056051;6;1;2021;22:10;5;29;29232;2;3;1;1;Rue Tristan;47,9856180380; -4,0778160095
202100056066;6;1;2021;16:00;1;75;75116;2;5;1;2;AVENUE DE L HIPPODROME;48,8622800000;2,2383210000
202100056069;6;1;2021;16:15;2;75;75112;2;5;8;3;AVENUE DE SAINT MANDE;48,8446739656;2,4057128628
202100056074;6;1;2021;12:30;1;94;94034;2;3;1;1;JEAN JAURES (BD);48,7550300000;2,3186400000
202100056075;6;1;2021;09:00;1;94;94021;2;3;1;3;GENERAL DE GAULLE (AV DU);48,7716000000;2,3465900000
202100056088;6;1;2021;16:51;1;64;64410;2;3;1;7;avenue Henry IV;43,3726210000; -0,6287100000
202100056135;5;1;2021;20:50;5;69;69387;2;2;1;6;Rue de Marseille;45,7534407318;4,8413438341
202100056151;5;1;2021;17:50;5;58;58194;2;3;2;3;MARZY;46,9880600000;3,1267400000
202100056169;5;1;2021;17:30;5;13;13208;2;1;1;6;MICHELET (BOULEVARD);43,2659400000;5,3953400000
202100056183;5;1;2021;19:10;3;75;75112;2;1;1;3;ROUTE DE CEINTURE DU LAC DAUMESNIL;48,8301720000;2,4183100000
202100056184;4;1;2021;17:35;5;75;75103;2;1;1;7;RUE MICHEL LE COMTE;48,8623960000;2,3555220000
202100056185;5;1;2021;08:40;2;94;94046;2;1;1;3;GENERAL LECLERC (AV DU);48,8099830000;2,4337490000
202100056189;5;1;2021;18:30;5;93;93046;2;1;1;3;MAURICE BERTHEAUX ALLEE;48,9134113791;2,5160032511
202100056215;5;1;2021;15:25;1;95;95446;1;1;8;7;RD 151;49,1163880000;2,1809090000
202100056248;4;1;2021;07:50;5;64;64445;2;6;8;3;JEAN JACQUES DE MONAIX;43,3037324938; -0,3561113025
202100056276;4;1;2021;18:25;5;75;75119;2;3;2;3;RUE MANIN;48,8816830000;2,3810550000
202100056281;4;1;2021;20:15;5;75;75111;2;1;8;7;BOULEVARD JULES FERRY;48,8679940000;2,3682920000
202100056282;4;1;2021;15:20;1;75;75108;2;1;1;6;RUE FRANCOIS 1ER;48,8678050000;2,3050840000
202100056283;4;1;2021;19:40;5;75;75101;2;4;1;6;AVENUE DE L OPERA;48,8649640000;2,3347680000
202100056284;4;1;2021;18:15;5;94;94052;2;1;1;6;COULMIERS (R DE);48,8419964227;2,4915860965
202100056285;4;1;2021;14:40;1;94;94046;2;1;1;3;GENERAL LECLERC (AV DU);48,8099830000;2,4337490000
202100056290;4;1;2021;08:10;2;93;93055;2;3;1;3;JULES AUFFRET (1/49 ET 2/54);48,8874996701;2,4103069848
202100056300;4;1;2021;17:05;2;34;34111;2;6;1;3;rond point de l'Europe;43,9322540000;3,7112870000
202100056307;4;1;2021;14:50;1;47;47283;2;1;1;2;8 Avenue Principale;44,4731980000;0,9397440000
202100056312;4;1;2021;16:40;1;24;24520;2;1;1;3;RD 704;44,8750500000;1,2246860000
202100056317;2;1;2021;18:30;5;44;44168;2;1;1;3;16 Rue Louis Pasteur;47,3777890000; -2,1976410000
202100056346;3;1;2021;18:20;5;94;94043;2;1;1;7;FONTAINEBLEAU (AV DE);48,8104900000;2,3619400000
202100056362;4;1;2021;08:20;1;64;64138;2;3;1;1;Impasse Cap-sus;43,2309460000; -0,2765840000
202100056404;1;1;2021;16:55;5;54;54395;2;2;1;3;MOUILLERON (RUE GABRIEL);48,6849869839;6,1760189384
202100056424;2;1;2021;15:40;1;75;75110;2;1;8;3;RUE DES ECLUSES SAINT MARTIN;48,8769050000;2,3665940000
202100056508;1;1;2021;12:20;1;64;64400;1;1;1;7;chemin d'Arribe;43,1465730000; -0,1955440000